# Blender v2.93.5 OBJ File: 'Blender.blend'
# www.blender.org
mtllib shop_catalog.mtl
o catalog
v -0.013017 0.002430 0.085000
v -0.013017 0.219283 0.085000
v -0.013017 0.002430 -0.086430
v -0.013017 0.219283 -0.085000
v 0.018402 0.002430 0.085000
v 0.018402 0.219283 0.085000
v 0.018402 0.002430 -0.085000
v 0.018402 0.219283 -0.085000
vt 0.424025 0.000000
vt 0.424025 0.536379
vt 0.003536 0.536379
vt 0.000000 0.000000
vt 0.922287 0.000000
vt 0.922247 0.536388
vt 0.844554 0.536388
vt 0.844514 0.000012
vt 0.844514 0.536379
vt 0.424025 0.536379
vt 0.424025 0.000000
vt 1.000000 0.000000
vt 1.000000 0.536379
vt 0.922287 0.536379
vt 0.922287 0.000000
vt 0.000000 0.536379
vt 0.077713 0.539915
vt 0.077713 0.960404
vt 0.000000 0.960404
vt 0.077713 0.536379
vt 0.155426 0.536379
vt 0.155426 0.956868
vt 0.077713 0.956868
vn -1.0000 0.0000 0.0000
vn 0.0227 0.0033 -0.9997
vn 1.0000 0.0000 0.0000
vn 0.0000 0.0000 1.0000
vn 0.0000 -1.0000 0.0000
vn 0.0000 1.0000 0.0000
usemtl ShopCatalog
s off
f 1/1/1 2/2/1 4/3/1 3/4/1
f 3/5/2 4/6/2 8/7/2 7/8/2
f 7/8/3 8/9/3 6/10/3 5/11/3
f 5/12/4 6/13/4 2/14/4 1/15/4
f 3/16/5 7/17/5 5/18/5 1/19/5
f 8/20/6 4/21/6 2/22/6 6/23/6
o stand
v 0.031400 0.008686 -0.082104
v 0.031400 0.008380 -0.084062
v 0.031400 0.008073 -0.084863
v 0.031400 0.007664 -0.085544
v 0.031400 0.007153 -0.086106
v 0.031400 0.006645 -0.086494
v 0.031400 0.005944 -0.086872
v 0.031400 0.004877 -0.087190
v 0.031400 0.003658 -0.087296
v 0.031400 -0.003517 -0.086072
v 0.031400 -0.003981 -0.085911
v 0.031400 -0.004423 -0.085731
v 0.031400 -0.004844 -0.085533
v 0.031400 -0.005244 -0.085317
v 0.031400 -0.005978 -0.084828
v 0.031400 -0.006626 -0.084266
v 0.031400 -0.006918 -0.083958
v 0.031400 -0.007187 -0.083633
v 0.031400 -0.007433 -0.083295
v 0.031400 -0.007655 -0.082944
v 0.031400 -0.007854 -0.082580
v 0.031400 -0.008030 -0.082203
v 0.031400 -0.008311 -0.081408
v 0.031400 -0.008592 -0.079660
v 0.031400 -0.008508 -0.077867
v 0.031400 -0.008337 -0.077107
v 0.031400 -0.008082 -0.076443
v 0.031400 -0.007741 -0.075875
v 0.031400 -0.007316 -0.075404
v 0.031400 -0.007071 -0.075204
v 0.031400 -0.017595 -0.073365
v 0.031400 -0.017595 -0.067575
v 0.031400 0.008256 -0.072139
v 0.031400 0.008256 -0.077384
v 0.031400 0.007337 -0.077214
v 0.031400 0.007933 -0.078085
v 0.031400 0.008235 -0.078743
v 0.031400 0.008614 -0.080247
v 0.031400 0.008661 -0.080662
v 0.031400 0.008689 -0.081093
v 0.031400 -0.003695 -0.078155
v 0.031400 -0.003682 -0.078311
v 0.031400 -0.003661 -0.078466
v 0.031400 -0.003631 -0.078618
v 0.031400 -0.003592 -0.078768
v 0.031400 -0.003546 -0.078917
v 0.031400 -0.003490 -0.079064
v 0.031400 -0.003426 -0.079208
v 0.031400 -0.003086 -0.079768
v 0.031400 -0.002864 -0.080024
v 0.031400 -0.002741 -0.080139
v 0.031400 -0.002609 -0.080245
v 0.031400 -0.002468 -0.080343
v 0.031400 -0.001821 -0.080650
v 0.031400 0.001621 -0.081278
v 0.031400 0.002332 -0.081289
v 0.031400 0.002597 -0.081224
v 0.031400 0.003058 -0.080994
v 0.031400 0.003342 -0.080780
v 0.031400 0.003503 -0.080596
v 0.031400 0.003631 -0.080377
v 0.031400 0.003728 -0.080122
v 0.031400 0.003824 -0.079503
v 0.031400 0.003775 -0.078517
v 0.031400 0.003681 -0.078063
v 0.031400 0.003539 -0.077677
v 0.031400 0.003349 -0.077359
v 0.031400 0.003113 -0.077109
v 0.031400 0.002977 -0.077010
v 0.031400 -0.002745 -0.075988
v 0.031400 -0.003037 -0.076176
v 0.031400 -0.003162 -0.076292
v 0.031400 -0.003374 -0.076568
v 0.031400 -0.003533 -0.076903
v 0.031400 -0.003639 -0.077297
v 0.031400 -0.003672 -0.077516
v 0.031400 0.008689 -0.061871
v 0.031400 0.008633 -0.062421
v 0.031400 0.008555 -0.062947
v 0.031400 0.008455 -0.063447
v 0.031400 0.008333 -0.063922
v 0.031400 0.008021 -0.064797
v 0.031400 0.007621 -0.065572
v 0.031400 0.007132 -0.066247
v 0.031400 0.006685 -0.066694
v 0.031400 0.006182 -0.067060
v 0.031400 0.005910 -0.067213
v 0.031400 0.005625 -0.067345
v 0.031400 0.005326 -0.067457
v 0.031400 0.004686 -0.067620
v 0.031400 0.003992 -0.067701
v 0.031400 0.003624 -0.067711
v 0.031400 0.003498 -0.067710
v 0.031400 0.002841 -0.067669
v 0.031400 -0.003669 -0.066395
v 0.031400 -0.004638 -0.065988
v 0.031400 -0.005489 -0.065485
v 0.031400 -0.006224 -0.064887
v 0.031400 -0.006840 -0.064194
v 0.031400 -0.007344 -0.063406
v 0.031400 -0.008094 -0.061564
v 0.031400 -0.008510 -0.059370
v 0.031400 -0.008593 -0.056849
v 0.031400 -0.008343 -0.054567
v 0.031400 -0.007761 -0.052755
v 0.031400 -0.007105 -0.051703
v 0.031400 -0.006699 -0.051287
v 0.031400 -0.006231 -0.050946
v 0.031400 -0.005700 -0.050681
v 0.031400 -0.005107 -0.050492
v 0.031400 -0.003733 -0.050341
v 0.031400 0.003066 -0.051474
v 0.031400 0.004940 -0.052265
v 0.031400 0.005736 -0.052808
v 0.031400 0.006438 -0.053450
v 0.031400 0.007047 -0.054189
v 0.031400 0.007562 -0.055028
v 0.031400 0.008311 -0.056999
v 0.031400 0.008686 -0.059365
v 0.031400 0.001695 -0.061666
v 0.031400 0.002265 -0.061679
v 0.031400 0.002542 -0.061633
v 0.031400 0.002933 -0.061486
v 0.031400 0.003351 -0.061240
v 0.031400 0.003455 -0.061161
v 0.031400 0.003549 -0.061074
v 0.031400 0.003635 -0.060977
v 0.031400 0.003778 -0.060755
v 0.031400 0.003886 -0.060497
v 0.031400 0.003958 -0.060202
v 0.031400 0.003994 -0.059508
v 0.031400 0.003872 -0.058830
v 0.031400 0.003749 -0.058520
v 0.031400 0.003587 -0.058231
v 0.031400 0.003141 -0.057713
v 0.031400 0.002570 -0.057304
v 0.031400 0.001890 -0.057016
v 0.031400 -0.001494 -0.056399
v 0.031400 -0.002293 -0.056382
v 0.031400 -0.002477 -0.056418
v 0.031400 -0.002857 -0.056566
v 0.031400 -0.003256 -0.056812
v 0.031400 -0.003443 -0.056978
v 0.031400 -0.003597 -0.057181
v 0.031400 -0.003716 -0.057421
v 0.031400 -0.003801 -0.057698
v 0.031400 -0.003852 -0.058011
v 0.031400 -0.003848 -0.058721
v 0.031400 -0.003784 -0.059060
v 0.031400 -0.003678 -0.059379
v 0.031400 -0.003529 -0.059679
v 0.031400 -0.003337 -0.059958
v 0.031400 -0.002838 -0.060453
v 0.031400 -0.002099 -0.060907
v 0.031400 -0.001426 -0.061134
v 0.031400 -0.003758 -0.047361
v 0.031400 -0.003682 -0.047846
v 0.031400 -0.003531 -0.048292
v 0.031400 -0.003426 -0.048501
v 0.031400 -0.007275 -0.048331
v 0.031400 -0.008013 -0.047215
v 0.031400 -0.008456 -0.046000
v 0.031400 -0.008604 -0.044687
v 0.031400 -0.008496 -0.043271
v 0.031400 -0.008172 -0.042113
v 0.031400 -0.007929 -0.041631
v 0.031400 -0.007633 -0.041213
v 0.031400 -0.007282 -0.040859
v 0.031400 -0.006878 -0.040569
v 0.031400 -0.006419 -0.040344
v 0.031400 -0.005907 -0.040183
v 0.031400 -0.005341 -0.040087
v 0.031400 -0.003891 -0.040101
v 0.031400 0.001546 -0.041017
v 0.031400 0.002421 -0.041030
v 0.031400 0.002875 -0.040935
v 0.031400 0.003068 -0.040851
v 0.031400 0.003238 -0.040744
v 0.031400 0.003386 -0.040612
v 0.031400 0.003510 -0.040457
v 0.031400 0.003613 -0.040278
v 0.031400 0.003692 -0.040075
v 0.031400 0.003749 -0.039848
v 0.031400 0.003794 -0.039322
v 0.031400 0.003762 -0.038770
v 0.031400 0.003666 -0.038261
v 0.031400 0.003505 -0.037794
v 0.031400 0.003280 -0.037369
v 0.031400 0.002990 -0.036988
v 0.031400 0.002636 -0.036649
v 0.031400 -0.008127 -0.034741
v 0.031400 -0.008127 -0.028951
v 0.031400 0.017725 -0.033515
v 0.031400 0.017725 -0.039305
v 0.031400 0.006723 -0.037364
v 0.031400 0.007337 -0.038015
v 0.031400 0.007840 -0.038719
v 0.031400 0.008231 -0.039475
v 0.031400 0.008510 -0.040285
v 0.031400 0.008677 -0.041148
v 0.031400 0.008733 -0.042064
v 0.031400 0.008563 -0.044089
v 0.031400 0.008350 -0.044900
v 0.031400 0.008052 -0.045576
v 0.031400 0.007669 -0.046118
v 0.031400 0.007445 -0.046339
v 0.031400 0.006853 -0.046744
v 0.031400 0.006674 -0.046839
v 0.031400 0.006493 -0.046923
v 0.031400 0.006307 -0.046998
v 0.031400 0.006119 -0.047062
v 0.031400 0.005732 -0.047162
v 0.031400 0.004918 -0.047241
v 0.031400 -0.002669 -0.046092
v 0.031400 -0.002994 -0.046090
v 0.031400 -0.003250 -0.046147
v 0.031400 -0.003358 -0.046197
v 0.031400 -0.003454 -0.046261
v 0.031400 -0.003537 -0.046339
v 0.031400 -0.003607 -0.046431
v 0.031400 -0.003665 -0.046537
v 0.031400 -0.003710 -0.046658
v 0.031400 -0.003761 -0.046942
v 0.031400 -0.001520 -0.013784
v 0.031400 -0.001863 -0.013854
v 0.031400 -0.002173 -0.013972
v 0.031400 -0.002450 -0.014137
v 0.031400 -0.002695 -0.014349
v 0.031400 -0.002907 -0.014607
v 0.031400 -0.003087 -0.014913
v 0.031400 -0.003348 -0.015667
v 0.031400 -0.003478 -0.016608
v 0.031400 -0.003363 -0.018632
v 0.031400 -0.003128 -0.019385
v 0.031400 -0.002967 -0.019691
v 0.031400 -0.002776 -0.019950
v 0.031400 -0.002556 -0.020162
v 0.031400 -0.002307 -0.020326
v 0.031400 -0.002028 -0.020444
v 0.031400 -0.001720 -0.020515
v 0.031400 -0.001383 -0.020538
v 0.031400 -0.001020 -0.020506
v 0.031400 -0.000679 -0.020409
v 0.031400 -0.000361 -0.020249
v 0.031400 -0.000066 -0.020023
v 0.031400 0.000207 -0.019734
v 0.031400 0.000907 -0.018553
v 0.031400 0.002865 -0.012994
v 0.031400 0.003115 -0.012471
v 0.031400 0.003405 -0.011976
v 0.031400 0.003564 -0.011738
v 0.031400 0.004731 -0.010456
v 0.031400 0.005198 -0.010103
v 0.031400 0.005445 -0.009950
v 0.031400 0.005702 -0.009813
v 0.031400 0.006242 -0.009588
v 0.031400 0.007434 -0.009331
v 0.031400 0.009451 -0.009375
v 0.031400 0.010698 -0.009604
v 0.031400 0.011826 -0.009986
v 0.031400 0.012835 -0.010521
v 0.031400 0.013726 -0.011208
v 0.031400 0.014498 -0.012049
v 0.031400 0.015151 -0.013042
v 0.031400 0.016101 -0.015487
v 0.031400 0.016576 -0.018543
v 0.031400 0.016593 -0.021585
v 0.031400 0.016256 -0.023829
v 0.031400 0.015961 -0.024788
v 0.031400 0.015782 -0.025227
v 0.031400 0.015582 -0.025638
v 0.031400 0.015119 -0.026379
v 0.031400 0.014581 -0.027009
v 0.031400 0.013978 -0.027524
v 0.031400 0.013310 -0.027925
v 0.031400 0.012576 -0.028211
v 0.031400 0.011777 -0.028383
v 0.031400 0.010913 -0.028440
v 0.031400 0.009634 -0.028327
v 0.031400 0.009326 -0.028263
v 0.031400 0.009173 -0.028225
v 0.031400 0.009022 -0.028185
v 0.031400 0.008736 -0.028099
v 0.031400 0.008479 -0.028012
v 0.031400 0.007885 -0.027747
v 0.031400 0.007337 -0.027384
v 0.031400 0.007337 -0.021356
v 0.031400 0.007609 -0.021585
v 0.031400 0.007904 -0.021772
v 0.031400 0.008222 -0.021918
v 0.031400 0.008926 -0.022084
v 0.031400 0.009666 -0.022085
v 0.031400 0.009988 -0.022024
v 0.031400 0.010281 -0.021924
v 0.031400 0.010542 -0.021783
v 0.031400 0.010773 -0.021602
v 0.031400 0.010972 -0.021381
v 0.031400 0.011142 -0.021120
v 0.031400 0.011388 -0.020476
v 0.031400 0.011511 -0.019672
v 0.031400 0.011510 -0.018628
v 0.031400 0.011462 -0.018096
v 0.031400 0.011381 -0.017615
v 0.031400 0.011124 -0.016806
v 0.031400 0.010947 -0.016477
v 0.031400 0.010738 -0.016198
v 0.031400 0.010497 -0.015970
v 0.031400 0.010223 -0.015793
v 0.031400 0.009917 -0.015667
v 0.031400 0.009580 -0.015591
v 0.031400 0.009210 -0.015565
v 0.031400 0.008837 -0.015598
v 0.031400 0.008491 -0.015694
v 0.031400 0.008171 -0.015855
v 0.031400 0.007878 -0.016080
v 0.031400 0.007611 -0.016370
v 0.031400 0.006949 -0.017550
v 0.031400 0.005113 -0.023396
v 0.031400 0.004556 -0.024395
v 0.031400 0.004214 -0.024852
v 0.031400 0.003403 -0.025681
v 0.031400 0.002932 -0.026035
v 0.031400 0.002417 -0.026325
v 0.031400 0.001857 -0.026550
v 0.031400 0.000604 -0.026807
v 0.031400 -0.001468 -0.026767
v 0.031400 -0.002724 -0.026552
v 0.031400 -0.003856 -0.026192
v 0.031400 -0.004865 -0.025689
v 0.031400 -0.005749 -0.025042
v 0.031400 -0.006144 -0.024664
v 0.031400 -0.006843 -0.023800
v 0.031400 -0.007425 -0.022782
v 0.031400 -0.007673 -0.022215
v 0.031400 -0.007891 -0.021609
v 0.031400 -0.008240 -0.020280
v 0.031400 -0.008589 -0.017158
v 0.031400 -0.008484 -0.013803
v 0.031400 -0.008272 -0.012387
v 0.031400 -0.008127 -0.011751
v 0.031400 -0.007955 -0.011161
v 0.031400 -0.007531 -0.010124
v 0.031400 -0.007001 -0.009277
v 0.031400 -0.006696 -0.008924
v 0.031400 -0.006189 -0.008476
v 0.031400 -0.005315 -0.007957
v 0.031400 -0.004656 -0.007713
v 0.031400 -0.003937 -0.007551
v 0.031400 -0.002258 -0.007472
v 0.031400 -0.000123 -0.007766
v 0.031400 -0.000123 -0.013896
v 0.031400 -0.001099 -0.013761
v 0.031400 0.004714 -0.005688
v 0.031400 0.003983 -0.005612
v 0.031400 0.003291 -0.005385
v 0.031400 0.002636 -0.005007
v 0.031400 0.002636 0.000579
v 0.031400 0.002712 0.000496
v 0.031400 0.002803 0.000428
v 0.031400 0.002909 0.000375
v 0.031400 0.003096 0.000324
v 0.031400 0.003317 0.000307
v 0.031400 0.003544 0.000341
v 0.031400 0.003682 0.000401
v 0.031400 0.003810 0.000492
v 0.031400 0.003927 0.000613
v 0.031400 0.004034 0.000764
v 0.031400 0.004172 0.001042
v 0.031400 0.004301 0.001473
v 0.031400 0.004365 0.001973
v 0.031400 0.004275 0.003366
v 0.031400 0.004101 0.003933
v 0.031400 0.003982 0.004164
v 0.031400 0.003840 0.004359
v 0.031400 0.003677 0.004519
v 0.031400 0.003492 0.004643
v 0.031400 0.003285 0.004731
v 0.031400 0.003057 0.004785
v 0.031400 0.002807 0.004802
v 0.031400 0.002612 0.004776
v 0.031400 0.002436 0.004696
v 0.031400 0.002355 0.004637
v 0.031400 0.002279 0.004564
v 0.031400 0.002140 0.004379
v 0.031400 0.002021 0.004140
v 0.031400 0.001921 0.003849
v 0.031400 0.000984 -0.001192
v 0.031400 0.000699 -0.002055
v 0.031400 0.000273 -0.002827
v 0.031400 -0.000293 -0.003508
v 0.031400 -0.000629 -0.003800
v 0.031400 -0.001001 -0.004038
v 0.031400 -0.001408 -0.004223
v 0.031400 -0.001852 -0.004356
v 0.031400 -0.002847 -0.004462
v 0.031400 -0.003752 -0.004399
v 0.031400 -0.004581 -0.004210
v 0.031400 -0.005334 -0.003896
v 0.031400 -0.005682 -0.003691
v 0.031400 -0.006322 -0.003188
v 0.031400 -0.006885 -0.002559
v 0.031400 -0.007373 -0.001805
v 0.031400 -0.007780 -0.000936
v 0.031400 -0.008349 0.001147
v 0.031400 -0.008516 0.006395
v 0.031400 -0.008128 0.008559
v 0.031400 -0.007818 0.009426
v 0.031400 -0.007430 0.010149
v 0.031400 -0.007207 0.010456
v 0.031400 -0.007020 0.010674
v 0.031400 -0.006821 0.010873
v 0.031400 -0.006611 0.011052
v 0.031400 -0.006390 0.011213
v 0.031400 -0.006157 0.011355
v 0.031400 -0.005657 0.011582
v 0.031400 -0.005112 0.011734
v 0.031400 -0.004119 0.011818
v 0.031400 -0.003182 0.011733
v 0.031400 -0.003018 0.006029
v 0.031400 -0.003249 0.006019
v 0.031400 -0.003394 0.005964
v 0.031400 -0.003533 0.005870
v 0.031400 -0.003666 0.005738
v 0.031400 -0.003852 0.005467
v 0.031400 -0.004051 0.004980
v 0.031400 -0.004170 0.004362
v 0.031400 -0.004181 0.002869
v 0.031400 -0.004165 0.002707
v 0.031400 -0.004146 0.002554
v 0.031400 -0.004123 0.002412
v 0.031400 -0.004096 0.002278
v 0.031400 -0.004032 0.002040
v 0.031400 -0.003995 0.001935
v 0.031400 -0.003954 0.001839
v 0.031400 -0.003798 0.001601
v 0.031400 -0.003662 0.001480
v 0.031400 -0.003500 0.001389
v 0.031400 -0.003313 0.001328
v 0.031400 -0.003100 0.001298
v 0.031400 -0.002906 0.001301
v 0.031400 -0.002698 0.001400
v 0.031400 -0.002579 0.001533
v 0.031400 -0.002526 0.001619
v 0.031400 -0.002477 0.001718
v 0.031400 -0.002431 0.001831
v 0.031400 -0.002390 0.001957
v 0.031400 -0.001497 0.007567
v 0.031400 -0.001179 0.008416
v 0.031400 -0.000569 0.009343
v 0.031400 0.000087 0.009964
v 0.031400 0.000468 0.010203
v 0.031400 0.000882 0.010388
v 0.031400 0.001331 0.010521
v 0.031400 0.002330 0.010627
v 0.031400 0.003323 0.010560
v 0.031400 0.004237 0.010360
v 0.031400 0.005072 0.010026
v 0.031400 0.005827 0.009559
v 0.031400 0.006502 0.008959
v 0.031400 0.007098 0.008225
v 0.031400 0.007608 0.007366
v 0.031400 0.008350 0.005292
v 0.031400 0.008721 0.002745
v 0.031400 0.008767 0.001294
v 0.031400 0.008739 0.000179
v 0.031400 0.008654 -0.000839
v 0.031400 0.008514 -0.001760
v 0.031400 0.008063 -0.003312
v 0.031400 0.007754 -0.003942
v 0.031400 0.007388 -0.004476
v 0.031400 0.006966 -0.004912
v 0.031400 0.006487 -0.005252
v 0.031400 0.005952 -0.005494
v 0.031400 0.005361 -0.005640
v 0.031400 0.011764 0.012125
v 0.031400 0.011764 0.015599
v 0.031400 0.019802 0.014339
v 0.031400 0.019802 0.010490
v 0.031400 -0.002881 0.023501
v 0.031400 -0.003152 0.023476
v 0.031400 -0.003269 0.023445
v 0.031400 -0.003373 0.023401
v 0.031400 -0.003466 0.023345
v 0.031400 -0.003546 0.023276
v 0.031400 -0.003613 0.023194
v 0.031400 -0.003669 0.023100
v 0.031400 -0.003712 0.022994
v 0.031400 -0.003742 0.022875
v 0.031400 -0.003767 0.022599
v 0.031400 -0.003765 0.022450
v 0.031400 -0.003758 0.022306
v 0.031400 -0.003746 0.022166
v 0.031400 -0.003729 0.022029
v 0.031400 -0.003616 0.021524
v 0.031400 -0.003426 0.021083
v 0.031400 -0.007275 0.021253
v 0.031400 -0.008013 0.022389
v 0.031400 -0.008456 0.023615
v 0.031400 -0.008521 0.023936
v 0.031400 -0.008567 0.024262
v 0.031400 -0.008594 0.024594
v 0.031400 -0.008604 0.024932
v 0.031400 -0.008528 0.026088
v 0.031400 -0.008301 0.027059
v 0.031400 -0.007922 0.027844
v 0.031400 -0.007676 0.028167
v 0.031400 -0.007393 0.028444
v 0.031400 -0.007071 0.028674
v 0.031400 -0.006711 0.028858
v 0.031400 -0.005879 0.029087
v 0.031400 -0.006711 0.029699
v 0.031400 -0.007393 0.030400
v 0.031400 -0.007922 0.031190
v 0.031400 -0.008130 0.031619
v 0.031400 -0.008433 0.032542
v 0.031400 -0.008585 0.033554
v 0.031400 -0.008570 0.034986
v 0.031400 -0.008303 0.036538
v 0.031400 -0.008070 0.037197
v 0.031400 -0.007770 0.037779
v 0.031400 -0.007403 0.038283
v 0.031400 -0.006969 0.038710
v 0.031400 -0.006469 0.039059
v 0.031400 -0.005902 0.039331
v 0.031400 -0.005269 0.039525
v 0.031400 -0.004568 0.039641
v 0.031400 -0.003801 0.039680
v 0.031400 -0.003524 0.039675
v 0.031400 -0.003237 0.039661
v 0.031400 -0.002941 0.039637
v 0.031400 -0.001996 0.039510
v 0.031400 0.001989 0.038794
v 0.031400 0.003444 0.038433
v 0.031400 0.005142 0.037678
v 0.031400 0.006235 0.036904
v 0.031400 0.006877 0.036291
v 0.031400 0.007433 0.035596
v 0.031400 0.007889 0.034817
v 0.031400 0.008243 0.033954
v 0.031400 0.008496 0.033006
v 0.031400 0.008699 0.030858
v 0.031400 0.008597 0.029526
v 0.031400 0.008290 0.028391
v 0.031400 0.008060 0.027897
v 0.031400 0.007779 0.027452
v 0.031400 0.017725 0.025715
v 0.031400 0.017725 0.019891
v 0.031400 -0.001477 0.033621
v 0.031400 -0.001761 0.033644
v 0.031400 -0.002098 0.033651
v 0.031400 -0.002370 0.033619
v 0.031400 -0.002549 0.033563
v 0.031400 -0.002728 0.033477
v 0.031400 -0.002817 0.033424
v 0.031400 -0.002906 0.033364
v 0.031400 -0.002995 0.033296
v 0.031400 -0.003255 0.033050
v 0.031400 -0.003332 0.032951
v 0.031400 -0.003464 0.032722
v 0.031400 -0.003567 0.032455
v 0.031400 -0.003640 0.032149
v 0.031400 -0.003699 0.031420
v 0.031400 -0.003672 0.031026
v 0.031400 -0.003593 0.030650
v 0.031400 -0.003460 0.030292
v 0.031400 -0.003275 0.029952
v 0.031400 -0.002745 0.029326
v 0.031400 0.002977 0.028304
v 0.031400 0.003237 0.028457
v 0.031400 0.003450 0.028667
v 0.031400 0.003615 0.028934
v 0.031400 0.003734 0.029257
v 0.031400 0.003805 0.029638
v 0.031400 0.003828 0.030075
v 0.031400 0.003758 0.030889
v 0.031400 0.003548 0.031581
v 0.031400 0.003391 0.031882
v 0.031400 0.003198 0.032153
v 0.031400 0.002971 0.032393
v 0.031400 0.002708 0.032603
v 0.031400 0.002411 0.032783
v 0.031400 0.001710 0.033051
v 0.031400 0.008689 0.047325
v 0.031400 0.008555 0.046250
v 0.031400 0.008455 0.045749
v 0.031400 0.008333 0.045274
v 0.031400 0.008021 0.044399
v 0.031400 0.007621 0.043624
v 0.031400 0.007132 0.042950
v 0.031400 0.006440 0.042309
v 0.031400 0.005910 0.041983
v 0.031400 0.005326 0.041739
v 0.031400 0.004686 0.041577
v 0.031400 0.003992 0.041495
v 0.031400 0.003624 0.041485
v 0.031400 0.003370 0.041490
v 0.031400 0.003109 0.041504
v 0.031400 0.002841 0.041528
v 0.031400 -0.003669 0.042802
v 0.031400 -0.004638 0.043208
v 0.031400 -0.005489 0.043711
v 0.031400 -0.006224 0.044309
v 0.031400 -0.006840 0.045002
v 0.031400 -0.007344 0.045790
v 0.031400 -0.008094 0.047632
v 0.031400 -0.008510 0.049827
v 0.031400 -0.008593 0.052347
v 0.031400 -0.008562 0.052961
v 0.031400 -0.008510 0.053546
v 0.031400 -0.008437 0.054102
v 0.031400 -0.008343 0.054629
v 0.031400 -0.007761 0.056442
v 0.031400 -0.007105 0.057493
v 0.031400 -0.006699 0.057909
v 0.031400 -0.006231 0.058250
v 0.031400 -0.005700 0.058515
v 0.031400 -0.005107 0.058704
v 0.031400 -0.003733 0.058856
v 0.031400 -0.002907 0.058813
v 0.031400 -0.002613 0.058780
v 0.031400 0.003066 0.057722
v 0.031400 0.004940 0.056931
v 0.031400 0.005736 0.056388
v 0.031400 0.006438 0.055747
v 0.031400 0.007047 0.055007
v 0.031400 0.007562 0.054169
v 0.031400 0.008311 0.052197
v 0.031400 0.008686 0.049832
v 0.031400 0.001556 0.047544
v 0.031400 0.002356 0.047526
v 0.031400 0.002542 0.047563
v 0.031400 0.002933 0.047710
v 0.031400 0.003351 0.047956
v 0.031400 0.003549 0.048122
v 0.031400 0.003635 0.048219
v 0.031400 0.003778 0.048441
v 0.031400 0.003886 0.048699
v 0.031400 0.003958 0.048994
v 0.031400 0.003994 0.049688
v 0.031400 0.003872 0.050366
v 0.031400 0.003749 0.050676
v 0.031400 0.003587 0.050965
v 0.031400 0.003141 0.051483
v 0.031400 0.003009 0.051597
v 0.031400 0.002869 0.051703
v 0.031400 0.002723 0.051801
v 0.031400 0.002570 0.051892
v 0.031400 0.001890 0.052180
v 0.031400 -0.001708 0.052815
v 0.031400 -0.002204 0.052824
v 0.031400 -0.002384 0.052799
v 0.031400 -0.002664 0.052716
v 0.031400 -0.002857 0.052630
v 0.031400 -0.002955 0.052578
v 0.031400 -0.003256 0.052384
v 0.031400 -0.003443 0.052218
v 0.031400 -0.003597 0.052015
v 0.031400 -0.003716 0.051775
v 0.031400 -0.003801 0.051499
v 0.031400 -0.003852 0.051185
v 0.031400 -0.003848 0.050475
v 0.031400 -0.003784 0.050136
v 0.031400 -0.003678 0.049817
v 0.031400 -0.003529 0.049517
v 0.031400 -0.003337 0.049238
v 0.031400 -0.002838 0.048744
v 0.031400 -0.002099 0.048289
v 0.031400 -0.001426 0.048062
v 0.031400 0.016396 0.077214
v 0.031400 0.004646 0.073569
v 0.031400 0.016396 0.065736
v 0.031400 0.016396 0.059298
v 0.031400 -0.008127 0.063624
v 0.031400 -0.008127 0.069789
v 0.031400 0.005702 0.067337
v 0.031400 -0.002541 0.072582
v 0.031400 -0.002541 0.077044
v 0.031400 0.005702 0.079360
v 0.031400 -0.008127 0.081812
v 0.031400 -0.008127 0.087943
v 0.031400 0.016396 0.083617
v 0.026400 0.008686 -0.082104
v 0.026400 0.008380 -0.084062
v 0.026400 0.008073 -0.084863
v 0.026400 0.007664 -0.085544
v 0.026400 0.007153 -0.086106
v 0.026400 0.006645 -0.086494
v 0.026400 0.005944 -0.086872
v 0.026400 0.004877 -0.087190
v 0.026400 0.004586 -0.087236
v 0.026400 0.003658 -0.087296
v 0.026400 -0.003517 -0.086072
v 0.026400 -0.003981 -0.085911
v 0.026400 -0.004423 -0.085731
v 0.026400 -0.004844 -0.085533
v 0.026400 -0.005244 -0.085317
v 0.026400 -0.005978 -0.084828
v 0.026400 -0.006626 -0.084266
v 0.026400 -0.006918 -0.083958
v 0.026400 -0.007187 -0.083633
v 0.026400 -0.007433 -0.083295
v 0.026400 -0.007655 -0.082944
v 0.026400 -0.007854 -0.082580
v 0.026400 -0.008030 -0.082203
v 0.026400 -0.008311 -0.081408
v 0.026400 -0.008592 -0.079660
v 0.026400 -0.008508 -0.077867
v 0.026400 -0.008337 -0.077107
v 0.026400 -0.008082 -0.076443
v 0.026400 -0.007741 -0.075875
v 0.026400 -0.007316 -0.075404
v 0.026400 -0.007071 -0.075204
v 0.026400 -0.017595 -0.073365
v 0.026400 -0.017595 -0.067575
v 0.026400 0.008256 -0.072139
v 0.026400 0.008256 -0.077384
v 0.026400 0.007337 -0.077214
v 0.026400 0.007933 -0.078085
v 0.026400 0.008235 -0.078743
v 0.026400 0.008614 -0.080247
v 0.026400 0.008661 -0.080662
v 0.026400 0.008689 -0.081093
v 0.026400 -0.003695 -0.078155
v 0.026400 -0.003682 -0.078311
v 0.026400 -0.003661 -0.078466
v 0.026400 -0.003631 -0.078618
v 0.026400 -0.003592 -0.078768
v 0.026400 -0.003546 -0.078917
v 0.026400 -0.003490 -0.079064
v 0.026400 -0.003426 -0.079208
v 0.026400 -0.003086 -0.079768
v 0.026400 -0.002864 -0.080024
v 0.026400 -0.002741 -0.080139
v 0.026400 -0.002609 -0.080245
v 0.026400 -0.002468 -0.080343
v 0.026400 -0.001821 -0.080650
v 0.026400 0.001621 -0.081278
v 0.026400 0.002332 -0.081289
v 0.026400 0.002597 -0.081224
v 0.026400 0.003058 -0.080994
v 0.026400 0.003342 -0.080780
v 0.026400 0.003503 -0.080596
v 0.026400 0.003631 -0.080377
v 0.026400 0.003728 -0.080122
v 0.026400 0.003824 -0.079503
v 0.026400 0.003822 -0.079039
v 0.026400 0.003775 -0.078517
v 0.026400 0.003734 -0.078281
v 0.026400 0.003681 -0.078063
v 0.026400 0.003539 -0.077677
v 0.026400 0.003349 -0.077359
v 0.026400 0.003113 -0.077109
v 0.026400 0.002977 -0.077010
v 0.026400 -0.002745 -0.075988
v 0.026400 -0.003037 -0.076176
v 0.026400 -0.003162 -0.076292
v 0.026400 -0.003374 -0.076568
v 0.026400 -0.003533 -0.076903
v 0.026400 -0.003639 -0.077297
v 0.026400 0.008689 -0.061871
v 0.026400 0.008633 -0.062421
v 0.026400 0.008555 -0.062947
v 0.026400 0.008455 -0.063447
v 0.026400 0.008333 -0.063922
v 0.026400 0.008021 -0.064797
v 0.026400 0.007621 -0.065572
v 0.026400 0.007132 -0.066247
v 0.026400 0.006685 -0.066694
v 0.026400 0.006182 -0.067060
v 0.026400 0.005910 -0.067213
v 0.026400 0.005625 -0.067345
v 0.026400 0.005326 -0.067457
v 0.026400 0.004686 -0.067620
v 0.026400 0.003992 -0.067701
v 0.026400 0.002841 -0.067669
v 0.026400 -0.003669 -0.066395
v 0.026400 -0.004638 -0.065988
v 0.026400 -0.005489 -0.065485
v 0.026400 -0.006224 -0.064887
v 0.026400 -0.006840 -0.064194
v 0.026400 -0.007344 -0.063406
v 0.026400 -0.008094 -0.061564
v 0.026400 -0.008510 -0.059370
v 0.026400 -0.008593 -0.056849
v 0.026400 -0.008343 -0.054567
v 0.026400 -0.007761 -0.052755
v 0.026400 -0.007105 -0.051703
v 0.026400 -0.006699 -0.051287
v 0.026400 -0.006231 -0.050946
v 0.026400 -0.005700 -0.050681
v 0.026400 -0.005107 -0.050492
v 0.026400 -0.003733 -0.050341
v 0.026400 0.003066 -0.051474
v 0.026400 0.004940 -0.052265
v 0.026400 0.005736 -0.052808
v 0.026400 0.006438 -0.053450
v 0.026400 0.007047 -0.054189
v 0.026400 0.007562 -0.055028
v 0.026400 0.008311 -0.056999
v 0.026400 0.008686 -0.059365
v 0.026400 0.001624 -0.061659
v 0.026400 0.002265 -0.061679
v 0.026400 0.002542 -0.061633
v 0.026400 0.002933 -0.061486
v 0.026400 0.003351 -0.061240
v 0.026400 0.003549 -0.061074
v 0.026400 0.003635 -0.060977
v 0.026400 0.003778 -0.060755
v 0.026400 0.003886 -0.060497
v 0.026400 0.003958 -0.060202
v 0.026400 0.003999 -0.059690
v 0.026400 0.003994 -0.059508
v 0.026400 0.003978 -0.059331
v 0.026400 0.003872 -0.058830
v 0.026400 0.003749 -0.058520
v 0.026400 0.003587 -0.058231
v 0.026400 0.003141 -0.057713
v 0.026400 0.002570 -0.057304
v 0.026400 0.001890 -0.057016
v 0.026400 -0.001494 -0.056399
v 0.026400 -0.002293 -0.056382
v 0.026400 -0.002477 -0.056418
v 0.026400 -0.002857 -0.056566
v 0.026400 -0.003256 -0.056812
v 0.026400 -0.003443 -0.056978
v 0.026400 -0.003597 -0.057181
v 0.026400 -0.003716 -0.057421
v 0.026400 -0.003801 -0.057698
v 0.026400 -0.003852 -0.058011
v 0.026400 -0.003848 -0.058721
v 0.026400 -0.003784 -0.059060
v 0.026400 -0.003678 -0.059379
v 0.026400 -0.003529 -0.059679
v 0.026400 -0.003337 -0.059958
v 0.026400 -0.002838 -0.060453
v 0.026400 -0.002099 -0.060907
v 0.026400 -0.001426 -0.061134
v 0.026400 -0.003758 -0.047361
v 0.026400 -0.003682 -0.047846
v 0.026400 -0.003531 -0.048292
v 0.026400 -0.003426 -0.048501
v 0.026400 -0.007275 -0.048331
v 0.026400 -0.008013 -0.047215
v 0.026400 -0.008456 -0.046000
v 0.026400 -0.008604 -0.044687
v 0.026400 -0.008496 -0.043271
v 0.026400 -0.008172 -0.042113
v 0.026400 -0.007929 -0.041631
v 0.026400 -0.007633 -0.041213
v 0.026400 -0.007282 -0.040859
v 0.026400 -0.006878 -0.040569
v 0.026400 -0.006419 -0.040344
v 0.026400 -0.005907 -0.040183
v 0.026400 -0.005341 -0.040087
v 0.026400 -0.003891 -0.040101
v 0.026400 0.001546 -0.041017
v 0.026400 0.002421 -0.041030
v 0.026400 0.002875 -0.040935
v 0.026400 0.003068 -0.040851
v 0.026400 0.003238 -0.040744
v 0.026400 0.003386 -0.040612
v 0.026400 0.003510 -0.040457
v 0.026400 0.003613 -0.040278
v 0.026400 0.003692 -0.040075
v 0.026400 0.003749 -0.039848
v 0.026400 0.003794 -0.039322
v 0.026400 0.003762 -0.038770
v 0.026400 0.003666 -0.038261
v 0.026400 0.003505 -0.037794
v 0.026400 0.003280 -0.037369
v 0.026400 0.002990 -0.036988
v 0.026400 0.002636 -0.036649
v 0.026400 -0.008127 -0.034741
v 0.026400 -0.008127 -0.028951
v 0.026400 0.017725 -0.033515
v 0.026400 0.017725 -0.039305
v 0.026400 0.006723 -0.037364
v 0.026400 0.007337 -0.038015
v 0.026400 0.007840 -0.038719
v 0.026400 0.008231 -0.039475
v 0.026400 0.008510 -0.040285
v 0.026400 0.008677 -0.041148
v 0.026400 0.008733 -0.042064
v 0.026400 0.008563 -0.044089
v 0.026400 0.008350 -0.044900
v 0.026400 0.008052 -0.045576
v 0.026400 0.007669 -0.046118
v 0.026400 0.007445 -0.046339
v 0.026400 0.006853 -0.046744
v 0.026400 0.006674 -0.046839
v 0.026400 0.006493 -0.046923
v 0.026400 0.006307 -0.046998
v 0.026400 0.006119 -0.047062
v 0.026400 0.005732 -0.047162
v 0.026400 0.004918 -0.047241
v 0.026400 -0.002669 -0.046092
v 0.026400 -0.002994 -0.046090
v 0.026400 -0.003250 -0.046147
v 0.026400 -0.003358 -0.046197
v 0.026400 -0.003454 -0.046261
v 0.026400 -0.003537 -0.046339
v 0.026400 -0.003607 -0.046431
v 0.026400 -0.003665 -0.046537
v 0.026400 -0.003710 -0.046658
v 0.026400 -0.003761 -0.046942
v 0.026400 -0.001520 -0.013784
v 0.026400 -0.001863 -0.013854
v 0.026400 -0.002173 -0.013972
v 0.026400 -0.002450 -0.014137
v 0.026400 -0.002695 -0.014349
v 0.026400 -0.002907 -0.014607
v 0.026400 -0.003087 -0.014913
v 0.026400 -0.003348 -0.015667
v 0.026400 -0.003478 -0.016608
v 0.026400 -0.003363 -0.018632
v 0.026400 -0.003128 -0.019385
v 0.026400 -0.002967 -0.019691
v 0.026400 -0.002776 -0.019950
v 0.026400 -0.002556 -0.020162
v 0.026400 -0.002307 -0.020326
v 0.026400 -0.002028 -0.020444
v 0.026400 -0.001720 -0.020515
v 0.026400 -0.001383 -0.020538
v 0.026400 -0.001020 -0.020506
v 0.026400 -0.000679 -0.020409
v 0.026400 -0.000361 -0.020249
v 0.026400 -0.000066 -0.020023
v 0.026400 0.000207 -0.019734
v 0.026400 0.000907 -0.018553
v 0.026400 0.002865 -0.012994
v 0.026400 0.003115 -0.012471
v 0.026400 0.003405 -0.011976
v 0.026400 0.003564 -0.011738
v 0.026400 0.004731 -0.010456
v 0.026400 0.005198 -0.010103
v 0.026400 0.005445 -0.009950
v 0.026400 0.005702 -0.009813
v 0.026400 0.006242 -0.009588
v 0.026400 0.007434 -0.009331
v 0.026400 0.009451 -0.009375
v 0.026400 0.010698 -0.009604
v 0.026400 0.011826 -0.009986
v 0.026400 0.012835 -0.010521
v 0.026400 0.013726 -0.011208
v 0.026400 0.014498 -0.012049
v 0.026400 0.015151 -0.013042
v 0.026400 0.016101 -0.015487
v 0.026400 0.016576 -0.018543
v 0.026400 0.016593 -0.021585
v 0.026400 0.016256 -0.023829
v 0.026400 0.015961 -0.024788
v 0.026400 0.015782 -0.025227
v 0.026400 0.015582 -0.025638
v 0.026400 0.015119 -0.026379
v 0.026400 0.014581 -0.027009
v 0.026400 0.013978 -0.027524
v 0.026400 0.013310 -0.027925
v 0.026400 0.012576 -0.028211
v 0.026400 0.011777 -0.028383
v 0.026400 0.010913 -0.028440
v 0.026400 0.009634 -0.028327
v 0.026400 0.009326 -0.028263
v 0.026400 0.009173 -0.028225
v 0.026400 0.009022 -0.028185
v 0.026400 0.008736 -0.028099
v 0.026400 0.008479 -0.028012
v 0.026400 0.007885 -0.027747
v 0.026400 0.007337 -0.027384
v 0.026400 0.007337 -0.021356
v 0.026400 0.007609 -0.021585
v 0.026400 0.007904 -0.021772
v 0.026400 0.008222 -0.021918
v 0.026400 0.008926 -0.022084
v 0.026400 0.009666 -0.022085
v 0.026400 0.009988 -0.022024
v 0.026400 0.010281 -0.021924
v 0.026400 0.010542 -0.021783
v 0.026400 0.010773 -0.021602
v 0.026400 0.010972 -0.021381
v 0.026400 0.011142 -0.021120
v 0.026400 0.011388 -0.020476
v 0.026400 0.011511 -0.019672
v 0.026400 0.011510 -0.018628
v 0.026400 0.011462 -0.018096
v 0.026400 0.011381 -0.017615
v 0.026400 0.011124 -0.016806
v 0.026400 0.010947 -0.016477
v 0.026400 0.010738 -0.016198
v 0.026400 0.010497 -0.015970
v 0.026400 0.010223 -0.015793
v 0.026400 0.009917 -0.015667
v 0.026400 0.009580 -0.015591
v 0.026400 0.009210 -0.015565
v 0.026400 0.008837 -0.015598
v 0.026400 0.008491 -0.015694
v 0.026400 0.008171 -0.015855
v 0.026400 0.007878 -0.016080
v 0.026400 0.007611 -0.016370
v 0.026400 0.006949 -0.017550
v 0.026400 0.005113 -0.023396
v 0.026400 0.004556 -0.024395
v 0.026400 0.004214 -0.024852
v 0.026400 0.003403 -0.025681
v 0.026400 0.002932 -0.026035
v 0.026400 0.002417 -0.026325
v 0.026400 0.001857 -0.026550
v 0.026400 0.000604 -0.026807
v 0.026400 -0.001468 -0.026767
v 0.026400 -0.002724 -0.026552
v 0.026400 -0.003856 -0.026192
v 0.026400 -0.004865 -0.025689
v 0.026400 -0.005749 -0.025042
v 0.026400 -0.006144 -0.024664
v 0.026400 -0.006843 -0.023800
v 0.026400 -0.007425 -0.022782
v 0.026400 -0.007673 -0.022215
v 0.026400 -0.007891 -0.021609
v 0.026400 -0.008240 -0.020280
v 0.026400 -0.008589 -0.017158
v 0.026400 -0.008484 -0.013803
v 0.026400 -0.008272 -0.012387
v 0.026400 -0.008127 -0.011751
v 0.026400 -0.007955 -0.011161
v 0.026400 -0.007531 -0.010124
v 0.026400 -0.007001 -0.009277
v 0.026400 -0.006696 -0.008924
v 0.026400 -0.006189 -0.008476
v 0.026400 -0.005315 -0.007957
v 0.026400 -0.004656 -0.007713
v 0.026400 -0.003937 -0.007551
v 0.026400 -0.002258 -0.007472
v 0.026400 -0.000123 -0.007766
v 0.026400 -0.000123 -0.013896
v 0.026400 -0.001052 -0.013762
v 0.026400 0.004714 -0.005688
v 0.026400 0.003983 -0.005612
v 0.026400 0.003291 -0.005385
v 0.026400 0.002636 -0.005007
v 0.026400 0.002636 0.000579
v 0.026400 0.002712 0.000496
v 0.026400 0.002803 0.000428
v 0.026400 0.002967 0.000354
v 0.026400 0.003096 0.000324
v 0.026400 0.003240 0.000308
v 0.026400 0.003471 0.000322
v 0.026400 0.003682 0.000401
v 0.026400 0.003870 0.000549
v 0.026400 0.004034 0.000764
v 0.026400 0.004172 0.001042
v 0.026400 0.004301 0.001473
v 0.026400 0.004365 0.001973
v 0.026400 0.004275 0.003366
v 0.026400 0.004101 0.003933
v 0.026400 0.003982 0.004164
v 0.026400 0.003840 0.004359
v 0.026400 0.003677 0.004519
v 0.026400 0.003492 0.004643
v 0.026400 0.003285 0.004731
v 0.026400 0.003057 0.004785
v 0.026400 0.002807 0.004802
v 0.026400 0.002612 0.004776
v 0.026400 0.002436 0.004696
v 0.026400 0.002355 0.004637
v 0.026400 0.002279 0.004564
v 0.026400 0.002140 0.004379
v 0.026400 0.002021 0.004140
v 0.026400 0.001921 0.003849
v 0.026400 0.000984 -0.001192
v 0.026400 0.000699 -0.002055
v 0.026400 0.000273 -0.002827
v 0.026400 -0.000293 -0.003508
v 0.026400 -0.000629 -0.003800
v 0.026400 -0.001001 -0.004038
v 0.026400 -0.001408 -0.004223
v 0.026400 -0.001852 -0.004356
v 0.026400 -0.002847 -0.004462
v 0.026400 -0.003752 -0.004399
v 0.026400 -0.004581 -0.004210
v 0.026400 -0.005334 -0.003896
v 0.026400 -0.005682 -0.003691
v 0.026400 -0.006322 -0.003188
v 0.026400 -0.006885 -0.002559
v 0.026400 -0.007373 -0.001805
v 0.026400 -0.007780 -0.000936
v 0.026400 -0.008349 0.001147
v 0.026400 -0.008516 0.006395
v 0.026400 -0.008128 0.008559
v 0.026400 -0.007818 0.009426
v 0.026400 -0.007430 0.010149
v 0.026400 -0.007207 0.010456
v 0.026400 -0.007020 0.010674
v 0.026400 -0.006821 0.010873
v 0.026400 -0.006611 0.011052
v 0.026400 -0.006390 0.011213
v 0.026400 -0.006157 0.011355
v 0.026400 -0.005657 0.011582
v 0.026400 -0.005112 0.011734
v 0.026400 -0.004119 0.011818
v 0.026400 -0.003182 0.011733
v 0.026400 -0.003096 0.006035
v 0.026400 -0.003249 0.006019
v 0.026400 -0.003465 0.005922
v 0.026400 -0.003601 0.005809
v 0.026400 -0.003730 0.005657
v 0.026400 -0.003852 0.005467
v 0.026400 -0.004051 0.004980
v 0.026400 -0.004170 0.004362
v 0.026400 -0.004181 0.002869
v 0.026400 -0.004165 0.002707
v 0.026400 -0.004146 0.002554
v 0.026400 -0.004123 0.002412
v 0.026400 -0.004096 0.002278
v 0.026400 -0.004032 0.002040
v 0.026400 -0.003995 0.001935
v 0.026400 -0.003954 0.001839
v 0.026400 -0.003856 0.001673
v 0.026400 -0.003733 0.001536
v 0.026400 -0.003584 0.001431
v 0.026400 -0.003409 0.001355
v 0.026400 -0.003313 0.001328
v 0.026400 -0.003100 0.001298
v 0.026400 -0.002906 0.001301
v 0.026400 -0.002763 0.001354
v 0.026400 -0.002637 0.001460
v 0.026400 -0.002526 0.001619
v 0.026400 -0.002477 0.001718
v 0.026400 -0.002431 0.001831
v 0.026400 -0.002390 0.001957
v 0.026400 -0.001497 0.007567
v 0.026400 -0.001179 0.008416
v 0.026400 -0.000569 0.009343
v 0.026400 0.000087 0.009964
v 0.026400 0.000468 0.010203
v 0.026400 0.000882 0.010388
v 0.026400 0.001331 0.010521
v 0.026400 0.002330 0.010627
v 0.026400 0.003323 0.010560
v 0.026400 0.004237 0.010360
v 0.026400 0.005072 0.010026
v 0.026400 0.005827 0.009559
v 0.026400 0.006502 0.008959
v 0.026400 0.007098 0.008225
v 0.026400 0.007608 0.007366
v 0.026400 0.008350 0.005292
v 0.026400 0.008721 0.002745
v 0.026400 0.008767 0.001294
v 0.026400 0.008739 0.000179
v 0.026400 0.008654 -0.000839
v 0.026400 0.008514 -0.001760
v 0.026400 0.008063 -0.003312
v 0.026400 0.007754 -0.003942
v 0.026400 0.007388 -0.004476
v 0.026400 0.006966 -0.004912
v 0.026400 0.006487 -0.005252
v 0.026400 0.005952 -0.005494
v 0.026400 0.005361 -0.005640
v 0.026400 0.011764 0.012125
v 0.026400 0.011764 0.015599
v 0.026400 0.019802 0.014339
v 0.026400 0.019802 0.010490
v 0.026400 -0.002881 0.023501
v 0.026400 -0.003152 0.023476
v 0.026400 -0.003269 0.023445
v 0.026400 -0.003373 0.023401
v 0.026400 -0.003466 0.023345
v 0.026400 -0.003546 0.023276
v 0.026400 -0.003613 0.023194
v 0.026400 -0.003669 0.023100
v 0.026400 -0.003712 0.022994
v 0.026400 -0.003742 0.022875
v 0.026400 -0.003767 0.022599
v 0.026400 -0.003765 0.022450
v 0.026400 -0.003758 0.022306
v 0.026400 -0.003746 0.022166
v 0.026400 -0.003729 0.022029
v 0.026400 -0.003616 0.021524
v 0.026400 -0.003426 0.021083
v 0.026400 -0.007275 0.021253
v 0.026400 -0.008013 0.022389
v 0.026400 -0.008456 0.023615
v 0.026400 -0.008521 0.023936
v 0.026400 -0.008567 0.024262
v 0.026400 -0.008594 0.024594
v 0.026400 -0.008604 0.024932
v 0.026400 -0.008528 0.026088
v 0.026400 -0.008301 0.027059
v 0.026400 -0.007922 0.027844
v 0.026400 -0.007676 0.028167
v 0.026400 -0.007393 0.028444
v 0.026400 -0.007071 0.028674
v 0.026400 -0.006711 0.028858
v 0.026400 -0.005879 0.029087
v 0.026400 -0.006711 0.029699
v 0.026400 -0.007393 0.030400
v 0.026400 -0.007922 0.031190
v 0.026400 -0.008130 0.031619
v 0.026400 -0.008433 0.032542
v 0.026400 -0.008585 0.033554
v 0.026400 -0.008570 0.034986
v 0.026400 -0.008303 0.036538
v 0.026400 -0.008070 0.037197
v 0.026400 -0.007770 0.037779
v 0.026400 -0.007403 0.038283
v 0.026400 -0.006969 0.038710
v 0.026400 -0.006469 0.039059
v 0.026400 -0.005902 0.039331
v 0.026400 -0.005269 0.039525
v 0.026400 -0.004568 0.039641
v 0.026400 -0.003801 0.039680
v 0.026400 -0.003524 0.039675
v 0.026400 -0.003237 0.039661
v 0.026400 -0.002941 0.039637
v 0.026400 0.003444 0.038433
v 0.026400 0.005142 0.037678
v 0.026400 0.006235 0.036904
v 0.026400 0.006877 0.036291
v 0.026400 0.007433 0.035596
v 0.026400 0.007889 0.034817
v 0.026400 0.008243 0.033954
v 0.026400 0.008496 0.033006
v 0.026400 0.008699 0.030858
v 0.026400 0.008597 0.029526
v 0.026400 0.008290 0.028391
v 0.026400 0.008060 0.027897
v 0.026400 0.007779 0.027452
v 0.026400 0.017725 0.025715
v 0.026400 0.017725 0.019891
v 0.026400 -0.002507 0.023473
v 0.026400 -0.001543 0.033628
v 0.026400 -0.002098 0.033651
v 0.026400 -0.002370 0.033619
v 0.026400 -0.002549 0.033563
v 0.026400 -0.002728 0.033477
v 0.026400 -0.002817 0.033424
v 0.026400 -0.002906 0.033364
v 0.026400 -0.002995 0.033296
v 0.026400 -0.003255 0.033050
v 0.026400 -0.003332 0.032951
v 0.026400 -0.003464 0.032722
v 0.026400 -0.003567 0.032455
v 0.026400 -0.003640 0.032149
v 0.026400 -0.003699 0.031420
v 0.026400 -0.003672 0.031026
v 0.026400 -0.003593 0.030650
v 0.026400 -0.003460 0.030292
v 0.026400 -0.003275 0.029952
v 0.026400 -0.002745 0.029326
v 0.026400 0.002977 0.028304
v 0.026400 0.003237 0.028457
v 0.026400 0.003349 0.028555
v 0.026400 0.003450 0.028667
v 0.026400 0.003615 0.028934
v 0.026400 0.003681 0.029089
v 0.026400 0.003734 0.029257
v 0.026400 0.003805 0.029638
v 0.026400 0.003828 0.030075
v 0.026400 0.003758 0.030889
v 0.026400 0.003548 0.031581
v 0.026400 0.003391 0.031882
v 0.026400 0.003198 0.032153
v 0.026400 0.002971 0.032393
v 0.026400 0.002708 0.032603
v 0.026400 0.002411 0.032783
v 0.026400 0.001710 0.033051
v 0.026400 0.008689 0.047325
v 0.026400 0.008555 0.046250
v 0.026400 0.008455 0.045749
v 0.026400 0.008333 0.045274
v 0.026400 0.008021 0.044399
v 0.026400 0.007621 0.043624
v 0.026400 0.007132 0.042950
v 0.026400 0.006440 0.042309
v 0.026400 0.005910 0.041983
v 0.026400 0.005326 0.041739
v 0.026400 0.004686 0.041577
v 0.026400 0.003992 0.041495
v 0.026400 0.003624 0.041485
v 0.026400 0.003370 0.041490
v 0.026400 0.003109 0.041504
v 0.026400 0.002841 0.041528
v 0.026400 -0.003669 0.042802
v 0.026400 -0.004168 0.042993
v 0.026400 -0.004638 0.043208
v 0.026400 -0.005489 0.043711
v 0.026400 -0.006224 0.044309
v 0.026400 -0.006840 0.045002
v 0.026400 -0.007344 0.045790
v 0.026400 -0.008094 0.047632
v 0.026400 -0.008510 0.049827
v 0.026400 -0.008593 0.052347
v 0.026400 -0.008562 0.052961
v 0.026400 -0.008510 0.053546
v 0.026400 -0.008437 0.054102
v 0.026400 -0.008343 0.054629
v 0.026400 -0.007761 0.056442
v 0.026400 -0.007105 0.057493
v 0.026400 -0.006699 0.057909
v 0.026400 -0.006231 0.058250
v 0.026400 -0.005700 0.058515
v 0.026400 -0.005107 0.058704
v 0.026400 -0.004100 0.058846
v 0.026400 -0.003733 0.058856
v 0.026400 0.003066 0.057722
v 0.026400 0.004940 0.056931
v 0.026400 0.005736 0.056388
v 0.026400 0.006438 0.055747
v 0.026400 0.007047 0.055007
v 0.026400 0.007562 0.054169
v 0.026400 0.008311 0.052197
v 0.026400 0.008686 0.049832
v 0.026400 0.001556 0.047544
v 0.026400 0.002265 0.047517
v 0.026400 0.002637 0.047590
v 0.026400 0.002933 0.047710
v 0.026400 0.003351 0.047956
v 0.026400 0.003549 0.048122
v 0.026400 0.003635 0.048219
v 0.026400 0.003778 0.048441
v 0.026400 0.003886 0.048699
v 0.026400 0.003958 0.048994
v 0.026400 0.003994 0.049688
v 0.026400 0.003872 0.050366
v 0.026400 0.003749 0.050676
v 0.026400 0.003587 0.050965
v 0.026400 0.003141 0.051483
v 0.026400 0.003009 0.051597
v 0.026400 0.002869 0.051703
v 0.026400 0.002723 0.051801
v 0.026400 0.002570 0.051892
v 0.026400 0.001890 0.052180
v 0.026400 -0.001634 0.052810
v 0.026400 -0.002204 0.052824
v 0.026400 -0.002477 0.052778
v 0.026400 -0.002857 0.052630
v 0.026400 -0.003256 0.052384
v 0.026400 -0.003443 0.052218
v 0.026400 -0.003597 0.052015
v 0.026400 -0.003716 0.051775
v 0.026400 -0.003801 0.051499
v 0.026400 -0.003852 0.051185
v 0.026400 -0.003865 0.051014
v 0.026400 -0.003869 0.050834
v 0.026400 -0.003848 0.050475
v 0.026400 -0.003784 0.050136
v 0.026400 -0.003678 0.049817
v 0.026400 -0.003529 0.049517
v 0.026400 -0.003337 0.049238
v 0.026400 -0.002838 0.048744
v 0.026400 -0.002099 0.048289
v 0.026400 -0.001426 0.048062
v 0.026400 0.016396 0.077214
v 0.026400 0.004646 0.073569
v 0.026400 0.016396 0.065736
v 0.026400 0.016396 0.059298
v 0.026400 -0.008127 0.063624
v 0.026400 -0.008127 0.069789
v 0.026400 0.005702 0.067337
v 0.026400 -0.002541 0.072582
v 0.026400 -0.002541 0.077044
v 0.026400 0.005702 0.079360
v 0.026400 -0.008127 0.081812
v 0.026400 -0.008127 0.087943
v 0.026400 0.016396 0.083617
v -0.027500 -0.022066 -0.110000
v 0.032500 -0.022066 0.110000
v 0.032500 -0.022066 -0.110000
v -0.027500 -0.022066 0.110000
v -0.027500 0.022066 0.110000
v -0.027500 0.022066 -0.110000
v 0.032500 0.027066 0.090858
v 0.022500 0.037066 0.095000
v 0.031160 0.032066 0.092929
v 0.027500 0.035726 0.094445
v 0.032500 0.007924 0.110000
v 0.022500 0.022066 0.110000
v 0.031160 0.014995 0.110000
v 0.027500 0.020171 0.110000
v 0.022500 0.022066 -0.110000
v 0.032500 0.007924 -0.110000
v 0.027500 0.020171 -0.110000
v 0.031160 0.014995 -0.110000
v 0.032500 0.027066 -0.090858
v 0.022500 0.037066 -0.095000
v 0.031160 0.032066 -0.092929
v 0.027500 0.035726 -0.094445
v 0.001235 0.043446 0.095000
v -0.007645 0.044641 0.095734
v -0.015655 0.042783 0.097865
v -0.022012 0.038053 0.101183
v -0.026094 0.030915 0.105365
v 0.001235 0.043446 -0.095000
v -0.026094 0.030915 -0.105365
v -0.022012 0.038053 -0.101183
v -0.015655 0.042783 -0.097865
v -0.007645 0.044641 -0.095734
v -0.013209 0.000213 0.085000
v -0.013209 0.000213 -0.086430
v 0.018209 0.000213 0.085000
v 0.018209 0.000213 -0.085000
v 0.018209 0.038353 -0.085000
v 0.001235 0.043446 0.085000
v 0.001235 0.043446 -0.085772
v 0.018209 0.038353 0.085000
v -0.006789 0.044526 -0.086137
v -0.007645 0.044641 0.085000
v -0.007645 0.044641 -0.086137
v -0.013209 0.043350 -0.086145
v -0.013209 0.043350 0.085000
v -0.026345 -0.020911 -0.108845
v 0.031345 -0.020911 0.108845
v 0.031345 -0.020911 -0.108845
v -0.026345 -0.020911 0.108845
v -0.026184 0.021553 0.108584
v -0.026184 0.021553 -0.108584
v 0.030523 0.026788 0.090743
v 0.022028 0.035325 0.094136
v 0.029451 0.031106 0.092531
v 0.026503 0.034124 0.093782
v 0.031080 0.007857 0.108594
v 0.022296 0.021320 0.108156
v 0.029924 0.014613 0.108475
v 0.026789 0.019420 0.108288
v 0.022296 0.021320 -0.108156
v 0.031092 0.007859 -0.108595
v 0.026789 0.019420 -0.108288
v 0.029912 0.014611 -0.108473
v 0.030511 0.026786 -0.090741
v 0.022028 0.035325 -0.094136
v 0.029464 0.031108 -0.092533
v 0.026503 0.034124 -0.093782
v 0.000911 0.041680 0.094118
v -0.007640 0.042827 0.094892
v -0.015157 0.041053 0.096994
v -0.021060 0.036570 0.100238
v -0.024827 0.029780 0.104313
v 0.000911 0.041680 -0.094118
v -0.024827 0.029780 -0.104313
v -0.021060 0.036570 -0.100238
v -0.015157 0.041053 -0.096994
v -0.007640 0.042827 -0.094892
v -0.014364 -0.000942 0.086155
v -0.014340 -0.000936 -0.087613
v 0.019364 -0.000942 0.086155
v 0.019384 -0.000948 -0.086128
v 0.019088 0.037205 -0.086382
v 0.000929 0.042030 0.086380
v 0.000981 0.042026 -0.087158
v 0.019056 0.037215 0.086409
v -0.006921 0.043121 -0.087555
v -0.007575 0.043156 0.086338
v -0.007521 0.043158 -0.087473
v -0.014086 0.042186 -0.087515
v -0.014125 0.042198 0.086354
v 0.032500 -0.003531 -0.048292
v 0.030922 0.003658 -0.087296
v 0.031026 -0.002384 -0.056397
v 0.032500 0.010281 -0.021924
v 0.030807 0.010281 -0.021924
v 0.032500 0.004686 -0.067620
v 0.032500 0.003658 -0.087296
v 0.032500 -0.002384 -0.056397
v 0.031046 -0.003531 -0.048292
v 0.032500 -0.003128 -0.019385
v 0.030837 0.008563 -0.044089
v 0.032500 0.003734 0.029257
v 0.030904 0.004686 -0.067620
v 0.031039 -0.003128 -0.019385
v 0.030920 0.003734 0.029257
v 0.032500 0.008563 -0.044089
v 0.030808 0.010223 -0.015793
v 0.032500 0.010223 -0.015793
v 0.030916 0.003992 -0.067701
v 0.032500 0.003992 -0.067701
v 0.032500 0.010497 -0.015970
v 0.030804 0.010497 -0.015970
v 0.030944 0.002356 -0.061670
v 0.032500 0.005142 0.037678
v 0.030896 0.005142 0.037678
v 0.032500 -0.003087 -0.014913
v 0.031038 -0.003087 -0.014913
v 0.032500 0.008510 -0.040285
v 0.030838 0.008510 -0.040285
v 0.032500 0.003824 -0.079503
v 0.032500 -0.001821 -0.080650
v 0.031016 -0.001821 -0.080650
v 0.030919 0.003824 -0.079503
v 0.032500 0.003066 -0.051474
v 0.030932 0.003066 -0.051474
v 0.031047 -0.003607 -0.046431
v 0.032500 -0.003607 -0.046431
v 0.030919 0.003805 0.029638
v 0.032500 0.009988 -0.022024
v 0.030813 0.009988 -0.022024
v 0.032500 0.003805 0.029638
v 0.032500 0.003994 -0.059508
v 0.032500 -0.003537 -0.046339
v 0.031046 -0.003537 -0.046339
v 0.030916 0.003994 -0.059508
v 0.031042 -0.003348 -0.015667
v 0.032500 -0.003348 -0.015667
v 0.032500 -0.001426 -0.061134
v 0.030841 0.008350 -0.044900
v 0.031009 -0.001426 -0.061134
v 0.032500 0.008350 -0.044900
v 0.032500 0.002265 -0.061679
v 0.030814 0.009917 -0.015667
v 0.032500 0.009917 -0.015667
v 0.031048 -0.003665 -0.046537
v 0.032500 -0.003665 -0.046537
v 0.031029 -0.002570 -0.056446
v 0.032500 -0.002570 -0.056446
v 0.032500 -0.003363 -0.018632
v 0.031043 -0.003363 -0.018632
v 0.031051 -0.003856 -0.026192
v 0.032500 -0.003856 -0.026192
v 0.032500 0.008231 -0.039475
v 0.030843 0.008231 -0.039475
v 0.032500 0.003728 -0.080122
v 0.030920 0.003728 -0.080122
v 0.032500 -0.002468 -0.080343
v 0.031027 -0.002468 -0.080343
v 0.030919 0.003828 0.030075
v 0.032500 0.009666 -0.022085
v 0.030818 0.009666 -0.022085
v 0.032500 0.003828 0.030075
v 0.031010 -0.001494 -0.056399
v 0.032500 -0.003682 -0.047846
v 0.031048 -0.003682 -0.047846
v 0.030820 0.009580 -0.015591
v 0.032500 0.009580 -0.015591
v 0.031045 -0.003478 -0.016608
v 0.032500 0.003631 -0.080377
v 0.030922 0.003631 -0.080377
v 0.032500 -0.003478 -0.016608
v 0.032500 0.003958 -0.060202
v 0.030916 0.003958 -0.060202
v 0.031049 -0.003710 -0.046658
v 0.032500 -0.001563 -0.056392
v 0.032500 -0.003710 -0.046658
v 0.032500 0.003444 0.038433
v 0.030846 0.008052 -0.045576
v 0.030925 0.003444 0.038433
v 0.032500 0.008052 -0.045576
v 0.030917 0.003953 -0.059159
v 0.030819 0.009634 -0.028327
v 0.032500 0.009634 -0.028327
v 0.030920 0.003758 0.030889
v 0.032500 0.003758 0.030889
v 0.032500 -0.002864 -0.080024
v 0.030952 0.001890 -0.057016
v 0.031034 -0.002864 -0.080024
v 0.032500 0.001890 -0.057016
v 0.032500 0.007840 -0.038719
v 0.030850 0.007840 -0.038719
v 0.032500 0.003503 -0.080596
v 0.030924 0.003503 -0.080596
v 0.032500 -0.002745 -0.075988
v 0.030853 0.007669 -0.046118
v 0.031032 -0.002745 -0.075988
v 0.032500 0.007669 -0.046118
v 0.032500 -0.002838 -0.060453
v 0.031034 -0.002838 -0.060453
v 0.030924 0.003548 0.031581
v 0.031034 -0.002857 -0.056566
v 0.032500 -0.002857 -0.056566
v 0.032500 0.003548 0.031581
v 0.030826 0.009210 -0.015565
v 0.032500 0.009210 -0.015565
v 0.032500 0.003886 -0.060497
v 0.030918 0.003886 -0.060497
v 0.032500 -0.003937 -0.007551
v 0.031053 -0.003937 -0.007551
v 0.031037 -0.003037 -0.076176
v 0.030918 0.003872 -0.058830
v 0.032500 0.003872 -0.058830
v 0.032500 -0.003037 -0.076176
v 0.030926 0.003391 0.031882
v 0.032500 0.003391 0.031882
v 0.030856 0.007445 -0.046339
v 0.032500 0.007445 -0.046339
v 0.031050 -0.003761 -0.046942
v 0.032500 -0.003761 -0.046942
v 0.030822 0.009451 -0.009375
v 0.032500 0.009451 -0.009375
v 0.032500 0.003342 -0.080780
v 0.030927 0.003342 -0.080780
v 0.032500 -0.003086 -0.079768
v 0.031038 -0.003086 -0.079768
v 0.031045 -0.003517 -0.086072
v 0.032500 -0.003517 -0.086072
v 0.030930 0.003198 0.032153
v 0.032500 0.003198 0.032153
v 0.032500 0.007337 -0.038015
v 0.030858 0.007337 -0.038015
v 0.032500 -0.003758 -0.047361
v 0.031050 -0.003758 -0.047361
v 0.032500 -0.004656 -0.007713
v 0.031065 -0.004656 -0.007713
v 0.031069 -0.004865 -0.025689
v 0.032500 -0.004865 -0.025689
v 0.031039 -0.003162 -0.076292
v 0.032500 -0.003162 -0.076292
v 0.032500 0.003778 -0.060755
v 0.030920 0.003778 -0.060755
v 0.032500 0.003237 0.028457
v 0.030929 0.003237 0.028457
v 0.030920 0.003749 -0.058520
v 0.032500 0.003749 -0.058520
v 0.032500 -0.002099 -0.060907
v 0.031021 -0.002099 -0.060907
v 0.030934 0.002971 0.032393
v 0.032500 0.002971 0.032393
v 0.032500 0.003058 -0.080994
v 0.030932 0.003058 -0.080994
v 0.032500 0.006723 -0.037364
v 0.030869 0.006723 -0.037364
v 0.032500 0.001624 -0.061659
v 0.030957 0.001624 -0.061659
v 0.032500 -0.003891 -0.040101
v 0.031052 -0.003891 -0.040101
v 0.030867 0.006853 -0.046744
v 0.032500 0.006853 -0.046744
v 0.032500 0.008926 -0.022084
v 0.030831 0.008926 -0.022084
v 0.032500 -0.005315 -0.007957
v 0.031076 -0.005315 -0.007957
v 0.032500 0.002977 0.028304
v 0.030933 0.002977 0.028304
v 0.031021 -0.002115 -0.056369
v 0.032500 -0.002115 -0.056369
v 0.032500 0.003635 -0.060977
v 0.030922 0.003635 -0.060977
v 0.032500 -0.002745 0.029326
v 0.031032 -0.002745 0.029326
v 0.031084 -0.005749 -0.025042
v 0.030832 0.008837 -0.015598
v 0.032500 -0.005749 -0.025042
v 0.032500 0.008837 -0.015598
v 0.030923 0.003587 -0.058231
v 0.032500 0.003587 -0.058231
v 0.031043 -0.003374 -0.076568
v 0.032500 -0.003374 -0.076568
v 0.030939 0.002636 -0.036649
v 0.032500 0.002636 -0.036649
v 0.031048 -0.003669 -0.066395
v 0.032500 -0.003669 -0.066395
v 0.032500 0.002977 -0.077010
v 0.030933 0.002977 -0.077010
v 0.030938 0.002708 0.032603
v 0.032500 0.002708 0.032603
v 0.031041 -0.003256 -0.056812
v 0.032500 -0.003256 -0.056812
v 0.032500 -0.003426 -0.079208
v 0.032500 0.003549 -0.061074
v 0.031044 -0.003426 -0.079208
v 0.030924 0.003549 -0.061074
v 0.031091 -0.006144 -0.024664
v 0.032500 -0.006144 -0.024664
v 0.032500 0.002990 -0.036988
v 0.030933 0.002990 -0.036988
v 0.030943 0.002411 0.032783
v 0.032500 0.002411 0.032783
v 0.032500 -0.006189 -0.008476
v 0.031091 -0.006189 -0.008476
v 0.031111 -0.007316 -0.075404
v 0.032500 -0.007316 -0.075404
v 0.032500 0.001989 0.038794
v 0.030950 0.001989 0.038794
v 0.032500 0.003280 -0.037369
v 0.031046 -0.003533 -0.076903
v 0.030928 0.003280 -0.037369
v 0.032500 -0.003533 -0.076903
v 0.032500 -0.003337 -0.059958
v 0.031042 -0.003337 -0.059958
v 0.032500 -0.007433 -0.083295
v 0.031113 -0.007433 -0.083295
v 0.030955 0.001710 0.033051
v 0.032500 0.001710 0.033051
v 0.032500 -0.003467 -0.050345
v 0.031045 -0.003467 -0.050345
v 0.030838 0.008491 -0.015694
v 0.032500 0.008491 -0.015694
v 0.030926 0.003383 -0.057961
v 0.032500 -0.007741 -0.075875
v 0.031118 -0.007741 -0.075875
v 0.032500 0.003505 -0.037794
v 0.030924 0.003505 -0.037794
v 0.032500 -0.006696 -0.008924
v 0.031100 -0.006696 -0.008924
v 0.031103 -0.006843 -0.023800
v 0.032500 -0.006843 -0.023800
v 0.030839 0.008479 -0.028012
v 0.032500 0.008479 -0.028012
v 0.032500 0.002597 -0.081224
v 0.032500 -0.005341 -0.040087
v 0.031077 -0.005341 -0.040087
v 0.030940 0.002597 -0.081224
v 0.031044 -0.003443 -0.056978
v 0.032500 -0.003443 -0.056978
v 0.032500 0.008311 -0.056999
v 0.030841 0.008311 -0.056999
v 0.032500 0.003351 -0.061240
v 0.030927 0.003351 -0.061240
v 0.030841 0.008333 -0.063922
v 0.032500 0.008333 -0.063922
v 0.032500 -0.005907 -0.040183
v 0.031087 -0.005907 -0.040183
v 0.032500 -0.007001 -0.009277
v 0.031105 -0.007001 -0.009277
v 0.031123 -0.008030 -0.082203
v 0.032500 -0.003529 -0.059679
v 0.032500 -0.008030 -0.082203
v 0.031046 -0.003529 -0.059679
v 0.032500 -0.006419 -0.040344
v 0.031095 -0.006419 -0.040344
v 0.032500 0.003666 -0.038261
v 0.030922 0.003666 -0.038261
v 0.032500 -0.003631 -0.078618
v 0.031047 -0.003631 -0.078618
v 0.030943 0.002419 -0.081273
v 0.032500 -0.006878 -0.040569
v 0.031103 -0.006878 -0.040569
v 0.031047 -0.003639 -0.077297
v 0.032500 -0.003639 -0.077297
v 0.032500 -0.008082 -0.076443
v 0.031124 -0.008082 -0.076443
v 0.030879 0.006119 -0.047062
v 0.032500 0.006119 -0.047062
v 0.030846 0.008021 -0.064797
v 0.031113 -0.007425 -0.022782
v 0.032500 -0.007425 -0.022782
v 0.032500 -0.007282 -0.040859
v 0.032500 0.008021 -0.064797
v 0.031110 -0.007282 -0.040859
v 0.032500 0.008222 -0.021918
v 0.030843 0.008222 -0.021918
v 0.031047 -0.003597 -0.057181
v 0.032500 -0.003597 -0.057181
v 0.030931 0.003141 -0.057713
v 0.032500 0.003141 -0.057713
v 0.032500 -0.007275 -0.048331
v 0.032500 0.002332 -0.081289
v 0.031110 -0.007275 -0.048331
v 0.032500 -0.007531 -0.010124
v 0.031115 -0.007531 -0.010124
v 0.031128 -0.008311 -0.081408
v 0.031010 -0.001477 0.033621
v 0.032500 -0.008311 -0.081408
v 0.030844 0.008171 -0.015855
v 0.032500 0.008171 -0.015855
v 0.032500 -0.001477 0.033621
v 0.030886 0.005732 -0.047162
v 0.032500 0.005732 -0.047162
v 0.032500 -0.007633 -0.041213
v 0.031116 -0.007633 -0.041213
v 0.030946 0.002245 -0.081298
v 0.032500 0.007562 -0.055028
v 0.030854 0.007562 -0.055028
v 0.030853 0.007621 -0.065572
v 0.032500 0.007621 -0.065572
v 0.032500 -0.008337 -0.077107
v 0.031128 -0.008337 -0.077107
v 0.032500 -0.007929 -0.041631
v 0.031121 -0.007929 -0.041631
v 0.032500 -0.003733 -0.050341
v 0.031049 -0.003733 -0.050341
v 0.032500 -0.003695 -0.078155
v 0.031048 -0.003695 -0.078155
v 0.032500 0.007047 -0.054189
v 0.030863 0.007047 -0.054189
v 0.032500 -0.003678 -0.059379
v 0.031048 -0.003678 -0.059379
v 0.030862 0.007132 -0.066247
v 0.032500 0.007132 -0.066247
v 0.031049 -0.003716 -0.057421
v 0.031123 -0.008013 -0.047215
v 0.032500 -0.003716 -0.057421
v 0.032500 -0.008013 -0.047215
v 0.032500 -0.007955 -0.011161
v 0.031122 -0.007955 -0.011161
v 0.031057 -0.004168 -0.066203
v 0.032500 0.003762 -0.038770
v 0.030920 0.003762 -0.038770
v 0.032500 -0.008172 -0.042113
v 0.031126 -0.008172 -0.042113
v 0.032500 -0.008508 -0.077867
v 0.031131 -0.008508 -0.077867
v 0.030900 0.004918 -0.047241
v 0.032500 0.004918 -0.047241
v 0.032500 0.002933 -0.061486
v 0.030934 0.002933 -0.061486
v 0.032500 0.006438 -0.053450
v 0.031127 -0.008240 -0.020280
v 0.030874 0.006438 -0.053450
v 0.032500 -0.008240 -0.020280
v 0.032500 0.007904 -0.021772
v 0.030848 0.007904 -0.021772
v 0.030869 0.006685 -0.066694
v 0.032500 0.006685 -0.066694
v 0.030936 0.002841 -0.067669
v 0.032500 0.002841 -0.067669
v 0.030847 0.007966 -0.027792
v 0.032500 0.007966 -0.027792
v 0.031075 -0.005244 -0.085317
v 0.032500 -0.005244 -0.085317
v 0.031133 -0.008592 -0.079660
v 0.032500 -0.008592 -0.079660
v 0.030849 0.007878 -0.016080
v 0.032500 0.007878 -0.016080
v 0.030878 0.006182 -0.067060
v 0.032500 0.006182 -0.067060
v 0.032500 -0.003784 -0.059060
v 0.031050 -0.003784 -0.059060
v 0.031088 -0.005978 -0.084828
v 0.032500 -0.005978 -0.084828
v 0.031050 -0.003801 -0.057698
v 0.032500 -0.003801 -0.057698
v 0.032500 -0.008496 -0.043271
v 0.031131 -0.008496 -0.043271
v 0.032500 0.005736 -0.052808
v 0.030886 0.005736 -0.052808
v 0.031131 -0.008456 -0.046000
v 0.032500 -0.008456 -0.046000
v 0.032500 0.005910 -0.067213
v 0.031099 -0.006626 -0.084266
v 0.032500 -0.006626 -0.084266
v 0.031021 -0.002098 0.033651
v 0.032500 -0.002098 0.033651
v 0.032500 -0.008484 -0.013803
v 0.031131 -0.008484 -0.013803
v 0.032500 0.003794 -0.039322
v 0.030919 0.003794 -0.039322
v 0.030959 0.001489 -0.081263
v 0.032500 0.008686 -0.059365
v 0.030835 0.008686 -0.059365
v 0.032500 0.002637 -0.061606
v 0.030939 0.002637 -0.061606
v 0.032500 -0.003848 -0.058721
v 0.031051 -0.003848 -0.058721
v 0.030940 0.002570 -0.057304
v 0.032500 0.002570 -0.057304
v 0.032500 0.004940 -0.052265
v 0.030900 0.004940 -0.052265
v 0.032500 0.001426 -0.081254
v 0.031051 -0.003852 -0.058011
v 0.032500 -0.003852 -0.058011
v 0.030893 0.005326 -0.067457
v 0.032500 0.005326 -0.067457
v 0.031133 -0.008589 -0.017158
v 0.030835 0.008689 -0.061871
v 0.032500 -0.008589 -0.017158
v 0.032500 0.008689 -0.061871
v 0.031288 -0.017595 -0.067575
v 0.032500 -0.017595 -0.067575
v 0.032500 -0.017595 -0.073365
v 0.031288 -0.017595 -0.073365
v 0.032500 0.007434 -0.009331
v 0.030857 0.007434 -0.009331
v 0.031026 -0.002370 0.033619
v 0.032500 -0.002370 0.033619
v 0.032500 0.007609 -0.021585
v 0.030854 0.007609 -0.021585
v 0.032500 -0.007071 -0.075204
v 0.031107 -0.007071 -0.075204
v 0.032500 0.003749 -0.039848
v 0.032500 -0.008604 -0.044687
v 0.030920 0.003749 -0.039848
v 0.031133 -0.008604 -0.044687
v 0.030858 0.007337 -0.027384
v 0.032500 0.007337 -0.027384
v 0.032500 0.003692 -0.040075
v 0.030921 0.003692 -0.040075
v 0.030853 0.007611 -0.016370
v 0.030763 0.012835 -0.010521
v 0.030699 0.016593 -0.021585
v 0.032500 0.007611 -0.016370
v 0.032500 0.016593 -0.021585
v 0.032500 0.012835 -0.010521
v 0.032500 0.011826 -0.009986
v 0.030781 0.011826 -0.009986
v 0.032500 0.016576 -0.018543
v 0.030699 0.016576 -0.018543
v 0.030797 0.010913 -0.028440
v 0.032500 0.010913 -0.028440
v 0.032500 0.012576 -0.028211
v 0.030768 0.012576 -0.028211
v 0.032500 0.003613 -0.040278
v 0.030922 0.003613 -0.040278
v 0.030782 0.011777 -0.028383
v 0.032500 0.011777 -0.028383
v 0.032500 0.011142 -0.021120
v 0.030793 0.011142 -0.021120
v 0.032500 -0.002473 0.023467
v 0.031065 -0.004638 -0.065988
v 0.032500 -0.004638 -0.065988
v 0.032500 -0.000293 -0.003508
v 0.030990 -0.000293 -0.003508
v 0.032500 0.003510 -0.040457
v 0.030924 0.003510 -0.040457
v 0.030793 0.011124 -0.016806
v 0.032500 0.011124 -0.016806
v 0.032500 0.010698 -0.009604
v 0.030800 0.010698 -0.009604
v 0.032500 -0.000569 0.009343
v 0.030995 -0.000569 0.009343
v 0.032500 0.008721 0.002745
v 0.030834 0.008721 0.002745
v 0.031124 -0.008094 -0.061564
v 0.032500 -0.008094 -0.061564
v 0.030996 -0.000629 -0.003800
v 0.032500 -0.000629 -0.003800
v 0.032500 0.007337 -0.021356
v 0.030858 0.007337 -0.021356
v 0.032500 0.010972 -0.021381
v 0.030796 0.010972 -0.021381
v 0.032500 0.003386 -0.040612
v 0.030926 0.003386 -0.040612
v 0.030796 0.010947 -0.016477
v 0.032500 0.010947 -0.016477
v 0.032500 0.003564 -0.011738
v 0.030923 0.003564 -0.011738
v 0.032500 0.003238 -0.040744
v 0.030929 0.003238 -0.040744
v 0.032500 0.016101 -0.015487
v 0.030707 0.016101 -0.015487
v 0.032500 -0.005107 -0.050492
v 0.030926 0.003403 -0.025681
v 0.032500 0.003403 -0.025681
v 0.031073 -0.005107 -0.050492
v 0.031030 -0.002639 0.033523
v 0.032500 -0.002639 0.033523
v 0.032500 0.010773 -0.021602
v 0.030799 0.010773 -0.021602
v 0.030704 0.016256 -0.023829
v 0.032500 0.016256 -0.023829
v 0.031079 -0.005489 -0.065485
v 0.032500 -0.005489 -0.065485
v 0.030838 0.008514 -0.001760
v 0.030800 0.010738 -0.016198
v 0.032500 0.010738 -0.016198
v 0.032500 0.008514 -0.001760
v 0.032500 0.011511 -0.019672
v 0.030786 0.011511 -0.019672
v 0.032500 0.003068 -0.040851
v 0.030932 0.003068 -0.040851
v 0.031002 -0.001001 -0.004038
v 0.032500 -0.008343 -0.054567
v 0.031129 -0.008343 -0.054567
v 0.032500 -0.001001 -0.004038
v 0.032500 -0.005700 -0.050681
v 0.031083 -0.005700 -0.050681
v 0.032500 0.010542 -0.021783
v 0.030803 0.010542 -0.021783
v 0.032500 0.002875 -0.040935
v 0.030935 0.002875 -0.040935
v 0.030865 0.006949 -0.017550
v 0.032500 0.006949 -0.017550
v 0.032500 0.008350 0.005292
v 0.030841 0.008350 0.005292
v 0.032500 0.011388 -0.020476
v 0.030934 0.002932 -0.026035
v 0.032500 0.002932 -0.026035
v 0.030716 0.015582 -0.025638
v 0.030788 0.011388 -0.020476
v 0.032500 0.015582 -0.025638
v 0.030788 0.011381 -0.017615
v 0.032500 0.011381 -0.017615
v 0.030846 0.008063 -0.003312
v 0.032500 0.008063 -0.003312
v 0.031092 -0.006224 -0.064887
v 0.032500 0.002985 -0.012729
v 0.030933 0.002985 -0.012729
v 0.032500 -0.006224 -0.064887
v 0.031031 -0.002711 0.023495
v 0.032500 -0.001179 0.008416
v 0.031005 -0.001179 0.008416
v 0.032500 0.015151 -0.013042
v 0.030723 0.015151 -0.013042
v 0.031131 -0.008510 -0.059370
v 0.032500 -0.008510 -0.059370
v 0.032500 0.008025 0.006388
v 0.030846 0.008025 0.006388
v 0.032500 0.002421 -0.041030
v 0.030943 0.002421 -0.041030
v 0.030851 0.007754 -0.003942
v 0.032500 0.007754 -0.003942
v 0.032500 -0.006231 -0.050946
v 0.031092 -0.006231 -0.050946
v 0.031009 -0.001408 -0.004223
v 0.032500 -0.001408 -0.004223
v 0.030724 0.015119 -0.026379
v 0.032500 0.015119 -0.026379
v 0.031125 -0.008127 -0.028951
v 0.030916 0.003983 -0.005612
v 0.032500 -0.008127 -0.028951
v 0.032500 0.003983 -0.005612
v 0.032500 -0.008127 -0.034741
v 0.031125 -0.008127 -0.034741
v 0.032500 0.002279 0.004564
v 0.030945 0.002279 0.004564
v 0.030948 0.002140 0.004379
v 0.032500 0.002140 0.004379
v 0.032500 0.014498 -0.012049
v 0.030735 0.014498 -0.012049
v 0.030916 0.003982 0.004164
v 0.032500 0.003982 0.004164
v 0.030857 0.007388 -0.004476
v 0.032500 0.007388 -0.004476
v 0.032500 -0.008593 -0.056849
v 0.031133 -0.008593 -0.056849
v 0.030943 0.002417 -0.026325
v 0.032500 0.002417 -0.026325
v 0.030733 0.014581 -0.027009
v 0.032500 0.014581 -0.027009
v 0.032500 0.004101 0.003933
v 0.032500 -0.006699 -0.051287
v 0.030914 0.004101 0.003933
v 0.031100 -0.006699 -0.051287
v 0.030950 0.002021 0.004140
v 0.032500 0.002021 0.004140
v 0.031103 -0.006840 -0.064194
v 0.032500 -0.006840 -0.064194
v 0.032500 0.007365 0.007810
v 0.030858 0.007365 0.007810
v 0.030865 0.006966 -0.004912
v 0.032500 0.006966 -0.004912
v 0.032500 -0.001497 0.007567
v 0.031011 -0.001497 0.007567
v 0.032500 0.006242 -0.009588
v 0.030877 0.006242 -0.009588
v 0.032500 -0.002941 0.039637
v 0.031035 -0.002941 0.039637
v 0.032500 0.013726 -0.011208
v 0.030748 0.013726 -0.011208
v 0.030744 0.013978 -0.027524
v 0.032500 0.013978 -0.027524
v 0.032500 0.003982 0.000685
v 0.030916 0.003982 0.000685
v 0.030679 0.017725 -0.033515
v 0.032500 -0.002484 -0.029947
v 0.030863 0.007075 0.008257
v 0.032500 0.017725 -0.033515
v 0.032500 0.006913 0.008471
v 0.032500 0.006810 0.008609
v 0.030867 0.006810 0.008609
v 0.031020 -0.002073 -0.030020
v 0.030952 0.001921 0.003849
v 0.032500 0.001921 0.003849
v 0.030873 0.006487 -0.005252
v 0.032500 0.006487 -0.005252
v 0.031017 -0.001852 -0.004356
v 0.032500 -0.001852 -0.004356
v 0.030679 0.017725 -0.039305
v 0.032500 0.017725 -0.039305
v 0.031034 -0.002881 0.023501
v 0.032500 -0.002881 0.023501
v 0.032500 -0.007105 -0.051703
v 0.031107 -0.007105 -0.051703
v 0.030919 0.003840 0.004359
v 0.032500 0.003840 0.004359
v 0.030755 0.013310 -0.027925
v 0.032500 0.013310 -0.027925
v 0.031111 -0.007344 -0.063406
v 0.032500 -0.007344 -0.063406
v 0.030834 0.008733 -0.042064
v 0.032500 0.008733 -0.042064
v 0.032500 0.006174 0.009276
v 0.030878 0.006174 0.009276
v 0.032500 0.003870 0.000549
v 0.030918 0.003870 0.000549
v 0.030882 0.005952 -0.005494
v 0.032500 0.005952 -0.005494
v 0.031036 -0.002995 0.033296
v 0.032500 -0.002995 0.033296
v 0.030921 0.003677 0.004519
v 0.032500 0.003677 0.004519
v 0.030953 0.001857 -0.026550
v 0.032500 0.001857 -0.026550
v 0.030892 0.005361 -0.005640
v 0.032500 0.005361 -0.005640
v 0.032500 0.003747 0.000443
v 0.030920 0.003747 0.000443
v 0.032500 -0.007761 -0.052755
v 0.031119 -0.007761 -0.052755
v 0.032500 0.008677 -0.041148
v 0.030835 0.008677 -0.041148
v 0.032500 0.005459 0.009810
v 0.030891 0.005459 0.009810
v 0.032500 0.005702 -0.009813
v 0.030886 0.005702 -0.009813
v 0.031039 -0.003152 0.023476
v 0.032500 -0.003152 0.023476
v 0.032500 0.005072 0.010026
v 0.030897 0.005072 0.010026
v 0.032500 0.003323 0.010560
v 0.030927 0.003323 0.010560
v 0.030895 0.005198 -0.010103
v 0.030903 0.004714 -0.005688
v 0.032500 0.004714 -0.005688
v 0.032500 0.005113 -0.023396
v 0.030897 0.005113 -0.023396
v 0.030922 0.003615 0.000367
v 0.030925 0.003492 0.004643
v 0.032500 0.003492 0.004643
v 0.032500 0.004237 0.010360
v 0.030912 0.004237 0.010360
v 0.032500 0.004731 -0.010456
v 0.030903 0.004731 -0.010456
v 0.032500 0.001546 -0.041017
v 0.030958 0.001546 -0.041017
v 0.031041 -0.003269 0.023445
v 0.032500 -0.003269 0.023445
v 0.032500 0.003544 0.000341
v 0.031030 -0.002605 -0.046098
v 0.032500 0.001331 0.010521
v 0.030962 0.001331 0.010521
v 0.030925 0.003471 0.000322
v 0.032500 -0.003275 0.029952
v 0.031041 -0.003275 0.029952
v 0.030928 0.003285 0.004731
v 0.032500 0.003285 0.004731
v 0.031041 -0.003255 0.033050
v 0.032500 -0.003255 0.033050
v 0.030906 0.004556 -0.024395
v 0.032500 0.004556 -0.024395
v 0.032500 0.000882 0.010388
v 0.030970 0.000882 0.010388
v 0.032500 0.004365 0.001973
v 0.030909 0.004365 0.001973
v 0.032500 0.003396 0.000310
v 0.032500 0.003291 -0.005385
v 0.030928 0.003291 -0.005385
v 0.030968 0.000984 -0.001192
v 0.031042 -0.003332 0.032951
v 0.032500 0.000984 -0.001192
v 0.032500 -0.003332 0.032951
v 0.030932 0.003057 0.004785
v 0.032500 0.003057 0.004785
v 0.032500 -0.002700 -0.046089
v 0.030912 0.004214 -0.024852
v 0.031043 -0.003373 0.023401
v 0.032500 -0.003373 0.023401
v 0.032500 0.004214 -0.024852
v 0.030929 0.003240 0.000308
v 0.032500 0.003166 0.000314
v 0.030931 0.003096 0.000324
v 0.030987 -0.000123 -0.007766
v 0.032500 -0.000123 -0.007766
v 0.030987 -0.000123 -0.013896
v 0.032500 -0.000123 -0.013896
v 0.031044 -0.003466 0.023345
v 0.032500 -0.003466 0.023345
v 0.030911 0.004275 0.003366
v 0.032500 0.004275 0.003366
v 0.032500 0.000907 -0.018553
v 0.030969 0.000907 -0.018553
v 0.030936 0.002807 0.004802
v 0.032500 0.002807 0.004802
v 0.030973 0.000699 -0.002055
v 0.030974 0.000604 -0.026807
v 0.032500 0.000699 -0.002055
v 0.032500 -0.001383 -0.020538
v 0.032500 0.000604 -0.026807
v 0.031009 -0.001383 -0.020538
v 0.031032 -0.002724 -0.026552
v 0.032500 -0.002724 -0.026552
v 0.032500 -0.003460 0.030292
v 0.031044 -0.003460 0.030292
v 0.032500 -0.002112 -0.026677
v 0.031036 -0.002994 -0.046090
v 0.032500 -0.002994 -0.046090
v 0.032500 0.004301 0.001473
v 0.030911 0.004301 0.001473
v 0.032500 0.002967 0.000354
v 0.032500 -0.000361 -0.020249
v 0.031027 -0.002450 -0.014137
v 0.030991 -0.000361 -0.020249
v 0.032500 -0.002450 -0.014137
v 0.032500 -0.004051 0.004980
v 0.031055 -0.004051 0.004980
v 0.032500 -0.002173 -0.013972
v 0.031022 -0.002173 -0.013972
v 0.031044 -0.003464 0.032722
v 0.032500 -0.003464 0.032722
v 0.032500 -0.001720 -0.020515
v 0.031014 -0.001720 -0.020515
v 0.031024 -0.002258 -0.007472
v 0.032500 -0.002258 -0.007472
v 0.030935 0.002909 0.000375
v 0.032500 -0.004096 0.002278
v 0.031055 -0.004096 0.002278
v 0.031044 -0.003426 0.021083
v 0.032500 0.000468 0.010203
v 0.030977 0.000468 0.010203
v 0.032500 -0.003426 0.021083
v 0.031041 -0.003250 -0.046147
v 0.032500 -0.003250 -0.046147
v 0.031025 -0.002307 -0.020326
v 0.032500 -0.002307 -0.020326
v 0.032500 -0.000679 -0.020409
v 0.030996 -0.000679 -0.020409
v 0.032500 -0.002556 -0.020162
v 0.031029 -0.002556 -0.020162
v 0.031110 -0.007275 0.021253
v 0.032500 -0.007275 0.021253
v 0.031043 -0.003358 -0.046197
v 0.032500 -0.003358 -0.046197
v 0.032500 -0.001468 -0.026767
v 0.031010 -0.001468 -0.026767
v 0.032500 0.002854 0.000399
v 0.031017 -0.001863 -0.013854
v 0.032500 -0.001863 -0.013854
v 0.031031 -0.002695 -0.014349
v 0.032500 -0.002695 -0.014349
v 0.032500 -0.001520 -0.013784
v 0.031011 -0.001520 -0.013784
v 0.030936 0.002803 0.000428
v 0.032500 0.002330 0.010627
v 0.030945 0.002330 0.010627
v 0.031044 -0.003454 -0.046261
v 0.032500 -0.003454 -0.046261
v 0.030980 0.000273 -0.002827
v 0.032500 0.000273 -0.002827
v 0.031046 -0.003546 0.023276
v 0.032500 -0.002776 -0.019950
v 0.031033 -0.002776 -0.019950
v 0.030938 0.002707 0.004796
v 0.032500 -0.003546 0.023276
v 0.032500 0.002707 0.004796
v 0.032500 -0.002028 -0.020444
v 0.031020 -0.002028 -0.020444
v 0.032500 0.004172 0.001042
v 0.030913 0.004172 0.001042
v 0.032500 0.000207 -0.019734
v 0.032500 -0.002745 -0.007459
v 0.030981 0.000207 -0.019734
v 0.031032 -0.002745 -0.007459
v 0.032500 0.000087 0.009964
v 0.030983 0.000087 0.009964
v 0.032500 -0.002390 0.001957
v 0.031026 -0.002390 0.001957
v 0.032500 0.002755 0.000460
v 0.031035 -0.002907 -0.014607
v 0.031044 -0.003426 -0.048501
v 0.032500 -0.002907 -0.014607
v 0.032500 -0.003426 -0.048501
v 0.030939 0.002636 -0.005007
v 0.032500 0.002636 -0.005007
v 0.031046 -0.003567 0.032455
v 0.031057 -0.004170 0.004362
v 0.032500 -0.003567 0.032455
v 0.032500 -0.004170 0.004362
v 0.031028 -0.002526 0.001619
v 0.032500 -0.002526 0.001619
v 0.030938 0.002712 0.000496
v 0.031029 -0.002579 0.001533
v 0.032500 -0.004181 0.002869
v 0.031057 -0.004181 0.002869
v 0.030986 -0.000066 -0.020023
v 0.032500 -0.000066 -0.020023
v 0.032500 -0.002637 0.001460
v 0.031034 -0.002847 -0.004462
v 0.032500 -0.002847 -0.004462
v 0.031129 -0.008349 0.001147
v 0.032500 -0.008349 0.001147
v 0.031064 -0.004581 -0.004210
v 0.032500 -0.004581 -0.004210
v 0.032500 -0.002967 -0.019691
v 0.031036 -0.002967 -0.019691
v 0.030916 0.003994 0.049688
v 0.032500 0.003994 0.049688
v 0.032500 -0.003593 0.030650
v 0.031047 -0.003593 0.030650
v 0.031083 -0.005682 -0.003691
v 0.032500 -0.005682 -0.003691
v 0.032500 0.002636 0.000579
v 0.030939 0.002636 0.000579
v 0.031047 -0.003613 0.023194
v 0.031031 -0.002698 0.001400
v 0.032500 -0.003613 0.023194
v 0.032500 -0.005334 -0.003896
v 0.031077 -0.005334 -0.003896
v 0.032500 -0.001020 -0.020506
v 0.031002 -0.001020 -0.020506
v 0.031046 -0.003533 0.005870
v 0.032500 -0.003533 0.005870
v 0.032500 -0.002763 0.001354
v 0.032500 -0.005657 0.011582
v 0.031082 -0.005657 0.011582
v 0.030941 0.002521 0.004743
v 0.031034 -0.002833 0.001321
v 0.032500 0.002436 0.004696
v 0.032500 -0.002906 0.001301
v 0.032500 -0.003616 0.021524
v 0.031047 -0.003616 0.021524
v 0.032500 -0.004638 0.043208
v 0.032500 0.003992 0.041495
v 0.032500 -0.002477 0.052778
v 0.031065 -0.004638 0.043208
v 0.030916 0.003992 0.041495
v 0.031027 -0.002477 0.052778
v 0.030944 0.002355 0.004637
v 0.032500 0.002355 0.004637
v 0.032500 -0.006157 0.011355
v 0.031091 -0.006157 0.011355
v 0.032500 -0.005107 0.058704
v 0.031073 -0.005107 0.058704
v 0.031047 -0.003640 0.032149
v 0.032500 -0.003640 0.032149
v 0.031094 -0.006322 -0.003188
v 0.032500 0.003958 0.048994
v 0.032500 -0.006322 -0.003188
v 0.031079 -0.005489 0.043711
v 0.032500 -0.008516 0.006395
v 0.030916 0.003958 0.048994
v 0.031132 -0.008516 0.006395
v 0.032500 -0.005489 0.043711
v 0.031036 -0.002984 0.001294
v 0.030917 0.003953 0.050037
v 0.031048 -0.003669 0.023100
v 0.031003 -0.001052 -0.013762
v 0.032500 -0.003669 0.023100
v 0.032500 -0.003100 0.001298
v 0.031038 -0.003100 0.001298
v 0.031037 -0.003030 0.006028
v 0.032500 -0.003662 0.001480
v 0.031048 -0.003662 0.001480
v 0.032500 -0.003006 0.006029
v 0.032500 -0.005700 0.058515
v 0.031083 -0.005700 0.058515
v 0.031048 -0.003666 0.005738
v 0.032501 -0.003110 0.011716
v 0.032500 -0.003666 0.005738
v 0.032500 -0.003672 0.031026
v 0.031048 -0.003672 0.031026
v 0.032500 -0.001099 -0.013761
v 0.032500 -0.008094 0.047632
v 0.031124 -0.008094 0.047632
v 0.032500 -0.006821 0.010873
v 0.031102 -0.006821 0.010873
v 0.032500 0.003886 0.048699
v 0.030918 0.003886 0.048699
v 0.031039 -0.003158 0.011733
v 0.031103 -0.006885 -0.002559
v 0.032500 -0.006885 -0.002559
v 0.032500 -0.002838 0.048744
v 0.031092 -0.006224 0.044309
v 0.031034 -0.002838 0.048744
v 0.032500 -0.006224 0.044309
v 0.030918 0.003872 0.050366
v 0.032500 0.003872 0.050366
v 0.032500 -0.008343 0.054629
v 0.031129 -0.008343 0.054629
v 0.032500 -0.004522 0.011809
v 0.031063 -0.004522 0.011809
v 0.031034 -0.002857 0.052630
v 0.032500 -0.002857 0.052630
v 0.030643 0.019802 0.014339
v 0.030707 0.016093 0.014921
v 0.032500 0.013211 0.015373
v 0.032500 0.019802 0.014339
v 0.032500 0.011764 0.015599
v 0.030782 0.011764 0.015599
v 0.032500 -0.006231 0.058250
v 0.031092 -0.006231 0.058250
v 0.031041 -0.003249 0.006019
v 0.032500 -0.003249 0.006019
v 0.030643 0.019802 0.010490
v 0.032500 0.019802 0.010490
v 0.032500 0.008597 0.029526
v 0.030836 0.008597 0.029526
v 0.032500 -0.005112 0.011734
v 0.031073 -0.005112 0.011734
v 0.032500 -0.003798 0.001601
v 0.031050 -0.003798 0.001601
v 0.031049 -0.003712 0.022994
v 0.031112 -0.007373 -0.001805
v 0.032500 -0.003712 0.022994
v 0.032500 -0.007373 -0.001805
v 0.032500 0.003778 0.048441
v 0.030920 0.003778 0.048441
v 0.032500 0.011764 0.012125
v 0.030782 0.011764 0.012125
v 0.032500 0.008496 0.033006
v 0.030838 0.008496 0.033006
v 0.030920 0.003749 0.050676
v 0.032500 0.003749 0.050676
v 0.031131 -0.008510 0.049827
v 0.032500 -0.008510 0.049827
v 0.032500 -0.007430 0.010149
v 0.031113 -0.007430 0.010149
v 0.032500 -0.006699 0.057909
v 0.031100 -0.006699 0.057909
v 0.031103 -0.006840 0.045002
v 0.030702 0.016396 0.083617
v 0.032500 -0.006840 0.045002
v 0.030679 0.017725 0.025715
v 0.032500 -0.003752 -0.004399
v 0.032500 0.016396 0.083617
v 0.031049 -0.003752 -0.004399
v 0.032500 0.017725 0.025715
v 0.031051 -0.003852 0.005467
v 0.032500 -0.003852 0.005467
v 0.032500 -0.008127 0.087943
v 0.031125 -0.008127 0.087943
v 0.032500 0.007779 0.027452
v 0.030851 0.007779 0.027452
v 0.030702 0.016396 0.077214
v 0.032500 0.016396 0.077214
v 0.030679 0.017725 0.019891
v 0.032500 0.017725 0.019891
v 0.030842 0.008290 0.028391
v 0.031119 -0.007780 -0.000936
v 0.032500 0.008290 0.028391
v 0.032500 -0.007780 -0.000936
v 0.032500 0.003635 0.048219
v 0.030922 0.003635 0.048219
v 0.030905 0.004646 0.073569
v 0.030923 0.003587 0.050965
v 0.032500 0.004646 0.073569
v 0.032500 0.003587 0.050965
v 0.032500 0.014089 0.020535
v 0.032500 -0.008593 0.052347
v 0.032500 -0.003699 0.031420
v 0.031133 -0.008593 0.052347
v 0.031049 -0.003699 0.031420
v 0.032500 -0.007818 0.009426
v 0.032500 0.008243 0.033954
v 0.031120 -0.007818 0.009426
v 0.030843 0.008243 0.033954
v 0.030702 0.016396 0.065736
v 0.032500 0.016396 0.065736
v 0.032500 -0.007105 0.057493
v 0.031107 -0.007105 0.057493
v 0.030835 0.008699 0.030858
v 0.032500 0.008699 0.030858
v 0.032500 -0.003409 0.001355
v 0.031044 -0.003409 0.001355
v 0.032500 0.003549 0.048122
v 0.030924 0.003549 0.048122
v 0.031043 -0.003394 0.005964
v 0.032500 -0.003394 0.005964
v 0.030702 0.016396 0.059298
v 0.032500 0.016396 0.059298
v 0.031111 -0.007344 0.045790
v 0.032500 -0.003729 0.022029
v 0.032500 -0.007344 0.045790
v 0.031049 -0.003729 0.022029
v 0.031048 -0.003669 0.042802
v 0.032500 -0.003669 0.042802
v 0.032500 -0.003909 0.001752
v 0.031049 -0.003742 0.022875
v 0.030912 0.004196 0.061450
v 0.031125 -0.008127 0.063624
v 0.032500 -0.003742 0.022875
v 0.032500 -0.008127 0.063624
v 0.030846 0.008060 0.027897
v 0.032500 0.008060 0.027897
v 0.031041 -0.003256 0.052384
v 0.032500 -0.003256 0.052384
v 0.031053 -0.003954 0.001839
v 0.032500 -0.008127 0.081812
v 0.031125 -0.008127 0.081812
v 0.032500 0.007889 0.034817
v 0.032500 -0.008128 0.008559
v 0.030849 0.007889 0.034817
v 0.031125 -0.008128 0.008559
v 0.030947 0.002176 0.047514
v 0.030926 0.003383 0.051235
v 0.032500 0.005702 0.079360
v 0.030886 0.005702 0.079360
v 0.032500 -0.007761 0.056442
v 0.031119 -0.007761 0.056442
v 0.032500 -0.003337 0.049238
v 0.031042 -0.003337 0.049238
v 0.032500 -0.003995 0.001935
v 0.031054 -0.003995 0.001935
v 0.032500 -0.002541 0.077044
v 0.031029 -0.002541 0.077044
v 0.032500 0.003351 0.047956
v 0.030927 0.003351 0.047956
v 0.032500 0.003450 0.028667
v 0.030925 0.003450 0.028667
v 0.031029 -0.002541 0.072582
v 0.032500 -0.002541 0.072582
v 0.032500 0.002090 0.047514
v 0.032500 -0.003529 0.049517
v 0.031046 -0.003529 0.049517
v 0.031050 -0.003767 0.022599
v 0.032500 0.005702 0.067337
v 0.032500 -0.003767 0.022599
v 0.030886 0.005702 0.067337
v 0.032500 -0.003443 0.052218
v 0.031044 -0.003443 0.052218
v 0.032500 -0.003784 0.050136
v 0.031050 -0.003784 0.050136
v 0.032500 -0.008127 0.069789
v 0.031125 -0.008127 0.069789
v 0.031128 -0.008301 0.027059
v 0.032500 -0.008301 0.027059
v 0.031050 -0.003801 0.051499
v 0.032500 0.007433 0.035596
v 0.030857 0.007433 0.035596
v 0.032500 -0.003801 0.051499
v 0.031130 -0.008433 0.032542
v 0.032500 -0.008433 0.032542
v 0.031047 -0.003597 0.052015
v 0.030952 0.001890 0.052180
v 0.032500 0.001890 0.052180
v 0.032500 -0.003597 0.052015
v 0.030922 0.003615 0.028934
v 0.030931 0.003141 0.051483
v 0.032500 0.003615 0.028934
v 0.032500 0.003141 0.051483
v 0.031128 -0.008303 0.036538
v 0.032500 -0.008303 0.036538
v 0.032500 -0.004568 0.039641
v 0.031063 -0.004568 0.039641
v 0.032500 0.008333 0.045274
v 0.030841 0.008333 0.045274
v 0.032500 -0.005269 0.039525
v 0.031076 -0.005269 0.039525
v 0.031131 -0.008456 0.023615
v 0.030841 0.008311 0.052197
v 0.032500 -0.008456 0.023615
v 0.032500 0.008311 0.052197
v 0.032500 0.002841 0.041528
v 0.030936 0.002841 0.041528
v 0.032500 0.006440 0.042309
v 0.030874 0.006440 0.042309
v 0.032500 0.006877 0.036291
v 0.030866 0.006877 0.036291
v 0.032500 -0.005902 0.039331
v 0.031087 -0.005902 0.039331
v 0.030846 0.008021 0.044399
v 0.030874 0.006438 0.055747
v 0.032500 -0.003848 0.050475
v 0.031051 -0.003848 0.050475
v 0.032500 0.008021 0.044399
v 0.032500 0.006438 0.055747
v 0.031051 -0.003852 0.051185
v 0.032500 -0.008528 0.026088
v 0.032500 -0.003852 0.051185
v 0.031132 -0.008528 0.026088
v 0.032500 0.005736 0.056388
v 0.032500 -0.003733 0.058856
v 0.030886 0.005736 0.056388
v 0.031049 -0.003733 0.058856
v 0.032500 -0.005879 0.029087
v 0.031086 -0.005879 0.029087
v 0.032500 0.002637 0.047590
v 0.030883 0.005910 0.041983
v 0.032500 0.005910 0.041983
v 0.030940 0.002570 0.051892
v 0.032500 0.002570 0.051892
v 0.032500 -0.003678 0.049817
v 0.031048 -0.003678 0.049817
v 0.031049 -0.003716 0.051775
v 0.032500 -0.003716 0.051775
v 0.032500 0.007562 0.054169
v 0.032500 -0.006469 0.039059
v 0.030854 0.007562 0.054169
v 0.032500 0.006235 0.036904
v 0.030877 0.006235 0.036904
v 0.031096 -0.006469 0.039059
v 0.031100 -0.006711 0.029699
v 0.030853 0.007621 0.043624
v 0.032500 -0.006711 0.029699
v 0.032500 0.007621 0.043624
v 0.032500 -0.008570 0.034986
v 0.031133 -0.008570 0.034986
v 0.030932 0.003066 0.057722
v 0.032500 0.004940 0.056931
v 0.030900 0.004940 0.056931
v 0.032500 0.003066 0.057722
v 0.030941 0.002542 0.047563
v 0.030893 0.005326 0.041739
v 0.032500 0.005326 0.041739
v 0.032500 -0.001426 0.048062
v 0.031009 -0.001426 0.048062
v 0.032500 -0.006711 0.028858
v 0.031100 -0.006711 0.028858
v 0.032500 0.002933 0.047710
v 0.030934 0.002933 0.047710
v 0.030943 0.002423 0.041581
v 0.032500 0.002423 0.041581
v 0.032500 -0.006969 0.038710
v 0.031105 -0.006969 0.038710
v 0.032500 0.007047 0.055007
v 0.030863 0.007047 0.055007
v 0.031133 -0.008585 0.033554
v 0.032500 -0.008585 0.033554
v 0.030862 0.007132 0.042950
v 0.032500 0.007132 0.042950
v 0.030904 0.004686 0.041577
v 0.032500 0.004686 0.041577
v 0.030957 0.001624 0.047537
v 0.031112 -0.007403 0.038283
v 0.032500 -0.007403 0.038283
v 0.032500 -0.002099 0.048289
v 0.031021 -0.002099 0.048289
v 0.032500 -0.007770 0.037779
v 0.031119 -0.007770 0.037779
v 0.032500 -0.007071 0.028674
v 0.031107 -0.007071 0.028674
v 0.032500 0.002356 0.047526
v 0.030944 0.002356 0.047526
v 0.031010 -0.001494 0.052797
v 0.032500 -0.001494 0.052797
v 0.031117 -0.007676 0.028167
v 0.032500 -0.007676 0.028167
v 0.032500 -0.007922 0.027844
v 0.031121 -0.007922 0.027844
v 0.032500 -0.007393 0.028444
v 0.031112 -0.007393 0.028444
v 0.031121 -0.007922 0.031190
v 0.032500 -0.007922 0.031190
v 0.031112 -0.007393 0.030400
v 0.032500 -0.007393 0.030400
v 0.032500 -0.008604 0.024932
v 0.031133 -0.008604 0.024932
v 0.032500 -0.008070 0.037197
v 0.031124 -0.008070 0.037197
v 0.032500 0.008686 0.049832
v 0.030835 0.008686 0.049832
v 0.031123 -0.008013 0.022389
v 0.032500 -0.008013 0.022389
v 0.030835 0.008689 0.047325
v 0.032500 0.008689 0.047325
v 0.031125 -0.008130 0.031619
v 0.032500 -0.008130 0.031619
v 0.031024 -0.002293 0.052815
v 0.032500 -0.002293 0.052815
v 0.032500 0.007337 -0.077214
v 0.032500 0.003113 -0.077109
v 0.032500 0.003349 -0.077359
v 0.032500 0.008256 -0.072139
v 0.032500 0.003539 -0.077677
v 0.032500 0.007933 -0.078085
v 0.032500 0.008256 -0.077384
v 0.032500 0.003681 -0.078063
v 0.032500 0.008235 -0.078743
v 0.032500 0.008614 -0.080247
v 0.032500 0.003775 -0.078517
v 0.032500 0.008686 -0.082104
v 0.032500 0.008239 -0.084477
v 0.032500 0.008073 -0.084863
v 0.032500 0.008380 -0.084062
v 0.032500 0.007664 -0.085544
v 0.032500 0.007153 -0.086106
v 0.032500 0.005944 -0.086872
v 0.032500 0.004877 -0.087190
v 0.032500 0.006645 -0.086494
v 0.031081 -0.005607 -0.069691
v 0.030842 0.008256 -0.072139
v 0.030931 0.003113 -0.077109
v 0.030927 0.003349 -0.077359
v 0.030858 0.007337 -0.077214
v 0.030842 0.008256 -0.077384
v 0.030924 0.003539 -0.077677
v 0.030921 0.003681 -0.078063
v 0.030920 0.003775 -0.078517
v 0.030836 0.008614 -0.080247
v 0.030848 0.007933 -0.078085
v 0.030843 0.008235 -0.078743
v 0.030835 0.008686 -0.082104
v 0.030840 0.008380 -0.084062
v 0.030846 0.008073 -0.084863
v 0.030843 0.008239 -0.084477
v 0.030853 0.007664 -0.085544
v 0.030861 0.007153 -0.086106
v 0.030882 0.005944 -0.086872
v 0.030901 0.004877 -0.087190
v 0.030870 0.006645 -0.086494
vt 0.333333 0.000000
vt 0.000000 0.000000
vt 1.000000 0.000000
vt 0.666667 0.000000
vt 0.784810 0.000000
vt 0.778481 0.000000
vt 0.772152 0.000000
vt 0.759494 0.000000
vt 0.746835 0.000000
vt 0.740506 0.000000
vt 0.734177 0.000000
vt 0.727848 0.000000
vt 0.715190 0.000000
vt 0.708861 0.000000
vt 0.696203 0.000000
vt 0.626582 0.000000
vt 0.607595 0.000000
vt 0.601266 0.000000
vt 0.594937 0.000000
vt 0.588608 0.000000
vt 0.582278 0.000000
vt 0.575949 0.000000
vt 0.572785 0.000000
vt 0.569620 0.000000
vt 0.566456 0.000000
vt 0.563291 0.000000
vt 0.560127 0.000000
vt 0.556962 0.000000
vt 0.553797 0.000000
vt 0.547468 0.000000
vt 0.544304 0.000000
vt 0.541139 0.000000
vt 0.534810 0.000000
vt 0.528481 0.000000
vt 0.522152 0.000000
vt 0.518987 0.000000
vt 0.515823 0.000000
vt 0.512658 0.000000
vt 0.509494 0.000000
vt 0.506329 0.000000
vt 0.503165 0.000000
vt 0.493671 0.000000
vt 0.481013 0.000000
vt 0.474684 0.000000
vt 0.468354 0.000000
vt 0.462025 0.000000
vt 0.458861 0.000000
vt 0.446203 0.000000
vt 0.430380 0.000000
vt 0.424051 0.000000
vt 0.417722 0.000000
vt 0.414557 0.000000
vt 0.411392 0.000000
vt 0.405063 0.000000
vt 0.379747 0.000000
vt 0.373418 0.000000
vt 0.367089 0.000000
vt 0.360759 0.000000
vt 0.354430 0.000000
vt 0.348101 0.000000
vt 0.341772 0.000000
vt 0.335443 0.000000
vt 0.332278 0.000000
vt 0.329114 0.000000
vt 0.322785 0.000000
vt 0.310127 0.000000
vt 0.300633 0.000000
vt 0.294304 0.000000
vt 0.287975 0.000000
vt 0.284810 0.000000
vt 0.281646 0.000000
vt 0.278481 0.000000
vt 0.275316 0.000000
vt 0.272152 0.000000
vt 0.268987 0.000000
vt 0.259494 0.000000
vt 0.246835 0.000000
vt 0.240506 0.000000
vt 0.237342 0.000000
vt 0.234177 0.000000
vt 0.227848 0.000000
vt 0.208861 0.000000
vt 0.205696 0.000000
vt 0.199367 0.000000
vt 0.193038 0.000000
vt 0.126582 0.000000
vt 0.107595 0.000000
vt 0.101266 0.000000
vt 0.094937 0.000000
vt 0.088608 0.000000
vt 0.082278 0.000000
vt 0.075949 0.000000
vt 0.072785 0.000000
vt 0.069620 0.000000
vt 0.066456 0.000000
vt 0.063291 0.000000
vt 0.060127 0.000000
vt 0.056962 0.000000
vt 0.053797 0.000000
vt 0.047468 0.000000
vt 0.034810 0.000000
vt 0.028481 0.000000
vt 0.022152 0.000000
vt 0.018987 0.000000
vt 0.015823 0.000000
vt 0.012658 0.000000
vt 0.009494 0.000000
vt 0.006329 0.000000
vt 0.003165 0.000000
vt 0.996835 0.000000
vt 0.962025 0.000000
vt 0.958861 0.000000
vt 0.927215 0.000000
vt 0.908228 0.000000
vt 0.901899 0.000000
vt 0.895570 0.000000
vt 0.886076 0.000000
vt 0.879747 0.000000
vt 0.876582 0.000000
vt 0.870253 0.000000
vt 0.863924 0.000000
vt 0.860759 0.000000
vt 0.857595 0.000000
vt 0.851266 0.000000
vt 0.838608 0.000000
vt 0.825949 0.000000
vt 0.819620 0.000000
vt 0.816456 0.000000
vt 0.813291 0.000000
vt 0.806962 0.000000
vt 0.800633 0.000000
vt 0.797468 0.000000
vt 0.791139 0.000000
vt 0.857143 0.000000
vt 0.834286 0.000000
vt 0.822857 0.000000
vt 0.811429 0.000000
vt 0.800000 0.000000
vt 0.782857 0.000000
vt 0.748571 0.000000
vt 0.731429 0.000000
vt 0.680000 0.000000
vt 0.634286 0.000000
vt 0.611429 0.000000
vt 0.605714 0.000000
vt 0.600000 0.000000
vt 0.594286 0.000000
vt 0.582857 0.000000
vt 0.560000 0.000000
vt 0.554286 0.000000
vt 0.548571 0.000000
vt 0.542857 0.000000
vt 0.537143 0.000000
vt 0.531429 0.000000
vt 0.525714 0.000000
vt 0.520000 0.000000
vt 0.994286 0.000000
vt 0.428571 0.000000
vt 0.422857 0.000000
vt 0.417143 0.000000
vt 0.411429 0.000000
vt 0.400000 0.000000
vt 0.388571 0.000000
vt 0.377143 0.000000
vt 0.365714 0.000000
vt 0.342857 0.000000
vt 0.320000 0.000000
vt 0.308571 0.000000
vt 0.302857 0.000000
vt 0.297143 0.000000
vt 0.291429 0.000000
vt 0.285714 0.000000
vt 0.280000 0.000000
vt 0.274286 0.000000
vt 0.262857 0.000000
vt 0.251429 0.000000
vt 0.245714 0.000000
vt 0.240000 0.000000
vt 0.234286 0.000000
vt 0.228571 0.000000
vt 0.137143 0.000000
vt 0.114286 0.000000
vt 0.091429 0.000000
vt 0.074286 0.000000
vt 0.062857 0.000000
vt 0.051429 0.000000
vt 0.040000 0.000000
vt 0.028571 0.000000
vt 0.005714 0.000000
vt 0.508571 0.000000
vt 0.502857 0.000000
vt 0.497143 0.000000
vt 0.474286 0.000000
vt 0.462857 0.000000
vt 0.445714 0.000000
vt 0.931429 0.000000
vt 0.925714 0.000000
vt 0.914286 0.000000
vt 0.902857 0.000000
vt 0.891429 0.000000
vt 0.880000 0.000000
vt 0.636364 0.000000
vt 0.619048 0.000000
vt 0.610390 0.000000
vt 0.601732 0.000000
vt 0.103896 0.000000
vt 0.099567 0.000000
vt 0.090909 0.000000
vt 0.082251 0.000000
vt 0.077922 0.000000
vt 0.073593 0.000000
vt 0.069264 0.000000
vt 0.060606 0.000000
vt 0.051948 0.000000
vt 0.043290 0.000000
vt 0.034632 0.000000
vt 0.025974 0.000000
vt 0.021645 0.000000
vt 0.017316 0.000000
vt 0.012987 0.000000
vt 0.008658 0.000000
vt 0.471861 0.000000
vt 0.463203 0.000000
vt 0.454545 0.000000
vt 0.450216 0.000000
vt 0.445887 0.000000
vt 0.441558 0.000000
vt 0.437229 0.000000
vt 0.428571 0.000000
vt 0.367965 0.000000
vt 0.350649 0.000000
vt 0.341991 0.000000
vt 0.333333 0.000000
vt 0.324675 0.000000
vt 0.316017 0.000000
vt 0.303030 0.000000
vt 0.285714 0.000000
vt 0.268398 0.000000
vt 0.251082 0.000000
vt 0.233766 0.000000
vt 0.216450 0.000000
vt 0.207792 0.000000
vt 0.199134 0.000000
vt 0.190476 0.000000
vt 0.181818 0.000000
vt 0.173160 0.000000
vt 0.129870 0.000000
vt 0.108225 0.000000
vt 0.584416 0.000000
vt 0.580087 0.000000
vt 0.562771 0.000000
vt 0.541126 0.000000
vt 0.532468 0.000000
vt 0.497835 0.000000
vt 0.995671 0.000000
vt 0.978355 0.000000
vt 0.956710 0.000000
vt 0.939394 0.000000
vt 0.930736 0.000000
vt 0.922078 0.000000
vt 0.913420 0.000000
vt 0.904762 0.000000
vt 0.887446 0.000000
vt 0.878788 0.000000
vt 0.870130 0.000000
vt 0.861472 0.000000
vt 0.852814 0.000000
vt 0.844156 0.000000
vt 0.826840 0.000000
vt 0.805195 0.000000
vt 0.796537 0.000000
vt 0.753247 0.000000
vt 0.722944 0.000000
vt 0.705628 0.000000
vt 0.688312 0.000000
vt 0.670996 0.000000
vt 0.662338 0.000000
vt 0.653680 0.000000
vt 0.977143 0.000000
vt 0.965714 0.000000
vt 0.954286 0.000000
vt 0.948571 0.000000
vt 0.937143 0.000000
vt 0.440000 0.000000
vt 0.434286 0.000000
vt 0.988571 0.000000
vt 0.593074 0.000000
vt 0.588745 0.000000
vt 0.372308 0.000000
vt 0.360000 0.000000
vt 0.353846 0.000000
vt 0.347692 0.000000
vt 0.341538 0.000000
vt 0.335385 0.000000
vt 0.323077 0.000000
vt 0.310769 0.000000
vt 0.298462 0.000000
vt 0.224615 0.000000
vt 0.218462 0.000000
vt 0.212308 0.000000
vt 0.206154 0.000000
vt 0.203077 0.000000
vt 0.196923 0.000000
vt 0.190769 0.000000
vt 0.187692 0.000000
vt 0.184615 0.000000
vt 0.181538 0.000000
vt 0.178462 0.000000
vt 0.175385 0.000000
vt 0.172308 0.000000
vt 0.169231 0.000000
vt 0.166154 0.000000
vt 0.160000 0.000000
vt 0.144615 0.000000
vt 0.132308 0.000000
vt 0.120000 0.000000
vt 0.110769 0.000000
vt 0.101538 0.000000
vt 0.095385 0.000000
vt 0.092308 0.000000
vt 0.083077 0.000000
vt 0.073846 0.000000
vt 0.064615 0.000000
vt 0.058462 0.000000
vt 0.052308 0.000000
vt 0.043077 0.000000
vt 0.040000 0.000000
vt 0.036923 0.000000
vt 0.024615 0.000000
vt 0.012308 0.000000
vt 0.000000 0.000000
vt 1.000000 0.000000
vt 0.996923 0.000000
vt 0.993846 0.000000
vt 0.990769 0.000000
vt 0.987692 0.000000
vt 0.984615 0.000000
vt 0.981538 0.000000
vt 0.975385 0.000000
vt 0.972308 0.000000
vt 0.969231 0.000000
vt 0.966154 0.000000
vt 0.960000 0.000000
vt 0.947692 0.000000
vt 0.935385 0.000000
vt 0.929231 0.000000
vt 0.923077 0.000000
vt 0.916923 0.000000
vt 0.910769 0.000000
vt 0.904615 0.000000
vt 0.898462 0.000000
vt 0.892308 0.000000
vt 0.880000 0.000000
vt 0.873846 0.000000
vt 0.867692 0.000000
vt 0.861538 0.000000
vt 0.849231 0.000000
vt 0.833846 0.000000
vt 0.821538 0.000000
vt 0.738462 0.000000
vt 0.735385 0.000000
vt 0.732308 0.000000
vt 0.729231 0.000000
vt 0.726154 0.000000
vt 0.716923 0.000000
vt 0.707692 0.000000
vt 0.704615 0.000000
vt 0.698462 0.000000
vt 0.689231 0.000000
vt 0.686154 0.000000
vt 0.676923 0.000000
vt 0.670769 0.000000
vt 0.667692 0.000000
vt 0.664615 0.000000
vt 0.658462 0.000000
vt 0.655385 0.000000
vt 0.652308 0.000000
vt 0.649231 0.000000
vt 0.646154 0.000000
vt 0.621538 0.000000
vt 0.609231 0.000000
vt 0.596923 0.000000
vt 0.587692 0.000000
vt 0.578462 0.000000
vt 0.572308 0.000000
vt 0.566154 0.000000
vt 0.563077 0.000000
vt 0.553846 0.000000
vt 0.520000 0.000000
vt 0.510769 0.000000
vt 0.504615 0.000000
vt 0.498462 0.000000
vt 0.495385 0.000000
vt 0.492308 0.000000
vt 0.489231 0.000000
vt 0.486154 0.000000
vt 0.483077 0.000000
vt 0.480000 0.000000
vt 0.473846 0.000000
vt 0.467692 0.000000
vt 0.455385 0.000000
vt 0.430769 0.000000
vt 0.418462 0.000000
vt 0.412308 0.000000
vt 0.406154 0.000000
vt 0.400000 0.000000
vt 0.393846 0.000000
vt 0.390769 0.000000
vt 0.384615 0.000000
vt 0.378462 0.000000
vt 0.404762 0.000000
vt 0.685714 0.000000
vt 0.666667 0.000000
vt 0.995238 0.000000
vt 0.409524 0.000000
vt 0.728571 0.000000
vt 0.733333 0.000000
vt 0.728571 0.000000
vt 0.723810 0.000000
vt 0.826840 0.000000
vt 0.818182 0.000000
vt 0.402597 0.000000
vt 0.393939 0.000000
vt 0.831169 0.000000
vt 0.216450 0.000000
vt 0.207792 0.000000
vt 0.199134 0.000000
vt 0.190476 0.000000
vt 0.181818 0.000000
vt 0.173160 0.000000
vt 0.129870 0.000000
vt 0.121212 0.000000
vt 0.112554 0.000000
vt 0.103896 0.000000
vt 0.099567 0.000000
vt 0.090909 0.000000
vt 0.082251 0.000000
vt 0.073593 0.000000
vt 0.064935 0.000000
vt 0.051948 0.000000
vt 0.043290 0.000000
vt 0.034632 0.000000
vt 0.025974 0.000000
vt 0.021645 0.000000
vt 0.017316 0.000000
vt 0.008658 0.000000
vt 0.471861 0.000000
vt 0.463203 0.000000
vt 0.454545 0.000000
vt 0.450216 0.000000
vt 0.445887 0.000000
vt 0.441558 0.000000
vt 0.437229 0.000000
vt 0.428571 0.000000
vt 0.805195 0.000000
vt 0.792208 0.000000
vt 0.766234 0.000000
vt 0.722944 0.000000
vt 0.705628 0.000000
vt 0.701299 0.000000
vt 0.696970 0.000000
vt 0.692641 0.000000
vt 0.688312 0.000000
vt 0.670996 0.000000
vt 0.662338 0.000000
vt 0.653680 0.000000
vt 0.636364 0.000000
vt 0.619048 0.000000
vt 0.610390 0.000000
vt 0.601732 0.000000
vt 0.593074 0.000000
vt 0.588745 0.000000
vt 0.580087 0.000000
vt 0.562771 0.000000
vt 0.541126 0.000000
vt 0.532468 0.000000
vt 0.493506 0.000000
vt 0.995671 0.000000
vt 0.978355 0.000000
vt 0.956710 0.000000
vt 0.939394 0.000000
vt 0.930736 0.000000
vt 0.922078 0.000000
vt 0.913420 0.000000
vt 0.904762 0.000000
vt 0.887446 0.000000
vt 0.878788 0.000000
vt 0.870130 0.000000
vt 0.861472 0.000000
vt 0.852814 0.000000
vt 0.844156 0.000000
vt 0.367965 0.000000
vt 0.350649 0.000000
vt 0.341991 0.000000
vt 0.333333 0.000000
vt 0.324675 0.000000
vt 0.316017 0.000000
vt 0.303030 0.000000
vt 0.285714 0.000000
vt 0.281385 0.000000
vt 0.277056 0.000000
vt 0.272727 0.000000
vt 0.268398 0.000000
vt 0.251082 0.000000
vt 0.233766 0.000000
vt 0.416667 0.000000
vt 0.333333 0.000000
vt 0.250000 0.000000
vt 0.166667 0.000000
vt 0.083333 0.000000
vt 0.000000 0.000000
vt 1.000000 0.000000
vt 0.916667 0.000000
vt 0.833333 0.000000
vt 0.750000 0.000000
vt 0.666667 0.000000
vt 0.583333 0.000000
vt 0.500000 0.000000
vt 0.200000 0.000000
vt 0.200000 0.000000
vt 0.193846 0.000000
vt 0.193846 0.000000
vt 0.975385 0.000000
vt 0.972308 0.000000
vt 0.969231 0.000000
vt 0.966154 0.000000
vt 0.960000 0.000000
vt 0.046154 0.000000
vt 0.046154 0.000000
vt 0.040000 0.000000
vt 0.590476 0.000000
vt 0.642857 0.000000
vt 0.642857 0.000000
vt 0.595238 0.000000
vt 0.590476 0.000000
vt 0.708861 0.000000
vt 0.696203 0.000000
vt 0.082251 0.000000
vt 0.090909 0.000000
vt 0.099567 0.000000
vt 0.632035 0.000000
vt 0.636364 0.000000
vt 0.640693 0.000000
vt 0.428571 0.000000
vt 0.437229 0.000000
vt 0.441558 0.000000
vt 0.445887 0.000000
vt 0.450216 0.000000
vt 0.454545 0.000000
vt 0.463203 0.000000
vt 0.471861 0.000000
vt 0.008658 0.000000
vt 0.012987 0.000000
vt 0.017316 0.000000
vt 0.021645 0.000000
vt 0.025974 0.000000
vt 0.034632 0.000000
vt 0.043290 0.000000
vt 0.051948 0.000000
vt 0.060606 0.000000
vt 0.069264 0.000000
vt 0.073593 0.000000
vt 0.077922 0.000000
vt 0.171429 0.000000
vt 0.166667 0.000000
vt 0.161905 0.000000
vt 0.157143 0.000000
vt 0.138095 0.000000
vt 0.119048 0.000000
vt 0.114286 0.000000
vt 0.095238 0.000000
vt 0.076190 0.000000
vt 0.071429 0.000000
vt 0.066667 0.000000
vt 0.061905 0.000000
vt 0.057143 0.000000
vt 0.047619 0.000000
vt 0.042857 0.000000
vt 0.038095 0.000000
vt 0.033333 0.000000
vt 0.028571 0.000000
vt 0.023810 0.000000
vt 0.019048 0.000000
vt 0.014286 0.000000
vt 0.009524 0.000000
vt 0.585714 0.000000
vt 0.580952 0.000000
vt 0.571429 0.000000
vt 0.561905 0.000000
vt 0.542857 0.000000
vt 0.523810 0.000000
vt 0.504762 0.000000
vt 0.495238 0.000000
vt 0.485714 0.000000
vt 0.476190 0.000000
vt 0.466667 0.000000
vt 0.457143 0.000000
vt 0.442857 0.000000
vt 0.423810 0.000000
vt 0.985714 0.000000
vt 0.980952 0.000000
vt 0.976190 0.000000
vt 0.971429 0.000000
vt 0.966667 0.000000
vt 0.961905 0.000000
vt 0.952381 0.000000
vt 0.942857 0.000000
vt 0.933333 0.000000
vt 0.923810 0.000000
vt 0.914286 0.000000
vt 0.904762 0.000000
vt 0.895238 0.000000
vt 0.885714 0.000000
vt 0.880952 0.000000
vt 0.861905 0.000000
vt 0.852381 0.000000
vt 0.842857 0.000000
vt 0.833333 0.000000
vt 0.823810 0.000000
vt 0.804762 0.000000
vt 0.795238 0.000000
vt 0.785714 0.000000
vt 0.776190 0.000000
vt 0.771429 0.000000
vt 0.757143 0.000000
vt 0.752381 0.000000
vt 0.747619 0.000000
vt 0.742857 0.000000
vt 0.719048 0.000000
vt 0.704762 0.000000
vt 0.690476 0.000000
vt 0.376190 0.000000
vt 0.366667 0.000000
vt 0.357143 0.000000
vt 0.347619 0.000000
vt 0.342857 0.000000
vt 0.338095 0.000000
vt 0.333333 0.000000
vt 0.328571 0.000000
vt 0.323810 0.000000
vt 0.319048 0.000000
vt 0.314286 0.000000
vt 0.309524 0.000000
vt 0.304762 0.000000
vt 0.295238 0.000000
vt 0.285714 0.000000
vt 0.276190 0.000000
vt 0.266667 0.000000
vt 0.261905 0.000000
vt 0.252381 0.000000
vt 0.242857 0.000000
vt 0.233333 0.000000
vt 0.223810 0.000000
vt 0.219048 0.000000
vt 0.214286 0.000000
vt 0.209524 0.000000
vt 0.204762 0.000000
vt 0.195238 0.000000
vt 0.185714 0.000000
vt 0.176190 0.000000
vt 0.103896 0.000000
vt 0.112554 0.000000
vt 0.121212 0.000000
vt 0.129870 0.000000
vt 0.173160 0.000000
vt 0.177489 0.000000
vt 0.896104 0.000000
vt 0.904762 0.000000
vt 0.913420 0.000000
vt 0.922078 0.000000
vt 0.930736 0.000000
vt 0.939394 0.000000
vt 0.956710 0.000000
vt 0.978355 0.000000
vt 0.995671 0.000000
vt 0.497835 0.000000
vt 0.532468 0.000000
vt 0.549784 0.000000
vt 0.562771 0.000000
vt 0.580087 0.000000
vt 0.588745 0.000000
vt 0.593074 0.000000
vt 0.601732 0.000000
vt 0.610390 0.000000
vt 0.619048 0.000000
vt 0.636364 0.000000
vt 0.653680 0.000000
vt 0.662338 0.000000
vt 0.670996 0.000000
vt 0.688312 0.000000
vt 0.692641 0.000000
vt 0.696970 0.000000
vt 0.701299 0.000000
vt 0.705628 0.000000
vt 0.722944 0.000000
vt 0.766234 0.000000
vt 0.800866 0.000000
vt 0.813853 0.000000
vt 0.826840 0.000000
vt 0.844156 0.000000
vt 0.852814 0.000000
vt 0.861472 0.000000
vt 0.870130 0.000000
vt 0.878788 0.000000
vt 0.887446 0.000000
vt 0.891775 0.000000
vt 0.363636 0.000000
vt 0.367965 0.000000
vt 0.428571 0.000000
vt 0.437229 0.000000
vt 0.441558 0.000000
vt 0.445887 0.000000
vt 0.450216 0.000000
vt 0.454545 0.000000
vt 0.463203 0.000000
vt 0.471861 0.000000
vt 0.008658 0.000000
vt 0.017316 0.000000
vt 0.021645 0.000000
vt 0.025974 0.000000
vt 0.034632 0.000000
vt 0.043290 0.000000
vt 0.051948 0.000000
vt 0.064935 0.000000
vt 0.073593 0.000000
vt 0.082251 0.000000
vt 0.090909 0.000000
vt 0.099567 0.000000
vt 0.981595 0.000000
vt 0.987730 0.000000
vt 1.000000 0.000000
vt 0.012270 0.000000
vt 0.036810 0.000000
vt 0.061350 0.000000
vt 0.073620 0.000000
vt 0.079755 0.000000
vt 0.104294 0.000000
vt 0.128834 0.000000
vt 0.153374 0.000000
vt 0.165644 0.000000
vt 0.177914 0.000000
vt 0.184049 0.000000
vt 0.190184 0.000000
vt 0.196319 0.000000
vt 0.202454 0.000000
vt 0.208589 0.000000
vt 0.214724 0.000000
vt 0.220859 0.000000
vt 0.269939 0.000000
vt 0.343558 0.000000
vt 0.386503 0.000000
vt 0.398773 0.000000
vt 0.404908 0.000000
vt 0.411043 0.000000
vt 0.417178 0.000000
vt 0.423313 0.000000
vt 0.429448 0.000000
vt 0.435583 0.000000
vt 0.441718 0.000000
vt 0.453988 0.000000
vt 0.466258 0.000000
vt 0.478528 0.000000
vt 0.490798 0.000000
vt 0.503067 0.000000
vt 0.515337 0.000000
vt 0.527607 0.000000
vt 0.533742 0.000000
vt 0.539877 0.000000
vt 0.546012 0.000000
vt 0.552147 0.000000
vt 0.558282 0.000000
vt 0.570552 0.000000
vt 0.582822 0.000000
vt 0.595092 0.000000
vt 0.607362 0.000000
vt 0.619632 0.000000
vt 0.631902 0.000000
vt 0.656442 0.000000
vt 0.668712 0.000000
vt 0.680982 0.000000
vt 0.693252 0.000000
vt 0.699386 0.000000
vt 0.717791 0.000000
vt 0.723926 0.000000
vt 0.730061 0.000000
vt 0.736196 0.000000
vt 0.742331 0.000000
vt 0.754601 0.000000
vt 0.779141 0.000000
vt 0.914110 0.000000
vt 0.938650 0.000000
vt 0.950920 0.000000
vt 0.957055 0.000000
vt 0.963190 0.000000
vt 0.969325 0.000000
vt 0.975460 0.000000
vt 0.541139 0.000000
vt 0.272152 0.000000
vt 0.275316 0.000000
vt 0.278481 0.000000
vt 0.281646 0.000000
vt 0.284810 0.000000
vt 0.287975 0.000000
vt 0.294304 0.000000
vt 0.300633 0.000000
vt 0.310127 0.000000
vt 0.322785 0.000000
vt 0.329114 0.000000
vt 0.332278 0.000000
vt 0.335443 0.000000
vt 0.341772 0.000000
vt 0.348101 0.000000
vt 0.354430 0.000000
vt 0.360759 0.000000
vt 0.367089 0.000000
vt 0.373418 0.000000
vt 0.379747 0.000000
vt 0.405063 0.000000
vt 0.411392 0.000000
vt 0.414557 0.000000
vt 0.417722 0.000000
vt 0.424051 0.000000
vt 0.430380 0.000000
vt 0.449367 0.000000
vt 0.458861 0.000000
vt 0.462025 0.000000
vt 0.468354 0.000000
vt 0.474684 0.000000
vt 0.481013 0.000000
vt 0.493671 0.000000
vt 0.503165 0.000000
vt 0.506329 0.000000
vt 0.509494 0.000000
vt 0.512658 0.000000
vt 0.515823 0.000000
vt 0.518987 0.000000
vt 0.522152 0.000000
vt 0.528481 0.000000
vt 0.534810 0.000000
vt 0.544304 0.000000
vt 0.104294 0.000000
vt 0.079755 0.000000
vt 0.073620 0.000000
vt 0.061350 0.000000
vt 0.036810 0.000000
vt 0.012270 0.000000
vt 1.000000 0.000000
vt 0.987730 0.000000
vt 0.981595 0.000000
vt 0.975460 0.000000
vt 0.969325 0.000000
vt 0.963190 0.000000
vt 0.957055 0.000000
vt 0.950920 0.000000
vt 0.938650 0.000000
vt 0.877301 0.000000
vt 0.779141 0.000000
vt 0.754601 0.000000
vt 0.742331 0.000000
vt 0.736196 0.000000
vt 0.730061 0.000000
vt 0.723926 0.000000
vt 0.717791 0.000000
vt 0.699386 0.000000
vt 0.693252 0.000000
vt 0.680982 0.000000
vt 0.668712 0.000000
vt 0.656442 0.000000
vt 0.631902 0.000000
vt 0.619632 0.000000
vt 0.607362 0.000000
vt 0.595092 0.000000
vt 0.582822 0.000000
vt 0.570552 0.000000
vt 0.558282 0.000000
vt 0.552147 0.000000
vt 0.546012 0.000000
vt 0.539877 0.000000
vt 0.533742 0.000000
vt 0.527607 0.000000
vt 0.515337 0.000000
vt 0.503067 0.000000
vt 0.490798 0.000000
vt 0.478528 0.000000
vt 0.466258 0.000000
vt 0.453988 0.000000
vt 0.441718 0.000000
vt 0.435583 0.000000
vt 0.429448 0.000000
vt 0.423313 0.000000
vt 0.417178 0.000000
vt 0.411043 0.000000
vt 0.404908 0.000000
vt 0.398773 0.000000
vt 0.386503 0.000000
vt 0.343558 0.000000
vt 0.269939 0.000000
vt 0.220859 0.000000
vt 0.214724 0.000000
vt 0.208589 0.000000
vt 0.202454 0.000000
vt 0.196319 0.000000
vt 0.190184 0.000000
vt 0.184049 0.000000
vt 0.177914 0.000000
vt 0.165644 0.000000
vt 0.153374 0.000000
vt 0.128834 0.000000
vt 0.821538 0.000000
vt 0.833846 0.000000
vt 0.849231 0.000000
vt 0.861538 0.000000
vt 0.867692 0.000000
vt 0.873846 0.000000
vt 0.880000 0.000000
vt 0.892308 0.000000
vt 0.898462 0.000000
vt 0.904615 0.000000
vt 0.910769 0.000000
vt 0.916923 0.000000
vt 0.923077 0.000000
vt 0.929231 0.000000
vt 0.935385 0.000000
vt 0.947692 0.000000
vt 0.981538 0.000000
vt 0.984615 0.000000
vt 0.987692 0.000000
vt 0.990769 0.000000
vt 0.993846 0.000000
vt 0.996923 0.000000
vt 1.000000 0.000000
vt 0.000000 0.000000
vt 0.012308 0.000000
vt 0.024615 0.000000
vt 0.036923 0.000000
vt 0.043077 0.000000
vt 0.049231 0.000000
vt 0.055385 0.000000
vt 0.064615 0.000000
vt 0.070769 0.000000
vt 0.076923 0.000000
vt 0.086154 0.000000
vt 0.095385 0.000000
vt 0.104615 0.000000
vt 0.110769 0.000000
vt 0.120000 0.000000
vt 0.132308 0.000000
vt 0.144615 0.000000
vt 0.160000 0.000000
vt 0.166154 0.000000
vt 0.169231 0.000000
vt 0.172308 0.000000
vt 0.175385 0.000000
vt 0.178462 0.000000
vt 0.181538 0.000000
vt 0.184615 0.000000
vt 0.187692 0.000000
vt 0.196923 0.000000
vt 0.203077 0.000000
vt 0.206154 0.000000
vt 0.212308 0.000000
vt 0.218462 0.000000
vt 0.224615 0.000000
vt 0.298462 0.000000
vt 0.310769 0.000000
vt 0.323077 0.000000
vt 0.335385 0.000000
vt 0.341538 0.000000
vt 0.347692 0.000000
vt 0.353846 0.000000
vt 0.360000 0.000000
vt 0.372308 0.000000
vt 0.378462 0.000000
vt 0.384615 0.000000
vt 0.390769 0.000000
vt 0.393846 0.000000
vt 0.400000 0.000000
vt 0.406154 0.000000
vt 0.412308 0.000000
vt 0.418462 0.000000
vt 0.430769 0.000000
vt 0.455385 0.000000
vt 0.467692 0.000000
vt 0.473846 0.000000
vt 0.480000 0.000000
vt 0.483077 0.000000
vt 0.486154 0.000000
vt 0.489231 0.000000
vt 0.492308 0.000000
vt 0.495385 0.000000
vt 0.498462 0.000000
vt 0.504615 0.000000
vt 0.510769 0.000000
vt 0.526154 0.000000
vt 0.553846 0.000000
vt 0.563077 0.000000
vt 0.572308 0.000000
vt 0.578462 0.000000
vt 0.587692 0.000000
vt 0.590769 0.000000
vt 0.596923 0.000000
vt 0.609231 0.000000
vt 0.621538 0.000000
vt 0.646154 0.000000
vt 0.649231 0.000000
vt 0.652308 0.000000
vt 0.655385 0.000000
vt 0.658462 0.000000
vt 0.664615 0.000000
vt 0.667692 0.000000
vt 0.673846 0.000000
vt 0.680000 0.000000
vt 0.683077 0.000000
vt 0.692308 0.000000
vt 0.695385 0.000000
vt 0.698462 0.000000
vt 0.704615 0.000000
vt 0.713846 0.000000
vt 0.716923 0.000000
vt 0.726154 0.000000
vt 0.729231 0.000000
vt 0.732308 0.000000
vt 0.735385 0.000000
vt 0.738462 0.000000
vt 0.778481 0.000000
vt 0.784810 0.000000
vt 0.791139 0.000000
vt 0.797468 0.000000
vt 0.800633 0.000000
vt 0.806962 0.000000
vt 0.813291 0.000000
vt 0.816456 0.000000
vt 0.819620 0.000000
vt 0.825949 0.000000
vt 0.838608 0.000000
vt 0.851266 0.000000
vt 0.857595 0.000000
vt 0.860759 0.000000
vt 0.863924 0.000000
vt 0.870253 0.000000
vt 0.876582 0.000000
vt 0.879747 0.000000
vt 0.886076 0.000000
vt 0.895570 0.000000
vt 0.901899 0.000000
vt 0.908228 0.000000
vt 0.927215 0.000000
vt 0.958861 0.000000
vt 0.962025 0.000000
vt 0.000000 0.000000
vt 0.003165 0.000000
vt 0.006329 0.000000
vt 0.009494 0.000000
vt 0.012658 0.000000
vt 0.015823 0.000000
vt 0.018987 0.000000
vt 0.022152 0.000000
vt 0.028481 0.000000
vt 0.034810 0.000000
vt 0.047468 0.000000
vt 0.053797 0.000000
vt 0.056962 0.000000
vt 0.060127 0.000000
vt 0.063291 0.000000
vt 0.066456 0.000000
vt 0.069620 0.000000
vt 0.072785 0.000000
vt 0.075949 0.000000
vt 0.082278 0.000000
vt 0.088608 0.000000
vt 0.094937 0.000000
vt 0.101266 0.000000
vt 0.107595 0.000000
vt 0.126582 0.000000
vt 0.193038 0.000000
vt 0.199367 0.000000
vt 0.205696 0.000000
vt 0.208861 0.000000
vt 0.227848 0.000000
vt 0.234177 0.000000
vt 0.237342 0.000000
vt 0.240506 0.000000
vt 0.246835 0.000000
vt 0.259494 0.000000
vt 0.268987 0.000000
vt 0.547468 0.000000
vt 0.553797 0.000000
vt 0.556962 0.000000
vt 0.560127 0.000000
vt 0.563291 0.000000
vt 0.566456 0.000000
vt 0.569620 0.000000
vt 0.572785 0.000000
vt 0.575949 0.000000
vt 0.582278 0.000000
vt 0.588608 0.000000
vt 0.594937 0.000000
vt 0.601266 0.000000
vt 0.607595 0.000000
vt 0.626582 0.000000
vt 0.715190 0.000000
vt 0.727848 0.000000
vt 0.734177 0.000000
vt 0.740506 0.000000
vt 0.746835 0.000000
vt 0.759494 0.000000
vt 0.772152 0.000000
vt 0.809524 0.000000
vt 0.809524 0.000000
vt 0.800866 0.000000
vt 0.800866 0.000000
vt 0.520000 0.000000
vt 0.988571 0.000000
vt 1.000000 0.000000
vt 0.000000 0.000000
vt 0.333333 0.000000
vt 0.666667 0.000000
vt 0.457143 0.000000
vt 0.466667 0.000000
vt 0.476190 0.000000
vt 0.485714 0.000000
vt 0.495238 0.000000
vt 0.504762 0.000000
vt 0.523810 0.000000
vt 0.542857 0.000000
vt 0.561905 0.000000
vt 0.571429 0.000000
vt 0.580952 0.000000
vt 0.585714 0.000000
vt 0.900000 0.000000
vt 0.904762 0.000000
vt 0.914286 0.000000
vt 0.919048 0.000000
vt 0.207792 0.000000
vt 0.199134 0.000000
vt 0.895238 0.000000
vt 0.000000 0.000000
vt 0.083333 0.000000
vt 0.166667 0.000000
vt 0.250000 0.000000
vt 0.333333 0.000000
vt 0.416667 0.000000
vt 0.500000 0.000000
vt 0.583333 0.000000
vt 0.666667 0.000000
vt 0.750000 0.000000
vt 0.833333 0.000000
vt 0.916667 0.000000
vt 1.000000 0.000000
vt 0.497143 0.000000
vt 0.474286 0.000000
vt 0.434286 0.000000
vt 0.428571 0.000000
vt 0.440000 0.000000
vt 0.445714 0.000000
vt 0.931429 0.000000
vt 0.925714 0.000000
vt 0.506494 0.000000
vt 0.532468 0.000000
vt 0.502164 0.000000
vt 0.937143 0.000000
vt 0.742857 0.000000
vt 0.748571 0.000000
vt 0.742857 0.000000
vt 0.695385 0.000000
vt 0.686154 0.000000
vt 0.770563 0.000000
vt 0.792208 0.000000
vt 0.880952 0.000000
vt 0.861905 0.000000
vt 0.954286 0.000000
vt 0.948571 0.000000
vt 0.251429 0.000000
vt 0.245714 0.000000
vt 0.240000 0.000000
vt 0.234286 0.000000
vt 0.228571 0.000000
vt 0.685714 0.000000
vt 0.685714 0.000000
vt 0.634286 0.000000
vt 0.422857 0.000000
vt 0.417143 0.000000
vt 0.411429 0.000000
vt 0.844156 0.000000
vt 0.826840 0.000000
vt 0.653680 0.000000
vt 0.619048 0.000000
vt 0.593074 0.000000
vt 0.588745 0.000000
vt 0.367965 0.000000
vt 0.536797 0.000000
vt 0.541126 0.000000
vt 0.536797 0.000000
vt 0.861472 0.000000
vt 0.852814 0.000000
vt 0.173160 0.000000
vt 0.129870 0.000000
vt 0.965714 0.000000
vt 0.350649 0.000000
vt 0.904762 0.000000
vt 0.887446 0.000000
vt 0.190476 0.000000
vt 0.181818 0.000000
vt 0.537143 0.000000
vt 0.531429 0.000000
vt 0.525714 0.000000
vt 0.316017 0.000000
vt 0.303030 0.000000
vt 0.961905 0.000000
vt 0.952381 0.000000
vt 0.233766 0.000000
vt 0.216450 0.000000
vt 0.251082 0.000000
vt 0.268398 0.000000
vt 0.939394 0.000000
vt 0.930736 0.000000
vt 0.584615 0.000000
vt 0.581538 0.000000
vt 0.868571 0.000000
vt 0.120000 0.000000
vt 0.137143 0.000000
vt 0.262857 0.000000
vt 0.274286 0.000000
vt 0.280000 0.000000
vt 0.285714 0.000000
vt 0.291429 0.000000
vt 0.297143 0.000000
vt 0.302857 0.000000
vt 0.308571 0.000000
vt 0.320000 0.000000
vt 0.342857 0.000000
vt 0.365714 0.000000
vt 0.377143 0.000000
vt 0.388571 0.000000
vt 0.400000 0.000000
vt 0.462857 0.000000
vt 0.502857 0.000000
vt 0.508571 0.000000
vt 0.005714 0.000000
vt 0.028571 0.000000
vt 0.040000 0.000000
vt 0.051429 0.000000
vt 0.062857 0.000000
vt 0.074286 0.000000
vt 0.091429 0.000000
vt 0.885714 0.000000
vt 0.891429 0.000000
vt 0.902857 0.000000
vt 0.914286 0.000000
vt 0.977143 0.000000
vt 0.542857 0.000000
vt 0.548571 0.000000
vt 0.554286 0.000000
vt 0.560000 0.000000
vt 0.582857 0.000000
vt 0.594286 0.000000
vt 0.600000 0.000000
vt 0.605714 0.000000
vt 0.611429 0.000000
vt 0.754286 0.000000
vt 0.782857 0.000000
vt 0.800000 0.000000
vt 0.811429 0.000000
vt 0.822857 0.000000
vt 0.834286 0.000000
vt 0.857143 0.000000
vt 0.303030 0.000000
vt 0.285714 0.000000
vt 0.333333 0.000000
vt 0.341991 0.000000
vt 0.350649 0.000000
vt 0.216450 0.000000
vt 0.233766 0.000000
vt 0.251082 0.000000
vt 0.268398 0.000000
vt 0.272727 0.000000
vt 0.277056 0.000000
vt 0.281385 0.000000
vt 0.285714 0.000000
vt 0.324675 0.000000
vt 0.833333 0.000000
vt 0.823810 0.000000
vt 0.804762 0.000000
vt 0.705628 0.000000
vt 0.688312 0.000000
vt 0.000000 0.000000
vt 0.757143 0.000000
vt 0.752381 0.000000
vt 0.747619 0.000000
vt 0.742857 0.000000
vt 0.442857 0.000000
vt 0.423810 0.000000
vt 0.098462 0.000000
vt 0.098462 0.000000
vt 0.070769 0.000000
vt 0.073846 0.000000
vt 0.092308 0.000000
vt 0.055385 0.000000
vt 0.058462 0.000000
vt 0.190769 0.000000
vt 0.049231 0.000000
vt 0.052308 0.000000
vt 0.995238 0.000000
vt 0.671429 0.000000
vt 0.671429 0.000000
vt 0.107692 0.000000
vt 0.107692 0.000000
vt 0.601732 0.000000
vt 0.610390 0.000000
vt 0.181818 0.000000
vt 0.190476 0.000000
vt 0.199134 0.000000
vt 0.207792 0.000000
vt 0.316017 0.000000
vt 0.324675 0.000000
vt 0.333333 0.000000
vt 0.341991 0.000000
vt 0.662338 0.000000
vt 0.670996 0.000000
vt 0.722944 0.000000
vt 0.757576 0.000000
vt 0.805195 0.000000
vt 0.813853 0.000000
vt 0.870130 0.000000
vt 0.878788 0.000000
vt 0.913420 0.000000
vt 0.922078 0.000000
vt 0.956710 0.000000
vt 0.978355 0.000000
vt 0.995671 0.000000
vt 0.549784 0.000000
vt 0.562771 0.000000
vt 0.580087 0.000000
vt 0.723077 0.000000
vt 0.723077 0.000000
vt 0.720000 0.000000
vt 0.720000 0.000000
vt 0.713846 0.000000
vt 0.707692 0.000000
vt 0.556923 0.000000
vt 0.560000 0.000000
vt 0.560000 0.000000
vt 0.556923 0.000000
vt 0.566154 0.000000
vt 0.575385 0.000000
vt 0.575385 0.000000
vt 0.683077 0.000000
vt 0.673846 0.000000
vt 0.676923 0.000000
vt 0.809524 0.000000
vt 0.809524 0.000000
vt 0.923810 0.000000
vt 0.842857 0.000000
vt 0.080000 0.000000
vt 0.080000 0.000000
vt 0.966667 0.000000
vt 0.376190 0.000000
vt 0.971429 0.000000
vt 0.976190 0.000000
vt 0.885714 0.000000
vt 0.980952 0.000000
vt 0.985714 0.000000
vt 0.714286 0.000000
vt 0.719048 0.000000
vt 0.714286 0.000000
vt 0.738095 0.000000
vt 0.738095 0.000000
vt 0.761905 0.000000
vt 0.304762 0.000000
vt 0.295238 0.000000
vt 0.493506 0.000000
vt 0.014286 0.000000
vt 0.009524 0.000000
vt 0.776190 0.000000
vt 0.771429 0.000000
vt 0.019048 0.000000
vt 0.095238 0.000000
vt 0.076190 0.000000
vt 0.023810 0.000000
vt 0.119048 0.000000
vt 0.114286 0.000000
vt 0.028571 0.000000
vt 0.033333 0.000000
vt 0.038095 0.000000
vt 0.042857 0.000000
vt 0.047619 0.000000
vt 0.342857 0.000000
vt 0.338095 0.000000
vt 0.333333 0.000000
vt 0.328571 0.000000
vt 0.323810 0.000000
vt 0.223810 0.000000
vt 0.219048 0.000000
vt 0.319048 0.000000
vt 0.214286 0.000000
vt 0.209524 0.000000
vt 0.314286 0.000000
vt 0.204762 0.000000
vt 0.309524 0.000000
vt 0.266667 0.000000
vt 0.261905 0.000000
vt 0.914110 0.000000
vt 0.800866 0.000000
vt 0.805195 0.000000
vt 0.195238 0.000000
vt 0.366667 0.000000
vt 0.357143 0.000000
vt 0.347619 0.000000
vt 0.489177 0.000000
vt 0.493506 0.000000
vt 0.157143 0.000000
vt 0.138095 0.000000
vt 0.880000 0.000000
vt 0.536797 0.000000
vt 0.545455 0.000000
vt 0.545455 0.000000
vt 0.731429 0.000000
vt 0.691429 0.000000
vt 0.061538 0.000000
vt 0.067692 0.000000
vt 0.067692 0.000000
vt 0.061538 0.000000
vt 0.757576 0.000000
vt 0.796537 0.000000
vt 0.114286 0.000000
vt 0.877301 0.000000
vt 0.990506 0.000000
vt 0.071429 0.000000
vt 0.066667 0.000000
vt 0.061905 0.000000
vt 0.057143 0.000000
vt 0.795238 0.000000
vt 0.754286 0.000000
vt 0.446203 0.000000
vt 0.933333 0.000000
vt 0.185714 0.000000
vt 0.176190 0.000000
vt 0.942857 0.000000
vt 0.680952 0.000000
vt 0.785714 0.000000
vt 0.852381 0.000000
vt 0.600000 0.000000
vt 0.000000 0.000000
vt 0.161905 0.000000
vt 0.166667 0.000000
vt 0.171429 0.000000
vt 0.233333 0.000000
vt 0.242857 0.000000
vt 0.252381 0.000000
vt 0.276190 0.000000
vt 0.285714 0.000000
vt 0.549784 0.000000
vt 0.549784 0.000000
vt 0.449367 0.000000
vt 0.520000 0.000000
vt 0.089231 0.000000
vt 0.089231 0.000000
vt 0.676190 0.000000
vt 0.704762 0.000000
vt 0.676190 0.000000
vt 0.569231 0.000000
vt 0.569231 0.000000
vt 0.670769 0.000000
vt 0.000000 0.000000
vt 0.526154 0.000000
vt 0.813853 0.000000
vt 0.809524 0.000000
vt 0.813853 0.000000
vt 0.809524 0.000000
vt 0.805195 0.000000
vt 0.995671 0.000000
vt 0.493506 0.000000
vt 0.493506 0.000000
vt 0.995671 0.000000
vt 0.932308 0.000000
vt 0.941538 0.000000
vt 0.941538 0.000000
vt 0.932308 0.000000
vt 0.268398 0.000000
vt 0.285714 0.000000
vt 0.285714 0.000000
vt 0.268398 0.000000
vt 0.076923 0.000000
vt 0.070769 0.000000
vt 0.070769 0.000000
vt 0.076923 0.000000
vt 0.080000 0.000000
vt 0.341538 0.000000
vt 0.347692 0.000000
vt 0.347692 0.000000
vt 0.341538 0.000000
vt 0.388571 0.000000
vt 0.388571 0.000000
vt 0.400000 0.000000
vt 0.400000 0.000000
vt 0.342857 0.000000
vt 0.342857 0.000000
vt 0.320000 0.000000
vt 0.320000 0.000000
vt 0.040000 0.000000
vt 0.040000 0.000000
vt 0.034286 0.000000
vt 0.028571 0.000000
vt 0.028571 0.000000
vt 0.034286 0.000000
vt 0.051429 0.000000
vt 0.051429 0.000000
vt 0.536797 0.000000
vt 0.541126 0.000000
vt 0.545455 0.000000
vt 0.545455 0.000000
vt 0.731429 0.000000
vt 0.674286 0.000000
vt 0.680000 0.000000
vt 0.731429 0.000000
vt 0.902857 0.000000
vt 0.891429 0.000000
vt 0.891429 0.000000
vt 0.902857 0.000000
vt 0.137143 0.000000
vt 0.114286 0.000000
vt 0.114286 0.000000
vt 0.137143 0.000000
vt 0.704762 0.000000
vt 0.671429 0.000000
vt 0.676190 0.000000
vt 0.704762 0.000000
vt 0.493671 0.000000
vt 0.503165 0.000000
vt 0.503165 0.000000
vt 0.493671 0.000000
vt 0.908228 0.000000
vt 0.917722 0.000000
vt 0.927215 0.000000
vt 0.927215 0.000000
vt 0.917721 0.000000
vt 0.908228 0.000000
vt 0.558282 0.000000
vt 0.570552 0.000000
vt 0.570552 0.000000
vt 0.558282 0.000000
vt 0.822857 0.000000
vt 0.822857 0.000000
vt 0.834286 0.000000
vt 0.834286 0.000000
vt 0.441718 0.000000
vt 0.441718 0.000000
vt 0.453988 0.000000
vt 0.453988 0.000000
vt 0.811429 0.000000
vt 0.811429 0.000000
vt 0.938650 0.000000
vt 0.901841 0.000000
vt 0.901841 0.000000
vt 0.938650 0.000000
vt 0.913846 0.000000
vt 0.920000 0.000000
vt 0.920000 0.000000
vt 0.913846 0.000000
vt 0.379747 0.000000
vt 0.405063 0.000000
vt 0.405063 0.000000
vt 0.379747 0.000000
vt 0.754286 0.000000
vt 0.782857 0.000000
vt 0.782857 0.000000
vt 0.754286 0.000000
vt 0.224615 0.000000
vt 0.298462 0.000000
vt 0.298462 0.000000
vt 0.224615 0.000000
vt 0.047619 0.000000
vt 0.057143 0.000000
vt 0.057143 0.000000
vt 0.047619 0.000000
vt 0.091429 0.000000
vt 0.091429 0.000000
vt 0.074286 0.000000
vt 0.074286 0.000000
vt 0.580952 0.000000
vt 0.580952 0.000000
vt 0.571429 0.000000
vt 0.571429 0.000000
vt 0.082251 0.000000
vt 0.090909 0.000000
vt 0.090909 0.000000
vt 0.082251 0.000000
vt 0.594286 0.000000
vt 0.611429 0.000000
vt 0.611429 0.000000
vt 0.594286 0.000000
vt 0.937143 0.000000
vt 0.948571 0.000000
vt 0.948571 0.000000
vt 0.937143 0.000000
vt 0.582857 0.000000
vt 0.582857 0.000000
vt 0.754601 0.000000
vt 0.779141 0.000000
vt 0.779141 0.000000
vt 0.754601 0.000000
vt 0.954286 0.000000
vt 0.965714 0.000000
vt 0.965714 0.000000
vt 0.954286 0.000000
vt 0.821538 0.000000
vt 0.821538 0.000000
vt 0.738462 0.000000
vt 0.738462 0.000000
vt 0.462025 0.000000
vt 0.468354 0.000000
vt 0.468354 0.000000
vt 0.462025 0.000000
vt 0.251429 0.000000
vt 0.262857 0.000000
vt 0.262857 0.000000
vt 0.251429 0.000000
vt 0.274286 0.000000
vt 0.274286 0.000000
vt 0.025974 0.000000
vt 0.025974 0.000000
vt 0.008658 0.000000
vt 0.008658 0.000000
vt 0.914286 0.000000
vt 0.923810 0.000000
vt 0.923810 0.000000
vt 0.914286 0.000000
vt 0.377143 0.000000
vt 0.377143 0.000000
vt 0.485714 0.000000
vt 0.495238 0.000000
vt 0.495238 0.000000
vt 0.485714 0.000000
vt 0.497143 0.000000
vt 0.474286 0.000000
vt 0.474286 0.000000
vt 0.497143 0.000000
vt 0.350649 0.000000
vt 0.367965 0.000000
vt 0.367965 0.000000
vt 0.350649 0.000000
vt 0.977143 0.000000
vt 0.977143 0.000000
vt 0.463203 0.000000
vt 0.471861 0.000000
vt 0.471861 0.000000
vt 0.463203 0.000000
vt 0.022152 0.000000
vt 0.028481 0.000000
vt 0.028481 0.000000
vt 0.022152 0.000000
vt 0.060606 0.000000
vt 0.060606 0.000000
vt 0.051948 0.000000
vt 0.051948 0.000000
vt 0.454545 0.000000
vt 0.463203 0.000000
vt 0.463203 0.000000
vt 0.454545 0.000000
vt 0.428571 0.000000
vt 0.437229 0.000000
vt 0.437229 0.000000
vt 0.428571 0.000000
vt 0.099567 0.000000
vt 0.099567 0.000000
vt 0.185714 0.000000
vt 0.185714 0.000000
vt 0.195238 0.000000
vt 0.195238 0.000000
vt 0.662338 0.000000
vt 0.670996 0.000000
vt 0.670996 0.000000
vt 0.662338 0.000000
vt 0.933333 0.000000
vt 0.933333 0.000000
vt 0.738095 0.000000
vt 0.757143 0.000000
vt 0.757143 0.000000
vt 0.738095 0.000000
vt 0.653680 0.000000
vt 0.653680 0.000000
vt 0.636364 0.000000
vt 0.636364 0.000000
vt 0.645022 0.000000
vt 0.462857 0.000000
vt 0.445714 0.000000
vt 0.445714 0.000000
vt 0.462857 0.000000
vt 0.857143 0.000000
vt 0.857143 0.000000
vt 0.880000 0.000000
vt 0.880000 0.000000
vt 0.316017 0.000000
vt 0.316017 0.000000
vt 0.324675 0.000000
vt 0.324675 0.000000
vt 0.052308 0.000000
vt 0.061538 0.000000
vt 0.061538 0.000000
vt 0.055385 0.000000
vt 0.052308 0.000000
vt 0.252381 0.000000
vt 0.252381 0.000000
vt 0.242857 0.000000
vt 0.242857 0.000000
vt 0.870130 0.000000
vt 0.870130 0.000000
vt 0.861472 0.000000
vt 0.861472 0.000000
vt 0.181818 0.000000
vt 0.181818 0.000000
vt 0.173160 0.000000
vt 0.173160 0.000000
vt 0.913420 0.000000
vt 0.922078 0.000000
vt 0.922078 0.000000
vt 0.913420 0.000000
vt 0.842857 0.000000
vt 0.852381 0.000000
vt 0.852381 0.000000
vt 0.842857 0.000000
vt 0.926154 0.000000
vt 0.926154 0.000000
vt 0.199134 0.000000
vt 0.207792 0.000000
vt 0.207792 0.000000
vt 0.199134 0.000000
vt 0.947692 0.000000
vt 0.960000 0.000000
vt 0.960000 0.000000
vt 0.947692 0.000000
vt 0.216450 0.000000
vt 0.216450 0.000000
vt 0.207792 0.000000
vt 0.207792 0.000000
vt 0.285714 0.000000
vt 0.303030 0.000000
vt 0.303030 0.000000
vt 0.285714 0.000000
vt 0.268398 0.000000
vt 0.268398 0.000000
vt 0.619632 0.000000
vt 0.631902 0.000000
vt 0.631902 0.000000
vt 0.619632 0.000000
vt 0.656442 0.000000
vt 0.668712 0.000000
vt 0.668712 0.000000
vt 0.656442 0.000000
vt 0.034632 0.000000
vt 0.043290 0.000000
vt 0.043290 0.000000
vt 0.034632 0.000000
vt 0.680982 0.000000
vt 0.680982 0.000000
vt 0.582822 0.000000
vt 0.595092 0.000000
vt 0.595092 0.000000
vt 0.582822 0.000000
vt 0.516923 0.000000
vt 0.556923 0.000000
vt 0.556923 0.000000
vt 0.516923 0.000000
vt 0.826840 0.000000
vt 0.826840 0.000000
vt 0.813853 0.000000
vt 0.503067 0.000000
vt 0.503067 0.000000
vt 0.515337 0.000000
vt 0.515337 0.000000
vt 0.490798 0.000000
vt 0.490798 0.000000
vt 0.478528 0.000000
vt 0.478528 0.000000
vt 0.466258 0.000000
vt 0.466258 0.000000
vt 0.904762 0.000000
vt 0.904762 0.000000
vt 0.887446 0.000000
vt 0.887446 0.000000
vt 0.670996 0.000000
vt 0.679654 0.000000
vt 0.688312 0.000000
vt 0.688312 0.000000
vt 0.670996 0.000000
vt 0.784810 0.000000
vt 0.791139 0.000000
vt 0.791139 0.000000
vt 0.784810 0.000000
vt 0.067692 0.000000
vt 0.067692 0.000000
vt 0.645022 0.000000
vt 0.653680 0.000000
vt 0.653680 0.000000
vt 0.636364 0.000000
vt 0.636364 0.000000
vt 0.588608 0.000000
vt 0.588608 0.000000
vt 0.582278 0.000000
vt 0.582278 0.000000
vt 0.061350 0.000000
vt 0.073620 0.000000
vt 0.073620 0.000000
vt 0.061350 0.000000
vt 1.000000 0.000000
vt 0.012270 0.000000
vt 0.012270 0.000000
vt 1.000000 0.000000
vt 0.536797 0.000000
vt 0.545455 0.000000
vt 0.545455 0.000000
vt 0.536797 0.000000
vt 0.144615 0.000000
vt 0.160000 0.000000
vt 0.160000 0.000000
vt 0.144615 0.000000
vt 0.220859 0.000000
vt 0.269939 0.000000
vt 0.269939 0.000000
vt 0.220859 0.000000
vt 0.165644 0.000000
vt 0.165644 0.000000
vt 0.177914 0.000000
vt 0.177914 0.000000
vt 0.457143 0.000000
vt 0.466667 0.000000
vt 0.466667 0.000000
vt 0.457143 0.000000
vt 0.562771 0.000000
vt 0.580087 0.000000
vt 0.580087 0.000000
vt 0.562771 0.000000
vt 0.294304 0.000000
vt 0.300633 0.000000
vt 0.300633 0.000000
vt 0.294304 0.000000
vt 0.619048 0.000000
vt 0.619048 0.000000
vt 0.335443 0.000000
vt 0.341772 0.000000
vt 0.341772 0.000000
vt 0.335443 0.000000
vt 0.348101 0.000000
vt 0.348101 0.000000
vt 0.354430 0.000000
vt 0.354430 0.000000
vt 0.360759 0.000000
vt 0.360759 0.000000
vt 0.153374 0.000000
vt 0.153374 0.000000
vt 0.528481 0.000000
vt 0.528481 0.000000
vt 0.534810 0.000000
vt 0.534810 0.000000
vt 0.522152 0.000000
vt 0.522152 0.000000
vt 0.553797 0.000000
vt 0.553797 0.000000
vt 0.547468 0.000000
vt 0.547468 0.000000
vt 0.196203 0.000000
vt 0.208861 0.000000
vt 0.208861 0.000000
vt 0.196203 0.000000
vt 0.995671 0.000000
vt 0.995671 0.000000
vt 0.502164 0.000000
vt 0.523810 0.000000
vt 0.519481 0.000000
vt 0.142857 0.000000
vt 0.142857 0.000000
vt 0.129870 0.000000
vt 0.129870 0.000000
vt 0.594937 0.000000
vt 0.594937 0.000000
vt 0.474684 0.000000
vt 0.474684 0.000000
vt 0.699386 0.000000
vt 0.717791 0.000000
vt 0.717791 0.000000
vt 0.699386 0.000000
vt 0.510769 0.000000
vt 0.510769 0.000000
vt 0.455385 0.000000
vt 0.455385 0.000000
vt 0.430769 0.000000
vt 0.430769 0.000000
vt 0.308571 0.000000
vt 0.308571 0.000000
vt 0.473846 0.000000
vt 0.473846 0.000000
vt 0.480000 0.000000
vt 0.480000 0.000000
vt 0.950920 0.000000
vt 0.950920 0.000000
vt 0.715190 0.000000
vt 0.715190 0.000000
vt 0.708861 0.000000
vt 0.708861 0.000000
vt 0.562771 0.000000
vt 0.562771 0.000000
vt 0.549784 0.000000
vt 0.549784 0.000000
vt 0.727848 0.000000
vt 0.734177 0.000000
vt 0.734177 0.000000
vt 0.727848 0.000000
vt 0.740506 0.000000
vt 0.740506 0.000000
vt 0.132308 0.000000
vt 0.132308 0.000000
vt 0.034632 0.000000
vt 0.034632 0.000000
vt 0.126582 0.000000
vt 0.126582 0.000000
vt 0.101266 0.000000
vt 0.101266 0.000000
vt 0.107595 0.000000
vt 0.107595 0.000000
vt 0.489231 0.000000
vt 0.498462 0.000000
vt 0.498462 0.000000
vt 0.489231 0.000000
vt 0.082278 0.000000
vt 0.088608 0.000000
vt 0.088608 0.000000
vt 0.082278 0.000000
vt 0.757576 0.000000
vt 0.757576 0.000000
vt 0.787879 0.000000
vt 0.787879 0.000000
vt 0.075949 0.000000
vt 0.075949 0.000000
vt 0.778481 0.000000
vt 0.778481 0.000000
vt 0.047468 0.000000
vt 0.053797 0.000000
vt 0.053797 0.000000
vt 0.047468 0.000000
vt 0.642857 0.000000
vt 0.642857 0.000000
vt 0.595238 0.000000
vt 0.591333 0.000000
vt 0.590476 0.000000
vt 0.590476 0.000000
vt 0.638095 0.000000
vt 0.609231 0.000000
vt 0.621538 0.000000
vt 0.621538 0.000000
vt 0.609231 0.000000
vt 0.901899 0.000000
vt 0.901899 0.000000
vt 0.895570 0.000000
vt 0.895570 0.000000
vt 0.797468 0.000000
vt 0.797468 0.000000
vt 0.886076 0.000000
vt 0.886076 0.000000
vt 0.870253 0.000000
vt 0.870253 0.000000
vt 0.876582 0.000000
vt 0.876582 0.000000
vt 0.504762 0.000000
vt 0.523810 0.000000
vt 0.523810 0.000000
vt 0.504762 0.000000
vt 0.012308 0.000000
vt 0.012308 0.000000
vt 0.000000 0.000000
vt 0.000000 0.000000
vt 0.785714 0.000000
vt 0.785714 0.000000
vt 0.776190 0.000000
vt 0.776190 0.000000
vt 0.695385 0.000000
vt 0.704615 0.000000
vt 0.704615 0.000000
vt 0.695385 0.000000
vt 0.975385 0.000000
vt 0.981539 0.000000
vt 0.981538 0.000000
vt 0.975385 0.000000
vt 0.094937 0.000000
vt 0.094937 0.000000
vt 0.795238 0.000000
vt 0.795238 0.000000
vt 0.549784 0.000000
vt 0.549784 0.000000
vt 0.561905 0.000000
vt 0.561905 0.000000
vt 0.542857 0.000000
vt 0.542857 0.000000
vt 0.898462 0.000000
vt 0.904615 0.000000
vt 0.904615 0.000000
vt 0.898462 0.000000
vt 0.036810 0.000000
vt 0.036810 0.000000
vt 0.261905 0.000000
vt 0.261905 0.000000
vt 0.892308 0.000000
vt 0.892308 0.000000
vt 0.212308 0.000000
vt 0.212308 0.000000
vt 0.206154 0.000000
vt 0.206154 0.000000
vt 0.218462 0.000000
vt 0.218462 0.000000
vt 0.873846 0.000000
vt 0.880000 0.000000
vt 0.880000 0.000000
vt 0.873846 0.000000
vt 0.867692 0.000000
vt 0.867692 0.000000
vt 0.861538 0.000000
vt 0.861538 0.000000
vt 0.353846 0.000000
vt 0.353846 0.000000
vt 0.276190 0.000000
vt 0.276190 0.000000
vt 0.266667 0.000000
vt 0.266667 0.000000
vt 0.520000 0.000000
vt 0.537143 0.000000
vt 0.537143 0.000000
vt 0.520000 0.000000
vt 0.110769 0.000000
vt 0.120000 0.000000
vt 0.120000 0.000000
vt 0.110769 0.000000
vt 0.759494 0.000000
vt 0.759494 0.000000
vt 0.746835 0.000000
vt 0.746835 0.000000
vt 0.062857 0.000000
vt 0.062857 0.000000
vt 0.646154 0.000000
vt 0.646154 0.000000
vt 0.481013 0.000000
vt 0.481013 0.000000
vt 0.234177 0.000000
vt 0.240506 0.000000
vt 0.240506 0.000000
vt 0.227848 0.000000
vt 0.227848 0.000000
vt 0.662338 0.000000
vt 0.662338 0.000000
vt 0.390769 0.000000
vt 0.390769 0.000000
vt 0.384615 0.000000
vt 0.384615 0.000000
vt 0.504615 0.000000
vt 0.504615 0.000000
vt 0.412308 0.000000
vt 0.412308 0.000000
vt 0.406154 0.000000
vt 0.406154 0.000000
vt 0.418462 0.000000
vt 0.418462 0.000000
vt 0.476191 0.000000
vt 0.476190 0.000000
vt 0.310127 0.000000
vt 0.322785 0.000000
vt 0.322785 0.000000
vt 0.310127 0.000000
vt 0.942857 0.000000
vt 0.942857 0.000000
vt 0.005714 0.000000
vt 0.005714 0.000000
vt 0.995238 0.000000
vt 0.995238 0.000000
vt 0.985714 0.000000
vt 0.985714 0.000000
vt 0.365714 0.000000
vt 0.365714 0.000000
vt 0.246835 0.000000
vt 0.259494 0.000000
vt 0.259494 0.000000
vt 0.246835 0.000000
vt 0.335385 0.000000
vt 0.335385 0.000000
vt 0.378462 0.000000
vt 0.378462 0.000000
vt 0.372308 0.000000
vt 0.372308 0.000000
vt 0.104294 0.000000
vt 0.128834 0.000000
vt 0.128834 0.000000
vt 0.104294 0.000000
vt 0.833333 0.000000
vt 0.833333 0.000000
vt 0.823810 0.000000
vt 0.823810 0.000000
vt 0.910769 0.000000
vt 0.910769 0.000000
vt 0.575949 0.000000
vt 0.575949 0.000000
vt 0.376190 0.000000
vt 0.376190 0.000000
vt 0.342857 0.000000
vt 0.342857 0.000000
vt 0.679654 0.000000
vt 0.688312 0.000000
vt 0.688312 0.000000
vt 0.386503 0.000000
vt 0.386503 0.000000
vt 0.343558 0.000000
vt 0.343558 0.000000
vt 0.360000 0.000000
vt 0.360000 0.000000
vt 0.705628 0.000000
vt 0.705628 0.000000
vt 0.204762 0.000000
vt 0.204762 0.000000
vt 0.804762 0.000000
vt 0.804762 0.000000
vt 0.295238 0.000000
vt 0.295238 0.000000
vt 0.304762 0.000000
vt 0.304762 0.000000
vt 0.285714 0.000000
vt 0.285714 0.000000
vt 0.176190 0.000000
vt 0.176190 0.000000
vt 0.883436 0.000000
vt 0.883436 0.000000
vt 0.863924 0.000000
vt 0.863924 0.000000
vt 0.851266 0.000000
vt 0.851266 0.000000
vt 0.043290 0.000000
vt 0.043290 0.000000
vt 0.064935 0.000000
vt 0.064935 0.000000
vt 0.051948 0.000000
vt 0.051948 0.000000
vt 0.844156 0.000000
vt 0.844156 0.000000
vt 0.428571 0.000000
vt 0.437229 0.000000
vt 0.437229 0.000000
vt 0.428571 0.000000
vt 0.610390 0.000000
vt 0.610390 0.000000
vt 0.607362 0.000000
vt 0.607362 0.000000
vt 0.861905 0.000000
vt 0.880952 0.000000
vt 0.880952 0.000000
vt 0.861905 0.000000
vt 0.580087 0.000000
vt 0.580087 0.000000
vt 0.722944 0.000000
vt 0.722944 0.000000
vt 0.742331 0.000000
vt 0.742331 0.000000
vt 0.350649 0.000000
vt 0.367965 0.000000
vt 0.367965 0.000000
vt 0.350649 0.000000
vt 0.952381 0.000000
vt 0.952381 0.000000
vt 0.722944 0.000000
vt 0.722944 0.000000
vt 0.813853 0.000000
vt 0.826840 0.000000
vt 0.826840 0.000000
vt 0.813853 0.000000
vt 0.813291 0.000000
vt 0.813291 0.000000
vt 0.806962 0.000000
vt 0.806962 0.000000
vt 0.844156 0.000000
vt 0.852814 0.000000
vt 0.852814 0.000000
vt 0.844156 0.000000
vt 0.930736 0.000000
vt 0.939394 0.000000
vt 0.939394 0.000000
vt 0.930736 0.000000
vt 0.861472 0.000000
vt 0.861472 0.000000
vt 0.930736 0.000000
vt 0.930736 0.000000
vt 0.870130 0.000000
vt 0.870130 0.000000
vt 0.878788 0.000000
vt 0.887446 0.000000
vt 0.887446 0.000000
vt 0.878788 0.000000
vt 0.228571 0.000000
vt 0.228571 0.000000
vt 0.341991 0.000000
vt 0.341991 0.000000
vt 0.190476 0.000000
vt 0.199134 0.000000
vt 0.199134 0.000000
vt 0.190476 0.000000
vt 0.324675 0.000000
vt 0.333333 0.000000
vt 0.333333 0.000000
vt 0.324675 0.000000
vt 0.316017 0.000000
vt 0.316017 0.000000
vt 0.216450 0.000000
vt 0.216450 0.000000
vt 0.233333 0.000000
vt 0.233333 0.000000
vt 0.800633 0.000000
vt 0.800633 0.000000
vt 0.467692 0.000000
vt 0.467692 0.000000
vt 0.531687 0.755582
vt 0.553572 0.770833
vt 0.561583 0.791667
vt 0.561583 1.000000
vt 0.375000 1.000000
vt 0.375000 0.750000
vt 0.501792 0.750000
vt 0.125000 0.500000
vt 0.375000 0.500000
vt 0.125000 0.750000
vt 0.580835 0.994106
vt 0.625000 0.791667
vt 0.625000 0.880272
vt 0.621395 0.917220
vt 0.611699 0.950529
vt 0.597823 0.977032
vt 0.625000 0.369728
vt 0.625000 0.458333
vt 0.561583 0.458333
vt 0.561583 0.250000
vt 0.580835 0.255894
vt 0.597823 0.272968
vt 0.611699 0.299471
vt 0.621395 0.332780
vt 0.375000 0.250000
vt 0.553572 0.479167
vt 0.531687 0.494418
vt 0.501792 0.500000
vt 0.755272 0.721591
vt 0.755272 0.732955
vt 0.666667 0.732955
vt 0.666667 0.517045
vt 0.755272 0.517045
vt 0.755272 0.527531
vt 0.684545 0.528409
vt 0.684545 0.721591
vt 0.582722 0.728248
vt 0.603861 0.730601
vt 0.531687 0.750000
vt 0.623341 0.733400
vt 0.561583 0.750000
vt 0.557577 0.770833
vt 0.623341 0.770833
vt 0.582722 0.521752
vt 0.531687 0.500000
vt 0.603861 0.519399
vt 0.561583 0.500000
vt 0.623341 0.516600
vt 0.623341 0.479167
vt 0.557577 0.479167
vt 0.645833 0.517676
vt 0.645833 0.732324
vt 0.476282 0.684295
vt 0.461973 0.684996
vt 0.458210 0.684999
vt 0.457426 0.684943
vt 0.456213 0.684807
vt 0.454525 0.684527
vt 0.453733 0.684339
vt 0.453085 0.684108
vt 0.452581 0.683836
vt 0.452221 0.683521
vt 0.452005 0.683165
vt 0.452023 0.682359
vt 0.452293 0.681973
vt 0.452743 0.681610
vt 0.453373 0.681270
vt 0.454183 0.680952
vt 0.456291 0.680390
vt 0.459418 0.679874
vt 0.462262 0.679616
vt 0.477493 0.678993
vt 0.478640 0.679024
vt 0.479440 0.679080
vt 0.480693 0.679216
vt 0.482461 0.679496
vt 0.483297 0.679685
vt 0.483658 0.679795
vt 0.484266 0.680046
vt 0.484722 0.680340
vt 0.485026 0.680675
vt 0.485175 0.681464
vt 0.484659 0.682235
vt 0.484143 0.682586
vt 0.483455 0.682915
vt 0.481570 0.683504
vt 0.479158 0.683968
vt 0.481977 0.657338
vt 0.482877 0.657576
vt 0.483577 0.657879
vt 0.484077 0.658247
vt 0.484377 0.658679
vt 0.484477 0.659176
vt 0.484181 0.660101
vt 0.483293 0.660888
vt 0.482627 0.661229
vt 0.481813 0.661537
vt 0.480851 0.661810
vt 0.479741 0.662049
vt 0.478483 0.662253
vt 0.475523 0.662558
vt 0.462045 0.663206
vt 0.459037 0.663236
vt 0.457893 0.663176
vt 0.457135 0.663095
vt 0.455631 0.662837
vt 0.454528 0.662557
vt 0.454203 0.662444
vt 0.453645 0.662184
vt 0.453211 0.661880
vt 0.452901 0.661533
vt 0.452653 0.660705
vt 0.452765 0.660257
vt 0.453101 0.659830
vt 0.453661 0.659423
vt 0.454445 0.659036
vt 0.456685 0.658325
vt 0.480877 0.657164
vt 0.475459 0.554926
vt 0.478251 0.554920
vt 0.479440 0.554994
vt 0.480693 0.555130
vt 0.482461 0.555409
vt 0.483297 0.555598
vt 0.483658 0.555708
vt 0.484266 0.555960
vt 0.484722 0.556253
vt 0.485026 0.556589
vt 0.485175 0.557377
vt 0.484659 0.558148
vt 0.484143 0.558500
vt 0.483455 0.558829
vt 0.481570 0.559417
vt 0.479158 0.559882
vt 0.476282 0.560209
vt 0.461383 0.560925
vt 0.458974 0.560941
vt 0.458210 0.560913
vt 0.457426 0.560857
vt 0.456213 0.560720
vt 0.454525 0.560441
vt 0.453733 0.560252
vt 0.453085 0.560022
vt 0.452581 0.559749
vt 0.452221 0.559435
vt 0.452005 0.559078
vt 0.452023 0.558272
vt 0.452293 0.557886
vt 0.452743 0.557524
vt 0.453373 0.557183
vt 0.454183 0.556866
vt 0.456291 0.556304
vt 0.459418 0.555788
vt 0.462262 0.555530
vt 0.474586 0.532656
vt 0.478519 0.532644
vt 0.479653 0.532738
vt 0.481221 0.532962
vt 0.482420 0.533204
vt 0.483100 0.533413
vt 0.483644 0.533662
vt 0.484052 0.533953
vt 0.484460 0.534656
vt 0.484252 0.535776
vt 0.483852 0.536292
vt 0.483252 0.536731
vt 0.482452 0.537092
vt 0.481452 0.537376
vt 0.480877 0.537489
vt 0.456685 0.538650
vt 0.455453 0.538436
vt 0.454921 0.538304
vt 0.454025 0.537990
vt 0.453353 0.537610
vt 0.452905 0.537163
vt 0.452671 0.536187
vt 0.452941 0.535661
vt 0.453805 0.534991
vt 0.455245 0.534354
vt 0.456181 0.534064
vt 0.457855 0.533701
vt 0.460591 0.533353
vt 0.787183 0.527117
vt 0.790586 0.516211
vt 0.790586 0.527117
vt 0.790586 0.721591
vt 0.790586 0.733789
vt 0.819076 0.513790
vt 0.819076 0.736210
vt 0.810377 0.721591
vt 0.810377 0.527108
vt 0.625000 0.017045
vt 0.625000 0.232955
vt 0.594647 0.239981
vt 0.594647 0.010019
vt 0.580076 0.244733
vt 0.580076 0.005267
vt 0.561583 0.000000
vt 0.375000 0.000000
vt 0.424731 0.000000
vt 0.375000 0.000000
vt 0.375000 0.250000
vt 0.424731 0.250000
vt 0.375000 0.500000
vt 0.418970 0.500000
vt 0.424840 0.364905
vt 0.426086 0.301045
vt 0.426219 0.294242
vt 0.375000 0.750000
vt 0.418970 0.750000
vt 0.426219 0.955722
vt 0.424841 0.885067
vt 0.375000 1.000000
vt 0.424731 1.000000
vt 0.125000 0.500000
vt 0.125000 0.750000
vt 0.501792 0.750000
vt 0.375000 0.750000
vt 0.375000 1.000000
vt 0.561583 1.000000
vt 0.561583 0.791667
vt 0.553572 0.770833
vt 0.531687 0.755582
vt 0.125000 0.500000
vt 0.125000 0.750000
vt 0.375000 0.500000
vt 0.611699 0.950529
vt 0.621395 0.917220
vt 0.625000 0.880272
vt 0.625000 0.791667
vt 0.580835 0.994106
vt 0.597823 0.977032
vt 0.611699 0.299471
vt 0.597823 0.272968
vt 0.580835 0.255894
vt 0.561583 0.250000
vt 0.561583 0.458333
vt 0.625000 0.458333
vt 0.625000 0.369728
vt 0.621395 0.332780
vt 0.531687 0.494418
vt 0.553572 0.479167
vt 0.375000 0.250000
vt 0.501792 0.500000
vt 0.755272 0.517045
vt 0.666667 0.517045
vt 0.666667 0.732955
vt 0.755272 0.732955
vt 0.755272 0.721591
vt 0.684545 0.721591
vt 0.684545 0.528409
vt 0.755272 0.527531
vt 0.531687 0.750000
vt 0.603861 0.730601
vt 0.582722 0.728248
vt 0.561583 0.750000
vt 0.623341 0.733400
vt 0.557577 0.770833
vt 0.623341 0.770833
vt 0.582722 0.521752
vt 0.603861 0.519399
vt 0.531687 0.500000
vt 0.623341 0.516600
vt 0.561583 0.500000
vt 0.623341 0.479167
vt 0.557577 0.479167
vt 0.645833 0.732324
vt 0.645833 0.517676
vt 0.459639 0.685451
vt 0.474379 0.684704
vt 0.477341 0.684366
vt 0.479824 0.683892
vt 0.480879 0.683604
vt 0.481764 0.683293
vt 0.482472 0.682960
vt 0.483003 0.682604
vt 0.483356 0.682226
vt 0.483533 0.681826
vt 0.483377 0.681032
vt 0.483064 0.680695
vt 0.482593 0.680401
vt 0.481967 0.680149
vt 0.481595 0.680040
vt 0.480733 0.679852
vt 0.478912 0.679575
vt 0.476798 0.679387
vt 0.476002 0.679361
vt 0.475238 0.679360
vt 0.472913 0.679400
vt 0.459926 0.680026
vt 0.456997 0.680293
vt 0.453775 0.680821
vt 0.451604 0.681393
vt 0.450770 0.681715
vt 0.450121 0.682060
vt 0.449658 0.682427
vt 0.449380 0.682817
vt 0.449363 0.683630
vt 0.449587 0.683989
vt 0.449958 0.684305
vt 0.450478 0.684579
vt 0.451146 0.684810
vt 0.451963 0.684998
vt 0.453703 0.685276
vt 0.455360 0.685441
vt 0.456158 0.685481
vt 0.473566 0.662811
vt 0.476615 0.662498
vt 0.477911 0.662290
vt 0.479054 0.662048
vt 0.480044 0.661771
vt 0.480882 0.661460
vt 0.481568 0.661115
vt 0.482482 0.660321
vt 0.482786 0.659390
vt 0.482683 0.658890
vt 0.482374 0.658456
vt 0.481859 0.658087
vt 0.481137 0.657783
vt 0.480210 0.657544
vt 0.479077 0.657370
vt 0.454157 0.658577
vt 0.451850 0.659298
vt 0.451042 0.659689
vt 0.450465 0.660100
vt 0.450120 0.660531
vt 0.450004 0.660983
vt 0.450260 0.661817
vt 0.450580 0.662167
vt 0.451028 0.662472
vt 0.451603 0.662733
vt 0.451938 0.662847
vt 0.453074 0.663127
vt 0.455014 0.663428
vt 0.456190 0.663512
vt 0.457368 0.663525
vt 0.459956 0.663477
vt 0.459648 0.560420
vt 0.474393 0.559756
vt 0.477356 0.559435
vt 0.479842 0.558975
vt 0.480898 0.558694
vt 0.481785 0.558388
vt 0.482495 0.558058
vt 0.483027 0.557706
vt 0.483383 0.557330
vt 0.483561 0.556930
vt 0.483410 0.556135
vt 0.483098 0.555796
vt 0.482629 0.555498
vt 0.482004 0.555242
vt 0.481633 0.555130
vt 0.480772 0.554937
vt 0.478952 0.554649
vt 0.477247 0.554474
vt 0.476044 0.554417
vt 0.472954 0.554438
vt 0.459963 0.554992
vt 0.457031 0.555244
vt 0.453806 0.555755
vt 0.451632 0.556316
vt 0.450796 0.556634
vt 0.450146 0.556976
vt 0.449681 0.557341
vt 0.449402 0.557729
vt 0.449381 0.558543
vt 0.449602 0.558903
vt 0.449973 0.559222
vt 0.450491 0.559498
vt 0.451159 0.559733
vt 0.451974 0.559925
vt 0.453713 0.560212
vt 0.454964 0.560353
vt 0.456167 0.560431
vt 0.457322 0.560447
vt 0.479849 0.536715
vt 0.480882 0.536432
vt 0.481710 0.536069
vt 0.482333 0.535627
vt 0.482751 0.535106
vt 0.482979 0.533971
vt 0.482567 0.533256
vt 0.482151 0.532959
vt 0.481593 0.532704
vt 0.480896 0.532489
vt 0.479663 0.532238
vt 0.477268 0.531930
vt 0.476502 0.531885
vt 0.476125 0.531873
vt 0.472555 0.531910
vt 0.458384 0.532558
vt 0.455557 0.532903
vt 0.453825 0.533265
vt 0.452857 0.533557
vt 0.451364 0.534198
vt 0.450466 0.534875
vt 0.450183 0.535407
vt 0.450416 0.536395
vt 0.450875 0.536850
vt 0.451565 0.537237
vt 0.452487 0.537558
vt 0.453035 0.537693
vt 0.454304 0.537914
vt 0.479255 0.536827
vt 0.790586 0.516211
vt 0.787183 0.527117
vt 0.790586 0.527117
vt 0.790586 0.721591
vt 0.790586 0.733789
vt 0.819076 0.736210
vt 0.819076 0.513790
vt 0.810377 0.527108
vt 0.810377 0.721591
vt 0.625000 0.017045
vt 0.594647 0.010019
vt 0.594647 0.239981
vt 0.625000 0.232955
vt 0.580076 0.005267
vt 0.580076 0.244733
vt 0.561583 0.000000
vt 0.375000 0.000000
vt 0.424731 0.000000
vt 0.424731 0.250000
vt 0.375000 0.250000
vt 0.375000 0.000000
vt 0.426219 0.294242
vt 0.426086 0.301045
vt 0.424840 0.364905
vt 0.418970 0.500000
vt 0.375000 0.500000
vt 0.418970 0.750000
vt 0.375000 0.750000
vt 0.424731 1.000000
vt 0.375000 1.000000
vt 0.424841 0.885067
vt 0.426219 0.955722
vt 0.125000 0.500000
vt 0.125000 0.750000
vt 0.838608 0.000000
vt 0.838608 0.000000
vt 0.333333 0.000000
vt 0.341991 0.000000
vt 0.341991 0.000000
vt 0.333333 0.000000
vt 0.434286 0.000000
vt 0.434286 0.000000
vt 0.428571 0.000000
vt 0.428571 0.000000
vt 0.431221 0.000000
vt 0.434286 0.000000
vt 0.434286 0.000000
vt 0.440000 0.000000
vt 0.440000 0.000000
vt 0.987730 0.000000
vt 0.987730 0.000000
vt 0.931429 0.000000
vt 0.931429 0.000000
vt 0.925714 0.000000
vt 0.925714 0.000000
vt 0.367089 0.000000
vt 0.367089 0.000000
vt 0.849231 0.000000
vt 0.849231 0.000000
vt 0.310769 0.000000
vt 0.310769 0.000000
vt 0.956710 0.000000
vt 0.956710 0.000000
vt 0.634286 0.000000
vt 0.634286 0.000000
vt 0.082251 0.000000
vt 0.090909 0.000000
vt 0.090909 0.000000
vt 0.082251 0.000000
vt 0.729231 0.000000
vt 0.729231 0.000000
vt 0.904762 0.000000
vt 0.904762 0.000000
vt 0.114286 0.000000
vt 0.114286 0.000000
vt 0.095238 0.000000
vt 0.095238 0.000000
vt 0.177489 0.000000
vt 0.181818 0.000000
vt 0.181818 0.000000
vt 0.173160 0.000000
vt 0.173160 0.000000
vt 0.422857 0.000000
vt 0.422857 0.000000
vt 0.422857 0.000000
vt 0.422857 0.000000
vt 0.417143 0.000000
vt 0.417143 0.000000
vt 0.411429 0.000000
vt 0.411429 0.000000
vt 0.471861 0.000000
vt 0.471861 0.000000
vt 0.025974 0.000000
vt 0.025974 0.000000
vt 0.008658 0.000000
vt 0.008658 0.000000
vt 0.450216 0.000000
vt 0.454545 0.000000
vt 0.454545 0.000000
vt 0.450216 0.000000
vt 0.445887 0.000000
vt 0.445887 0.000000
vt 0.073593 0.000000
vt 0.073593 0.000000
vt 0.441558 0.000000
vt 0.441558 0.000000
vt 0.619048 0.000000
vt 0.619048 0.000000
vt 0.601732 0.000000
vt 0.601732 0.000000
vt 0.588745 0.000000
vt 0.588745 0.000000
vt 0.593074 0.000000
vt 0.593074 0.000000
vt 0.376623 0.000000
vt 0.376623 0.000000
vt 0.693252 0.000000
vt 0.693252 0.000000
vt 0.978355 0.000000
vt 0.978355 0.000000
vt 0.796537 0.000000
vt 0.796537 0.000000
vt 0.800866 0.000000
vt 0.800866 0.000000
vt 0.373418 0.000000
vt 0.373418 0.000000
vt 0.303030 0.000000
vt 0.303030 0.000000
vt 0.009524 0.000000
vt 0.009524 0.000000
vt 0.000000 0.000000
vt 0.000000 0.000000
vt 0.939394 0.000000
vt 0.939394 0.000000
vt 0.291429 0.000000
vt 0.291429 0.000000
vt 0.878788 0.000000
vt 0.878788 0.000000
vt 0.904762 0.000000
vt 0.904762 0.000000
vt 0.190476 0.000000
vt 0.190476 0.000000
vt 0.988571 0.000000
vt 0.988571 0.000000
vt 0.233766 0.000000
vt 0.233766 0.000000
vt 0.251082 0.000000
vt 0.251082 0.000000
vt 0.993671 0.000000
vt 0.993671 0.000000
vt 0.962025 0.000000
vt 0.962025 0.000000
vt 0.546012 0.000000
vt 0.546012 0.000000
vt 0.541216 0.000000
vt 0.539877 0.000000
vt 0.539877 0.000000
vt 0.541314 0.000000
vt 0.546012 0.000000
vt 0.546012 0.000000
vt 0.552147 0.000000
vt 0.552147 0.000000
vt 0.400000 0.000000
vt 0.400000 0.000000
vt 0.393846 0.000000
vt 0.393846 0.000000
vt 0.601266 0.000000
vt 0.601266 0.000000
vt 0.073593 0.000000
vt 0.069264 0.000000
vt 0.069264 0.000000
vt 0.914286 0.000000
vt 0.914286 0.000000
vt 0.435583 0.000000
vt 0.435583 0.000000
vt 0.429448 0.000000
vt 0.429448 0.000000
vt 0.423313 0.000000
vt 0.423313 0.000000
vt 0.417178 0.000000
vt 0.417178 0.000000
vt 0.411043 0.000000
vt 0.411043 0.000000
vt 0.404908 0.000000
vt 0.404908 0.000000
vt 0.398773 0.000000
vt 0.398773 0.000000
vt 0.533742 0.000000
vt 0.533742 0.000000
vt 0.533742 0.000000
vt 0.533742 0.000000
vt 0.527607 0.000000
vt 0.527607 0.000000
vt 0.287975 0.000000
vt 0.287975 0.000000
vt 0.772152 0.000000
vt 0.772152 0.000000
vt 0.957055 0.000000
vt 0.957055 0.000000
vt 0.963190 0.000000
vt 0.963190 0.000000
vt 0.079755 0.000000
vt 0.079755 0.000000
vt 0.969325 0.000000
vt 0.969325 0.000000
vt 0.975460 0.000000
vt 0.975460 0.000000
vt 0.981595 0.000000
vt 0.981595 0.000000
vt 0.214724 0.000000
vt 0.214724 0.000000
vt 0.208589 0.000000
vt 0.208589 0.000000
vt 0.202454 0.000000
vt 0.202454 0.000000
vt 0.196319 0.000000
vt 0.196319 0.000000
vt 0.190184 0.000000
vt 0.190184 0.000000
vt 0.184049 0.000000
vt 0.184049 0.000000
vt 0.284810 0.000000
vt 0.284810 0.000000
vt 0.757576 0.000000
vt 0.753247 0.000000
vt 0.281646 0.000000
vt 0.281646 0.000000
vt 0.278481 0.000000
vt 0.278481 0.000000
vt 0.275316 0.000000
vt 0.275316 0.000000
vt 0.272152 0.000000
vt 0.272152 0.000000
vt 0.518987 0.000000
vt 0.518987 0.000000
vt 0.556962 0.000000
vt 0.556962 0.000000
vt 0.515823 0.000000
vt 0.515823 0.000000
vt 0.560127 0.000000
vt 0.560127 0.000000
vt 0.512658 0.000000
vt 0.512658 0.000000
vt 0.563291 0.000000
vt 0.563291 0.000000
vt 0.268987 0.000000
vt 0.268987 0.000000
vt 0.833846 0.000000
vt 0.833846 0.000000
vt 0.509494 0.000000
vt 0.509494 0.000000
vt 0.566456 0.000000
vt 0.566456 0.000000
vt 0.506329 0.000000
vt 0.506329 0.000000
vt 0.569620 0.000000
vt 0.569620 0.000000
vt 0.572785 0.000000
vt 0.572785 0.000000
vt 0.166154 0.000000
vt 0.166154 0.000000
vt 0.958861 0.000000
vt 0.958861 0.000000
vt 0.596923 0.000000
vt 0.596923 0.000000
vt 0.587692 0.000000
vt 0.587692 0.000000
vt 0.129870 0.000000
vt 0.129870 0.000000
vt 0.099567 0.000000
vt 0.099567 0.000000
vt 0.458861 0.000000
vt 0.458861 0.000000
vt 0.458861 0.000000
vt 0.458861 0.000000
vt 0.775316 0.000000
vt 0.076190 0.000000
vt 0.076190 0.000000
vt 0.742857 0.000000
vt 0.748571 0.000000
vt 0.748572 0.000000
vt 0.442857 0.000000
vt 0.442857 0.000000
vt 0.958861 0.000000
vt 0.958861 0.000000
vt 0.588745 0.000000
vt 0.588745 0.000000
vt 0.000000 0.000000
vt 0.000000 0.000000
vt 0.003165 0.000000
vt 0.003165 0.000000
vt 0.072785 0.000000
vt 0.072785 0.000000
vt 0.006329 0.000000
vt 0.006329 0.000000
vt 0.069620 0.000000
vt 0.069620 0.000000
vt 0.009494 0.000000
vt 0.009494 0.000000
vt 0.066456 0.000000
vt 0.066456 0.000000
vt 0.012658 0.000000
vt 0.012658 0.000000
vt 0.063291 0.000000
vt 0.063291 0.000000
vt 0.015823 0.000000
vt 0.015823 0.000000
vt 0.060127 0.000000
vt 0.060127 0.000000
vt 0.018987 0.000000
vt 0.018987 0.000000
vt 0.056962 0.000000
vt 0.056962 0.000000
vt 0.024615 0.000000
vt 0.024615 0.000000
vt 0.034810 0.000000
vt 0.034810 0.000000
vt 0.800000 0.000000
vt 0.800000 0.000000
vt 0.879747 0.000000
vt 0.879747 0.000000
vt 0.593074 0.000000
vt 0.593074 0.000000
vt 0.825949 0.000000
vt 0.825949 0.000000
vt 0.601732 0.000000
vt 0.601732 0.000000
vt 0.610390 0.000000
vt 0.610390 0.000000
vt 0.895238 0.000000
vt 0.895238 0.000000
vt 0.984615 0.000000
vt 0.984615 0.000000
vt 0.987692 0.000000
vt 0.987692 0.000000
vt 0.990769 0.000000
vt 0.990769 0.000000
vt 0.993846 0.000000
vt 0.993846 0.000000
vt 0.996923 0.000000
vt 0.996923 0.000000
vt 1.000000 0.000000
vt 1.000000 0.000000
vt 0.169231 0.000000
vt 0.169231 0.000000
vt 0.560000 0.000000
vt 0.560000 0.000000
vt 0.172308 0.000000
vt 0.172308 0.000000
vt 0.101538 0.000000
vt 0.101538 0.000000
vt 0.104615 0.000000
vt 0.104615 0.000000
vt 0.175385 0.000000
vt 0.175385 0.000000
vt 0.095385 0.000000
vt 0.098462 0.000000
vt 0.098462 0.000000
vt 0.095385 0.000000
vt 0.178462 0.000000
vt 0.178462 0.000000
vt 0.083077 0.000000
vt 0.086154 0.000000
vt 0.086154 0.000000
vt 0.083077 0.000000
vt 0.181538 0.000000
vt 0.181538 0.000000
vt 0.423810 0.000000
vt 0.423810 0.000000
vt 0.184615 0.000000
vt 0.184615 0.000000
vt 0.187692 0.000000
vt 0.187692 0.000000
vt 0.223810 0.000000
vt 0.223810 0.000000
vt 0.036923 0.000000
vt 0.036923 0.000000
vt 0.190769 0.000000
vt 0.190769 0.000000
vt 0.046154 0.000000
vt 0.049231 0.000000
vt 0.046154 0.000000
vt 0.043077 0.000000
vt 0.043077 0.000000
vt 0.036923 0.000000
vt 0.036923 0.000000
vt 0.193846 0.000000
vt 0.193846 0.000000
vt 0.196923 0.000000
vt 0.196923 0.000000
vt 0.203077 0.000000
vt 0.203077 0.000000
vt 0.200000 0.000000
vt 0.200000 0.000000
vt 0.138095 0.000000
vt 0.138095 0.000000
vt 0.119048 0.000000
vt 0.119048 0.000000
vt 0.323077 0.000000
vt 0.323077 0.000000
vt 0.705628 0.000000
vt 0.705628 0.000000
vt 0.929231 0.000000
vt 0.927258 0.000000
vt 0.726154 0.000000
vt 0.726154 0.000000
vt 0.720000 0.000000
vt 0.723077 0.000000
vt 0.720000 0.000000
vt 0.716923 0.000000
vt 0.713846 0.000000
vt 0.716923 0.000000
vt 0.713846 0.000000
vt 0.710769 0.000000
vt 0.707692 0.000000
vt 0.710769 0.000000
vt 0.707692 0.000000
vt 0.560000 0.000000
vt 0.560000 0.000000
vt 0.566154 0.000000
vt 0.566154 0.000000
vt 0.563077 0.000000
vt 0.563077 0.000000
vt 0.572308 0.000000
vt 0.572308 0.000000
vt 0.569231 0.000000
vt 0.569231 0.000000
vt 0.578462 0.000000
vt 0.578462 0.000000
vt 0.575385 0.000000
vt 0.575385 0.000000
vt 0.689231 0.000000
vt 0.692308 0.000000
vt 0.692308 0.000000
vt 0.689231 0.000000
vt 0.584615 0.000000
vt 0.584615 0.000000
vt 0.683077 0.000000
vt 0.686154 0.000000
vt 0.686154 0.000000
vt 0.683077 0.000000
vt 0.157143 0.000000
vt 0.157143 0.000000
vt 0.673846 0.000000
vt 0.676923 0.000000
vt 0.676923 0.000000
vt 0.673846 0.000000
vt 0.667692 0.000000
vt 0.670769 0.000000
vt 0.670769 0.000000
vt 0.667692 0.000000
vt 0.658462 0.000000
vt 0.658462 0.000000
vt 0.696203 0.000000
vt 0.696203 0.000000
vt 0.885714 0.000000
vt 0.885714 0.000000
vt 0.092308 0.000000
vt 0.089231 0.000000
vt 0.092308 0.000000
vt 0.333333 0.000000
vt 0.512851 0.000000
vt 0.666667 0.000000
vt 0.666667 0.000000
vt 0.393333 0.000000
vt 0.333333 0.000000
vt 0.666667 0.000000
vt 0.666667 0.000000
vt 0.000000 0.000000
vt 0.000000 0.000000
vt 0.000000 0.000000
vt 0.000000 0.000000
vt 1.000000 0.000000
vt 1.000000 0.000000
vt 0.585714 0.000000
vt 0.585714 0.000000
vt 0.585714 0.000000
vt 0.585714 0.000000
vt 0.443038 0.000000
vt 0.443038 0.000000
vt 0.430380 0.000000
vt 0.430380 0.000000
vt 0.961905 0.000000
vt 0.961905 0.000000
vt 0.966667 0.000000
vt 0.966667 0.000000
vt 0.971429 0.000000
vt 0.971429 0.000000
vt 0.976190 0.000000
vt 0.976190 0.000000
vt 0.980952 0.000000
vt 0.980952 0.000000
vt 0.409524 0.000000
vt 0.409524 0.000000
vt 0.800866 0.000000
vt 0.757576 0.000000
vt 0.761905 0.000000
vt 0.800866 0.000000
vt 0.714286 0.000000
vt 0.714286 0.000000
vt 0.719048 0.000000
vt 0.719048 0.000000
vt 0.728571 0.000000
vt 0.728571 0.000000
vt 0.733333 0.000000
vt 0.733333 0.000000
vt 0.666667 0.000000
vt 0.666667 0.000000
vt 0.014286 0.000000
vt 0.014286 0.000000
vt 0.668571 0.000000
vt 0.668571 0.000000
vt 0.771429 0.000000
vt 0.771429 0.000000
vt 0.019048 0.000000
vt 0.019048 0.000000
vt 0.023810 0.000000
vt 0.023810 0.000000
vt 0.028571 0.000000
vt 0.028571 0.000000
vt 0.446203 0.000000
vt 0.449367 0.000000
vt 0.033333 0.000000
vt 0.033333 0.000000
vt 0.038095 0.000000
vt 0.038095 0.000000
vt 0.956710 0.000000
vt 0.956710 0.000000
vt 0.042857 0.000000
vt 0.042857 0.000000
vt 0.338095 0.000000
vt 0.338095 0.000000
vt 0.333333 0.000000
vt 0.333333 0.000000
vt 0.328571 0.000000
vt 0.328571 0.000000
vt 0.323810 0.000000
vt 0.323810 0.000000
vt 0.219048 0.000000
vt 0.219048 0.000000
vt 0.319048 0.000000
vt 0.319048 0.000000
vt 0.214286 0.000000
vt 0.214286 0.000000
vt 0.209524 0.000000
vt 0.209524 0.000000
vt 0.314286 0.000000
vt 0.314286 0.000000
vt 0.309524 0.000000
vt 0.309524 0.000000
vt 0.607595 0.000000
vt 0.626582 0.000000
vt 0.626582 0.000000
vt 0.607595 0.000000
vt 0.450216 0.000000
vt 0.450216 0.000000
vt 0.445887 0.000000
vt 0.445887 0.000000
vt 0.441558 0.000000
vt 0.441558 0.000000
vt 0.528139 0.000000
vt 0.532467 0.000000
vt 0.532468 0.000000
vt 0.528139 0.000000
vt 0.978355 0.000000
vt 0.978355 0.000000
vt 0.805195 0.000000
vt 0.805195 0.000000
vt 0.809524 0.000000
vt 0.809524 0.000000
vt 0.852814 0.000000
vt 0.852814 0.000000
vt 0.922078 0.000000
vt 0.922078 0.000000
vt 0.913420 0.000000
vt 0.913420 0.000000
vt 0.497835 0.000000
vt 0.532468 0.000000
vt 0.532468 0.000000
vt 0.497835 0.000000
vt 0.233766 0.000000
vt 0.233766 0.000000
vt 0.251082 0.000000
vt 0.251082 0.000000
vt 0.916667 0.000000
vt 1.000000 0.000000
vt 1.000000 0.000000
vt 0.916667 0.000000
vt 1.000000 0.000000
vt 1.000000 0.000000
vt 0.000000 0.000000
vt 0.000000 0.000000
vt 0.083333 0.000000
vt 0.083333 0.000000
vt 0.166667 0.000000
vt 0.166667 0.000000
vt 0.166667 0.000000
vt 0.166667 0.000000
vt 0.250000 0.000000
vt 0.250000 0.000000
vt 0.291460 0.000000
vt 0.333333 0.000000
vt 0.333333 0.000000
vt 0.833333 0.000000
vt 0.833333 0.000000
vt 0.833333 0.000000
vt 0.833333 0.000000
vt 0.750000 0.000000
vt 0.750000 0.000000
vt 0.666667 0.000000
vt 0.666667 0.000000
vt 0.583333 0.000000
vt 0.583333 0.000000
vt 0.500000 0.000000
vt 0.500000 0.000000
vt 0.416667 0.000000
vt 0.416667 0.000000
vt 0.333333 0.000000
vt 0.333333 0.000000
vt 0.583333 0.000000
vt 0.583333 0.000000
vt 0.456608 0.626538
vt 0.457387 0.626742
vt 0.457612 0.626839
vt 0.458187 0.627223
vt 0.461961 0.633599
vt 0.463305 0.634563
vt 0.465885 0.635617
vt 0.468661 0.636323
vt 0.470269 0.636594
vt 0.472021 0.636805
vt 0.473917 0.636955
vt 0.478141 0.637076
vt 0.482341 0.637000
vt 0.486205 0.636773
vt 0.489733 0.636394
vt 0.491371 0.636147
vt 0.494395 0.635541
vt 0.497083 0.634783
vt 0.497520 0.634627
vt 0.518029 0.638779
vt 0.518029 0.642727
vt 0.524146 0.642469
vt 0.527858 0.648335
vt 0.457837 0.651667
vt 0.456109 0.651706
vt 0.454965 0.651677
vt 0.454471 0.651642
vt 0.454029 0.651592
vt 0.453639 0.651528
vt 0.453301 0.651450
vt 0.453015 0.651357
vt 0.452781 0.651250
vt 0.452599 0.651129
vt 0.452469 0.650994
vt 0.452365 0.650680
vt 0.452525 0.650033
vt 0.453005 0.649459
vt 0.453805 0.648958
vt 0.437533 0.649152
vt 0.434413 0.650442
vt 0.432541 0.651835
vt 0.431917 0.653332
vt 0.432237 0.654645
vt 0.433197 0.655748
vt 0.434797 0.656641
vt 0.435837 0.657008
vt 0.437037 0.657323
vt 0.438397 0.657584
vt 0.439917 0.657794
vt 0.443437 0.658054
vt 0.439917 0.658749
vt 0.437037 0.659546
vt 0.434797 0.660444
vt 0.433917 0.660930
vt 0.432637 0.661980
vt 0.431997 0.663130
vt 0.432058 0.664757
vt 0.433186 0.666520
vt 0.434173 0.667270
vt 0.435442 0.667931
vt 0.436993 0.668504
vt 0.438826 0.668989
vt 0.440941 0.669385
vt 0.443338 0.669694
vt 0.446017 0.669914
vt 0.448978 0.670047
vt 0.455857 0.670042
vt 0.476701 0.669084
vt 0.478537 0.672251
vt 0.452779 0.673638
vt 0.448683 0.674101
vt 0.445083 0.674671
vt 0.441979 0.675351
vt 0.439371 0.676139
vt 0.437241 0.677034
vt 0.434073 0.679128
vt 0.432313 0.681621
vt 0.431961 0.684485
vt 0.433017 0.687078
vt 0.435481 0.689138
vt 0.438253 0.690333
vt 0.439969 0.690806
vt 0.441949 0.691193
vt 0.444193 0.691494
vt 0.433933 0.697300
vt 0.433933 0.704305
vt 0.492397 0.701519
vt 0.457549 0.707479
vt 0.457549 0.712550
vt 0.492397 0.715181
vt 0.433933 0.717968
vt 0.433933 0.724935
vt 0.537613 0.720019
vt 0.503125 0.529003
vt 0.502423 0.528565
vt 0.500695 0.527791
vt 0.498535 0.527153
vt 0.496385 0.526711
vt 0.493421 0.526282
vt 0.488909 0.525921
vt 0.483757 0.525800
vt 0.453422 0.527191
vt 0.446122 0.528049
vt 0.443018 0.528604
vt 0.440278 0.529243
vt 0.436867 0.530346
vt 0.434342 0.531588
vt 0.433154 0.532491
vt 0.431966 0.534478
vt 0.432322 0.536514
vt 0.433042 0.537379
vt 0.434122 0.538133
vt 0.435562 0.538779
vt 0.437362 0.539314
vt 0.438397 0.539541
vt 0.393901 0.541631
vt 0.393901 0.548210
vt 0.503197 0.543024
vt 0.493280 0.548622
vt 0.490808 0.548344
vt 0.488104 0.548159
vt 0.485168 0.548067
vt 0.480301 0.548104
vt 0.452779 0.549552
vt 0.448683 0.550014
vt 0.445083 0.550585
vt 0.441979 0.551264
vt 0.439371 0.552052
vt 0.437241 0.552948
vt 0.434073 0.555041
vt 0.432313 0.557534
vt 0.431961 0.560398
vt 0.433017 0.562992
vt 0.435481 0.565052
vt 0.438253 0.566247
vt 0.439969 0.566720
vt 0.441949 0.567107
vt 0.444193 0.567408
vt 0.446701 0.567623
vt 0.452509 0.567795
vt 0.453633 0.567789
vt 0.453805 0.569885
vt 0.437533 0.570078
vt 0.434413 0.571347
vt 0.432541 0.572728
vt 0.431917 0.574220
vt 0.432373 0.575828
vt 0.433741 0.577144
vt 0.434767 0.577692
vt 0.436021 0.578168
vt 0.437503 0.578570
vt 0.439213 0.578899
vt 0.441151 0.579155
vt 0.443317 0.579337
vt 0.445711 0.579447
vt 0.451840 0.579431
vt 0.474829 0.578390
vt 0.478525 0.578375
vt 0.480445 0.578483
vt 0.481261 0.578578
vt 0.481981 0.578700
vt 0.482605 0.578850
vt 0.483133 0.579026
vt 0.483565 0.579230
vt 0.483901 0.579461
vt 0.484141 0.579718
vt 0.484333 0.580316
vt 0.484197 0.580943
vt 0.483789 0.581522
vt 0.483109 0.582053
vt 0.482157 0.582535
vt 0.480933 0.582968
vt 0.479437 0.583354
vt 0.433933 0.585521
vt 0.433933 0.592101
vt 0.457788 0.590969
vt 0.459362 0.594685
vt 0.456773 0.594828
vt 0.451987 0.595236
vt 0.447725 0.595808
vt 0.443987 0.596544
vt 0.442314 0.596973
vt 0.439358 0.597955
vt 0.436898 0.599111
vt 0.433454 0.601954
vt 0.431978 0.605502
vt 0.432421 0.609315
vt 0.434661 0.612317
vt 0.436453 0.613495
vt 0.438693 0.614458
vt 0.439981 0.614859
vt 0.442125 0.615368
vt 0.445821 0.615957
vt 0.448605 0.616235
vt 0.451645 0.616420
vt 0.456685 0.616524
vt 0.456253 0.619930
vt 0.452429 0.620001
vt 0.448925 0.620216
vt 0.445741 0.620573
vt 0.444269 0.620806
vt 0.441565 0.621377
vt 0.439181 0.622092
vt 0.437120 0.622949
vt 0.435400 0.623937
vt 0.432992 0.626303
vt 0.432286 0.632267
vt 0.433926 0.634727
vt 0.435238 0.635711
vt 0.436878 0.636533
vt 0.439453 0.637355
vt 0.442261 0.637904
vt 0.444373 0.638162
vt 0.446677 0.638334
vt 0.449173 0.638420
vt 0.455245 0.638314
vt 0.455200 0.631858
vt 0.454556 0.631840
vt 0.453940 0.631777
vt 0.453069 0.631601
vt 0.452792 0.631521
vt 0.452005 0.631212
vt 0.451165 0.630659
vt 0.450661 0.629956
vt 0.450613 0.628260
vt 0.450973 0.627589
vt 0.451400 0.627199
vt 0.451766 0.626991
vt 0.452509 0.626746
vt 0.453139 0.626626
vt 0.453877 0.626539
vt 0.455186 0.626475
vt 0.456004 0.626478
vt 0.480141 0.625486
vt 0.480589 0.625426
vt 0.481101 0.625383
vt 0.481989 0.625350
vt 0.482967 0.625366
vt 0.483573 0.625417
vt 0.484135 0.625503
vt 0.484653 0.625624
vt 0.485347 0.625869
vt 0.485931 0.626184
vt 0.486475 0.626674
vt 0.486747 0.627242
vt 0.486367 0.628825
vt 0.485631 0.629470
vt 0.485125 0.629732
vt 0.484527 0.629953
vt 0.483837 0.630135
vt 0.483055 0.630276
vt 0.482181 0.630377
vt 0.481215 0.630437
vt 0.480157 0.630457
vt 0.479333 0.630427
vt 0.478589 0.630337
vt 0.478247 0.630269
vt 0.477925 0.630186
vt 0.477341 0.629976
vt 0.476837 0.629705
vt 0.476413 0.629374
vt 0.472453 0.623645
vt 0.471245 0.622665
vt 0.469445 0.621787
vt 0.467053 0.621013
vt 0.465633 0.620682
vt 0.464061 0.620411
vt 0.462337 0.620201
vt 0.460461 0.620050
vt 0.458746 0.616509
vt 0.467773 0.616175
vt 0.467773 0.609209
vt 0.463453 0.609363
vt 0.461866 0.609337
vt 0.460417 0.609256
vt 0.459106 0.609123
vt 0.457933 0.608935
vt 0.456898 0.608695
vt 0.456001 0.608401
vt 0.455242 0.608053
vt 0.454138 0.607197
vt 0.453586 0.606127
vt 0.454075 0.603827
vt 0.455067 0.602972
vt 0.455749 0.602624
vt 0.456555 0.602330
vt 0.457485 0.602089
vt 0.458539 0.601902
vt 0.459717 0.601768
vt 0.461019 0.601688
vt 0.462445 0.601661
vt 0.463981 0.601698
vt 0.465421 0.601807
vt 0.466765 0.601990
vt 0.468013 0.602246
vt 0.469165 0.602575
vt 0.472125 0.603917
vt 0.480913 0.610535
vt 0.483361 0.611661
vt 0.488293 0.613118
vt 0.492397 0.613849
vt 0.494683 0.614105
vt 0.499723 0.614397
vt 0.508250 0.614347
vt 0.513521 0.614086
vt 0.518290 0.613652
vt 0.522557 0.613045
vt 0.526322 0.612263
vt 0.529585 0.611308
vt 0.532346 0.610180
vt 0.536362 0.607401
vt 0.538370 0.603929
vt 0.538443 0.600472
vt 0.537019 0.597921
vt 0.534171 0.595866
vt 0.532213 0.595023
vt 0.529939 0.594308
vt 0.527389 0.593722
vt 0.524563 0.593267
vt 0.521461 0.592942
vt 0.518083 0.592747
vt 0.514429 0.592682
vt 0.509021 0.592811
vt 0.504141 0.593168
vt 0.501968 0.593418
vt 0.499309 0.593882
vt 0.499309 0.600732
vt 0.500461 0.600472
vt 0.501709 0.600259
vt 0.503053 0.600094
vt 0.506029 0.599904
vt 0.509156 0.599904
vt 0.510521 0.599972
vt 0.511756 0.600086
vt 0.512861 0.600246
vt 0.513836 0.600452
vt 0.514681 0.600703
vt 0.515396 0.601000
vt 0.516436 0.601731
vt 0.516956 0.602645
vt 0.516409 0.604982
vt 0.515321 0.605903
vt 0.514573 0.606277
vt 0.513689 0.606593
vt 0.512669 0.606852
vt 0.511513 0.607053
vt 0.510221 0.607197
vt 0.508793 0.607283
vt 0.507229 0.607312
vt 0.505653 0.607275
vt 0.504189 0.607166
vt 0.502837 0.606983
vt 0.501597 0.606727
vt 0.500469 0.606398
vt 0.497669 0.605056
vt 0.489907 0.598413
vt 0.487555 0.597278
vt 0.486109 0.596759
vt 0.482677 0.595817
vt 0.480687 0.595415
vt 0.478509 0.595086
vt 0.476143 0.594830
vt 0.470847 0.594537
vt 0.462083 0.594583
vt 0.543229 0.586915
vt 0.543229 0.580335
vt 0.496717 0.582541
vt 0.499313 0.581801
vt 0.501437 0.581002
vt 0.503089 0.580141
vt 0.504269 0.579221
vt 0.504977 0.578241
vt 0.505213 0.577200
vt 0.504493 0.574899
vt 0.503593 0.573978
vt 0.502333 0.573209
vt 0.500713 0.572593
vt 0.499768 0.572342
vt 0.497265 0.571881
vt 0.494161 0.571520
vt 0.492525 0.571407
vt 0.489085 0.571317
vt 0.456497 0.572632
vt 0.455632 0.572625
vt 0.454552 0.572560
vt 0.454093 0.572504
vt 0.453688 0.572431
vt 0.453337 0.572343
vt 0.453040 0.572238
vt 0.452797 0.572117
vt 0.452608 0.571980
vt 0.452392 0.571657
vt 0.452405 0.571180
vt 0.452725 0.570630
vt 0.453365 0.570122
vt 0.481255 0.566507
vt 0.489175 0.565608
vt 0.492541 0.564991
vt 0.495511 0.564262
vt 0.498085 0.563421
vt 0.500263 0.562469
vt 0.503431 0.560228
vt 0.505015 0.557540
vt 0.505025 0.554692
vt 0.503521 0.552361
vt 0.502205 0.551367
vt 0.500513 0.550486
vt 0.498445 0.549720
vt 0.496553 0.549211
vt 0.494429 0.548795
vt 0.503197 0.537063
vt 0.499309 0.537257
vt 0.501829 0.536268
vt 0.503109 0.535519
vt 0.504709 0.533810
vt 0.505015 0.531700
vt 0.503719 0.529475
vt 0.537613 0.712743
vt 0.487933 0.708602
vt 0.537613 0.699700
vt 0.537613 0.692384
vt 0.446701 0.691709
vt 0.452509 0.691881
vt 0.481255 0.690593
vt 0.489175 0.689695
vt 0.492541 0.689077
vt 0.495511 0.688348
vt 0.498085 0.687508
vt 0.500263 0.686555
vt 0.503431 0.684315
vt 0.505015 0.681627
vt 0.505025 0.678779
vt 0.503521 0.676448
vt 0.502205 0.675453
vt 0.500513 0.674573
vt 0.498445 0.673806
vt 0.495520 0.673078
vt 0.493280 0.672708
vt 0.490808 0.672431
vt 0.488104 0.672246
vt 0.485168 0.672154
vt 0.480301 0.672190
vt 0.482852 0.668674
vt 0.490032 0.667815
vt 0.494651 0.666937
vt 0.497365 0.666240
vt 0.499719 0.665450
vt 0.501645 0.664565
vt 0.503143 0.663584
vt 0.504213 0.662507
vt 0.505069 0.660066
vt 0.504637 0.658553
vt 0.503341 0.657262
vt 0.502369 0.656701
vt 0.501181 0.656196
vt 0.543229 0.654222
vt 0.543229 0.647603
vt 0.552013 0.641295
vt 0.552013 0.636921
vt 0.499428 0.633876
vt 0.502221 0.632259
vt 0.503593 0.631014
vt 0.505161 0.628119
vt 0.504286 0.622999
vt 0.502382 0.621236
vt 0.501073 0.620520
vt 0.499526 0.619914
vt 0.497741 0.619418
vt 0.495718 0.619032
vt 0.493457 0.618757
vt 0.490958 0.618591
vt 0.488221 0.618536
vt 0.485133 0.618622
vt 0.482205 0.618880
vt 0.479437 0.619310
vt 0.479589 0.625609
vt 0.452283 0.631907
vt 0.452961 0.631903
vt 0.452246 0.638434
vt 0.446410 0.638525
vt 0.443838 0.638440
vt 0.441464 0.638268
vt 0.439288 0.638009
vt 0.436395 0.637458
vt 0.433741 0.636630
vt 0.432051 0.635802
vt 0.430699 0.634810
vt 0.429009 0.632329
vt 0.429736 0.626314
vt 0.432217 0.623928
vt 0.433990 0.622931
vt 0.436113 0.622068
vt 0.438570 0.621348
vt 0.441356 0.620772
vt 0.442872 0.620538
vt 0.446153 0.620178
vt 0.449763 0.619963
vt 0.453703 0.619892
vt 0.454148 0.616460
vt 0.448956 0.616353
vt 0.445824 0.616166
vt 0.442955 0.615885
vt 0.439147 0.615289
vt 0.436938 0.614775
vt 0.435611 0.614371
vt 0.433303 0.613398
vt 0.431457 0.612209
vt 0.429149 0.609180
vt 0.428694 0.605334
vt 0.430216 0.601756
vt 0.433766 0.598893
vt 0.436301 0.597729
vt 0.439348 0.596743
vt 0.441071 0.596312
vt 0.444923 0.595575
vt 0.449315 0.595004
vt 0.454246 0.594599
vt 0.459716 0.594360
vt 0.457086 0.590632
vt 0.430714 0.591819
vt 0.430717 0.585181
vt 0.477602 0.583081
vt 0.479143 0.582696
vt 0.480404 0.582262
vt 0.481385 0.581778
vt 0.482086 0.581245
vt 0.482507 0.580664
vt 0.482648 0.580032
vt 0.482451 0.579431
vt 0.482204 0.579170
vt 0.481858 0.578937
vt 0.481413 0.578731
vt 0.480870 0.578552
vt 0.480227 0.578401
vt 0.479486 0.578276
vt 0.478645 0.578179
vt 0.476668 0.578065
vt 0.472861 0.578072
vt 0.449175 0.579072
vt 0.442860 0.579076
vt 0.440393 0.578960
vt 0.438161 0.578772
vt 0.436164 0.578510
vt 0.434402 0.578175
vt 0.432875 0.577766
vt 0.431583 0.577284
vt 0.430526 0.576729
vt 0.429118 0.575398
vt 0.428650 0.573774
vt 0.429294 0.572270
vt 0.431225 0.570881
vt 0.434443 0.569607
vt 0.451213 0.569450
vt 0.451039 0.567336
vt 0.449881 0.567339
vt 0.443896 0.567151
vt 0.441311 0.566928
vt 0.438999 0.566619
vt 0.436959 0.566224
vt 0.435191 0.565742
vt 0.432336 0.564529
vt 0.429799 0.562444
vt 0.428715 0.559823
vt 0.429084 0.556932
vt 0.430905 0.554418
vt 0.434178 0.552312
vt 0.436377 0.551413
vt 0.439069 0.550625
vt 0.442272 0.549947
vt 0.445986 0.549381
vt 0.448035 0.549139
vt 0.441778 0.545115
vt 0.389471 0.547423
vt 0.389477 0.540772
vt 0.435427 0.538761
vt 0.434360 0.538529
vt 0.432505 0.537982
vt 0.431022 0.537325
vt 0.429912 0.536559
vt 0.429173 0.535682
vt 0.428819 0.533619
vt 0.430060 0.531609
vt 0.431295 0.530696
vt 0.433914 0.529443
vt 0.437451 0.528332
vt 0.440290 0.527690
vt 0.443504 0.527134
vt 0.451060 0.526280
vt 0.482401 0.524963
vt 0.487709 0.525108
vt 0.492349 0.525498
vt 0.495392 0.525950
vt 0.497596 0.526411
vt 0.499805 0.527074
vt 0.501568 0.527871
vt 0.502281 0.528321
vt 0.537682 0.720461
vt 0.430933 0.725921
vt 0.430868 0.718854
vt 0.491151 0.715829
vt 0.455205 0.713298
vt 0.455167 0.708166
vt 0.491035 0.702014
vt 0.430791 0.705027
vt 0.430767 0.697947
vt 0.484449 0.695292
vt 0.479517 0.691037
vt 0.449903 0.692424
vt 0.443916 0.692267
vt 0.441330 0.692056
vt 0.439016 0.691758
vt 0.436974 0.691373
vt 0.435204 0.690900
vt 0.432343 0.689700
vt 0.429799 0.687627
vt 0.428706 0.685011
vt 0.429065 0.682119
vt 0.430876 0.679599
vt 0.434138 0.677480
vt 0.436333 0.676572
vt 0.439019 0.675771
vt 0.442217 0.675079
vt 0.445926 0.674496
vt 0.450146 0.674021
vt 0.476681 0.672565
vt 0.474786 0.669380
vt 0.453314 0.670389
vt 0.446226 0.670407
vt 0.443175 0.670280
vt 0.440414 0.670063
vt 0.437943 0.669756
vt 0.435763 0.669360
vt 0.433874 0.668874
vt 0.432275 0.668299
vt 0.430967 0.667634
vt 0.429949 0.666880
vt 0.428785 0.665103
vt 0.428721 0.663462
vt 0.429380 0.662300
vt 0.430699 0.661239
vt 0.431605 0.660747
vt 0.433913 0.659838
vt 0.436880 0.659031
vt 0.440507 0.658324
vt 0.436880 0.658067
vt 0.435313 0.657858
vt 0.433912 0.657596
vt 0.432675 0.657280
vt 0.431603 0.656911
vt 0.429954 0.656013
vt 0.428964 0.654902
vt 0.428634 0.653577
vt 0.429276 0.652067
vt 0.431205 0.650659
vt 0.434419 0.649355
vt 0.451185 0.649142
vt 0.450361 0.649648
vt 0.449867 0.650227
vt 0.449702 0.650880
vt 0.449809 0.651195
vt 0.449943 0.651332
vt 0.450131 0.651453
vt 0.450372 0.651561
vt 0.450667 0.651654
vt 0.451015 0.651732
vt 0.451417 0.651796
vt 0.451872 0.651846
vt 0.452381 0.651881
vt 0.453857 0.651907
vt 0.454598 0.651894
vt 0.543279 0.647676
vt 0.536176 0.642016
vt 0.517332 0.642807
vt 0.517331 0.638841
vt 0.496912 0.634434
vt 0.495760 0.634837
vt 0.492992 0.635601
vt 0.489877 0.636212
vt 0.488190 0.636461
vt 0.484557 0.636845
vt 0.480577 0.637076
vt 0.476251 0.637154
vt 0.471900 0.637036
vt 0.469947 0.636885
vt 0.468142 0.636674
vt 0.466486 0.636402
vt 0.463626 0.635693
vt 0.460968 0.634632
vt 0.459583 0.633661
vt 0.455695 0.627240
vt 0.455103 0.626853
vt 0.454621 0.626671
vt 0.454069 0.626550
vt 0.453446 0.626489
vt 0.453109 0.626482
vt 0.452604 0.626486
vt 0.450861 0.626590
vt 0.450156 0.626694
vt 0.449307 0.626916
vt 0.448881 0.627106
vt 0.448703 0.627216
vt 0.448263 0.627609
vt 0.447892 0.628285
vt 0.447941 0.629995
vt 0.448461 0.630703
vt 0.449326 0.631260
vt 0.450138 0.631571
vt 0.451014 0.631781
vt 0.451634 0.631866
vt 0.453091 0.572218
vt 0.455216 0.572198
vt 0.487554 0.570985
vt 0.491097 0.571085
vt 0.492781 0.571203
vt 0.495977 0.571575
vt 0.498554 0.572046
vt 0.499526 0.572301
vt 0.501193 0.572925
vt 0.502490 0.573702
vt 0.503415 0.574631
vt 0.504154 0.576946
vt 0.503909 0.577992
vt 0.503179 0.578977
vt 0.501963 0.579900
vt 0.500261 0.580761
vt 0.498073 0.581561
vt 0.495399 0.582299
vt 0.543287 0.580189
vt 0.543284 0.586791
vt 0.468745 0.594327
vt 0.474200 0.594629
vt 0.476637 0.594890
vt 0.478880 0.595224
vt 0.480929 0.595632
vt 0.484464 0.596585
vt 0.485953 0.597109
vt 0.488374 0.598255
vt 0.496366 0.604946
vt 0.499249 0.606297
vt 0.500411 0.606629
vt 0.501688 0.606888
vt 0.503080 0.607073
vt 0.504587 0.607184
vt 0.506210 0.607222
vt 0.507821 0.607195
vt 0.509291 0.607110
vt 0.510622 0.606966
vt 0.511812 0.606765
vt 0.512863 0.606506
vt 0.513773 0.606189
vt 0.514543 0.605814
vt 0.515664 0.604890
vt 0.516228 0.602543
vt 0.515693 0.601624
vt 0.514622 0.600888
vt 0.513886 0.600589
vt 0.513016 0.600335
vt 0.512012 0.600128
vt 0.510874 0.599966
vt 0.509603 0.599849
vt 0.508197 0.599778
vt 0.504977 0.599775
vt 0.501912 0.599962
vt 0.500528 0.600126
vt 0.499243 0.600339
vt 0.498056 0.600599
vt 0.498060 0.593710
vt 0.501182 0.593198
vt 0.503036 0.593000
vt 0.508062 0.592649
vt 0.513630 0.592529
vt 0.517393 0.592600
vt 0.520871 0.592802
vt 0.524064 0.593134
vt 0.526974 0.593596
vt 0.529599 0.594187
vt 0.531940 0.594909
vt 0.533955 0.595758
vt 0.536887 0.597825
vt 0.538352 0.600387
vt 0.538276 0.603856
vt 0.536208 0.607339
vt 0.532073 0.610124
vt 0.529230 0.611255
vt 0.525870 0.612211
vt 0.521993 0.612993
vt 0.517599 0.613601
vt 0.512688 0.614035
vt 0.507260 0.614294
vt 0.498479 0.614339
vt 0.493288 0.614043
vt 0.490934 0.613784
vt 0.488740 0.613452
vt 0.486707 0.613046
vt 0.481628 0.611578
vt 0.479107 0.610442
vt 0.470057 0.603773
vt 0.467008 0.602419
vt 0.465821 0.602086
vt 0.464536 0.601827
vt 0.463151 0.601642
vt 0.461668 0.601530
vt 0.460086 0.601491
vt 0.458617 0.601517
vt 0.457275 0.601596
vt 0.456062 0.601729
vt 0.454976 0.601917
vt 0.454018 0.602158
vt 0.453187 0.602454
vt 0.452484 0.602804
vt 0.451462 0.603665
vt 0.450957 0.605982
vt 0.451526 0.607061
vt 0.452663 0.607924
vt 0.453445 0.608275
vt 0.454369 0.608572
vt 0.455435 0.608815
vt 0.456643 0.609005
vt 0.457994 0.609141
vt 0.459487 0.609222
vt 0.461946 0.609242
vt 0.465572 0.609098
vt 0.465570 0.616114
vt 0.456271 0.616446
vt 0.458038 0.620014
vt 0.459970 0.620166
vt 0.461746 0.620378
vt 0.463366 0.620652
vt 0.464828 0.620985
vt 0.467292 0.621765
vt 0.469146 0.622649
vt 0.470391 0.623636
vt 0.474470 0.629402
vt 0.474907 0.629736
vt 0.475426 0.630008
vt 0.476027 0.630220
vt 0.476359 0.630303
vt 0.477084 0.630424
vt 0.477892 0.630485
vt 0.478326 0.630492
vt 0.479416 0.630472
vt 0.480411 0.630411
vt 0.481311 0.630309
vt 0.482117 0.630167
vt 0.482828 0.629984
vt 0.483443 0.629761
vt 0.483965 0.629497
vt 0.484723 0.628848
vt 0.485114 0.627255
vt 0.484834 0.626684
vt 0.484273 0.626191
vt 0.483207 0.625701
vt 0.482696 0.625563
vt 0.482424 0.625506
vt 0.481538 0.625389
vt 0.480891 0.625355
vt 0.480213 0.625353
vt 0.479299 0.625385
vt 0.478532 0.625457
vt 0.478104 0.625526
vt 0.477914 0.625567
vt 0.477585 0.625662
vt 0.477585 0.619274
vt 0.480436 0.618842
vt 0.483452 0.618583
vt 0.486632 0.618497
vt 0.489451 0.618554
vt 0.492025 0.618721
vt 0.494354 0.618999
vt 0.496437 0.619387
vt 0.498275 0.619886
vt 0.499868 0.620496
vt 0.501217 0.621216
vt 0.503177 0.622989
vt 0.504078 0.628136
vt 0.502464 0.631045
vt 0.501051 0.632298
vt 0.498175 0.633924
vt 0.552320 0.636954
vt 0.552321 0.641339
vt 0.543280 0.654316
vt 0.499988 0.656365
vt 0.501211 0.656871
vt 0.502213 0.657434
vt 0.503548 0.658729
vt 0.503994 0.660250
vt 0.503114 0.662705
vt 0.502013 0.663790
vt 0.500471 0.664779
vt 0.498489 0.665674
vt 0.496065 0.666473
vt 0.493271 0.667180
vt 0.488516 0.668074
vt 0.481122 0.668954
vt 0.478498 0.672500
vt 0.483510 0.672452
vt 0.486534 0.672538
vt 0.489319 0.672718
vt 0.491866 0.672991
vt 0.494173 0.673357
vt 0.497186 0.674083
vt 0.499316 0.674849
vt 0.501060 0.675730
vt 0.502416 0.676727
vt 0.503968 0.679067
vt 0.503963 0.681933
vt 0.502337 0.684642
vt 0.499080 0.686907
vt 0.496840 0.687873
vt 0.494192 0.688728
vt 0.491135 0.689472
vt 0.487671 0.690105
vt 0.537533 0.692636
vt 0.537550 0.699986
vt 0.486487 0.709187
vt 0.537610 0.713111
vt 0.502884 0.528804
vt 0.504179 0.531072
vt 0.503834 0.533211
vt 0.502166 0.534935
vt 0.500841 0.535686
vt 0.498237 0.536675
vt 0.502239 0.536498
vt 0.502186 0.542524
vt 0.450211 0.548926
vt 0.478581 0.547557
vt 0.483594 0.547539
vt 0.486617 0.547644
vt 0.489400 0.547841
vt 0.493126 0.548310
vt 0.495310 0.548739
vt 0.497255 0.549259
vt 0.499380 0.550041
vt 0.501118 0.550935
vt 0.502468 0.551943
vt 0.504008 0.554297
vt 0.503988 0.557165
vt 0.502350 0.559865
vt 0.499082 0.562110
vt 0.496838 0.563062
vt 0.494185 0.563900
vt 0.491125 0.564625
vt 0.487658 0.565236
vt 0.479499 0.566118
vt 0.450759 0.569689
vt 0.450099 0.570199
vt 0.449768 0.570753
vt 0.449754 0.571234
vt 0.449976 0.571560
vt 0.450171 0.571699
vt 0.450421 0.571821
vt 0.450727 0.571928
vt 0.451088 0.572018
vt 0.451506 0.572092
vt 0.451978 0.572150
vn 1.0000 0.0000 0.0000
vn 0.0000 0.3011 -0.9536
vn -0.0000 0.4116 -0.9114
vn -0.0000 0.9989 -0.0459
vn 0.0000 0.7399 0.6727
vn -0.0036 -0.1726 -0.9850
vn 0.0000 0.8737 -0.4865
vn -1.0000 -0.0000 0.0000
vn -0.9448 -0.3263 -0.0295
vn -0.0000 0.1976 -0.9803
vn 0.0019 0.9979 -0.0643
vn -0.0000 -0.7472 -0.6646
vn 0.9999 0.0119 0.0001
vn 0.0000 0.9698 0.2440
vn 0.0000 0.1739 0.9848
vn 0.0000 1.0000 0.0000
vn 0.0000 -0.1821 -0.9833
vn 0.0000 0.9898 0.1428
vn 0.0000 -0.3894 -0.9211
vn 0.0000 -0.5899 -0.8075
vn -0.0000 -0.9979 -0.0644
vn 0.0004 0.0281 0.9996
vn 0.0000 0.9471 0.3210
vn 0.0000 -0.1758 -0.9844
vn 0.0000 0.8600 0.5102
vn 0.0000 -0.2364 0.9717
vn 0.0000 0.4437 0.8962
vn -0.0000 -0.3116 -0.9502
vn 0.0004 -0.0213 -0.9998
vn 0.0000 0.7635 0.6458
vn 0.0000 0.6782 -0.7349
vn 0.0000 -0.0192 -0.9998
vn -0.0000 -0.4006 -0.9162
vn 0.0000 0.6495 -0.7604
vn 0.0000 0.1795 0.9838
vn 0.0000 -1.0000 0.0000
vn -0.0000 -0.1721 -0.9851
vn 0.0000 -0.6315 0.7754
vn 0.0000 -0.2207 0.9753
vn 0.0000 1.0000 0.0009
vn 0.0000 0.9853 -0.1709
vn 0.0000 0.3733 -0.9277
vn 0.0000 0.8885 -0.4589
vn 0.0000 0.2139 0.9769
vn 0.0000 0.8520 0.5236
vn 0.0000 0.7722 0.6354
vn 0.0000 0.5245 -0.8514
vn 0.0000 0.6743 0.7385
vn 0.0000 0.3853 -0.9228
vn 0.0000 0.5635 0.8261
vn -0.0016 -0.9842 -0.1771
vn -0.0014 -0.9987 0.0509
vn 0.0000 -0.9716 0.2367
vn 0.0000 -0.9228 0.3853
vn 0.0000 -0.7501 0.6613
vn 0.0000 0.4899 -0.8718
vn 0.0000 -0.6431 0.7658
vn -0.0000 0.1644 0.9864
vn -0.0000 -0.5004 -0.8658
vn 0.0000 -0.1646 0.9864
vn 0.0000 0.7980 -0.6027
vn 0.0000 -0.1921 -0.9814
vn 0.0000 0.9547 0.2975
vn -0.0000 -0.8739 0.4861
vn 0.0000 0.7934 -0.6087
vn 0.0000 0.6633 -0.7483
vn 0.0000 0.8249 0.5653
vn 0.0000 0.8953 0.4455
vn 0.0000 0.9558 -0.2941
vn 0.0000 -0.1095 0.9940
vn 0.0000 0.8454 -0.5342
vn 0.0000 0.9870 -0.1608
vn 0.0000 1.0000 0.0060
vn 0.0000 -0.5081 -0.8613
vn 0.0000 -0.6315 -0.7754
vn 0.0000 0.9906 0.1367
vn 0.0000 -0.8486 0.5291
vn 0.0000 -0.9570 -0.2902
vn 0.0000 -0.9263 -0.3768
vn 0.0000 -0.9825 -0.1864
vn 0.0000 -0.9995 -0.0330
vn -0.0000 -0.1738 -0.9848
vn -0.0000 0.4140 -0.9103
vn 0.0000 0.7026 -0.7116
vn -0.0000 0.6752 -0.7376
vn -0.0000 0.3973 -0.9177
vn 0.0000 0.8020 -0.5974
vn 0.0000 0.8575 -0.5145
vn 0.0000 -0.9701 0.2427
vn 0.0000 -0.9312 0.3645
vn 0.0000 -0.8687 0.4954
vn 0.0000 -0.7792 0.6267
vn 0.0000 -0.6649 0.7469
vn 0.0000 -0.5338 0.8456
vn 0.0000 -0.3975 0.9176
vn 0.0000 -0.9520 0.3061
vn 0.0000 -0.1745 -0.9847
vn 0.0000 -0.6065 0.7951
vn 0.0000 0.4160 -0.9094
vn 0.0000 0.5547 -0.8320
vn 0.0000 -0.0442 -0.9990
vn 0.0000 0.6850 -0.7286
vn 0.0000 0.7956 -0.6059
vn 0.0000 0.8799 -0.4752
vn -0.0000 -0.3854 -0.9227
vn 0.0000 0.9377 -0.3475
vn -0.0000 -0.9805 0.1967
vn 0.0000 0.9880 0.1544
vn 0.0000 -0.1680 0.9858
vn 0.0000 -0.2995 0.9541
vn 0.0000 -0.4409 0.8976
vn 0.0000 -0.5821 0.8132
vn 0.0000 0.9880 -0.1546
vn 0.0000 -0.7104 0.7038
vn 0.0000 -0.8157 0.5785
vn -0.0000 -0.7395 0.6732
vn 0.0000 -0.8934 0.4493
vn 0.0000 -0.9995 0.0312
vn 0.0000 0.9889 -0.1484
vn 0.0000 0.5232 0.8522
vn 0.0000 0.8356 0.5494
vn 0.0000 0.7365 0.6764
vn 0.0000 0.6111 0.7915
vn 0.0000 0.4682 0.8836
vn 0.0000 0.7762 0.6305
vn 0.0000 0.3208 0.9472
vn 0.0000 -0.9980 -0.0628
vn 0.0000 0.9977 0.0671
vn 0.0000 -0.8396 0.5433
vn 0.0000 -0.8807 -0.4736
vn 0.0000 -0.7419 0.6705
vn 0.0000 -0.7996 -0.6005
vn 0.0000 -0.6173 0.7867
vn 0.0000 -0.6865 -0.7271
vn 0.0000 0.1808 0.9835
vn 0.0000 -0.4741 0.8805
vn 0.0000 -0.5438 -0.8392
vn 0.0000 -0.3254 0.9456
vn 0.0000 -0.3826 -0.9239
vn 0.0000 -0.1836 0.9830
vn 0.0000 -0.2193 -0.9757
vn 0.0000 -0.0683 -0.9977
vn -0.0000 -0.9561 -0.2932
vn 0.0000 0.9968 -0.0803
vn -0.0000 -0.9842 -0.1771
vn 0.0000 -0.2726 0.9621
vn 0.0000 -0.4515 0.8923
vn -0.0000 -0.8480 0.5300
vn 0.0000 -0.9333 0.3590
vn 0.0000 -0.2110 0.9775
vn 0.0000 0.9422 -0.3351
vn -0.0000 0.3890 0.9212
vn -0.0000 -0.9455 -0.3257
vn 0.0000 -0.5824 -0.8129
vn 0.0000 0.5260 0.8505
vn 0.0004 0.0502 -0.9987
vn 0.0000 0.0696 0.9976
vn 0.0000 0.2018 -0.9794
vn 0.0000 0.2235 0.9747
vn 0.0000 0.3548 -0.9349
vn 0.0000 0.3891 0.9212
vn 0.0000 0.5106 -0.8598
vn 0.0000 0.5513 0.8343
vn 0.0000 0.6543 -0.7562
vn 0.0000 0.6936 0.7203
vn 0.0000 0.7734 -0.6339
vn 0.0000 0.8052 0.5930
vn 0.0000 0.8625 -0.5061
vn 0.0000 0.8846 0.4664
vn 0.0000 0.6795 -0.7337
vn 0.0000 0.8481 -0.5299
vn 0.0000 -0.6904 -0.7235
vn 0.0000 0.6643 0.7475
vn 0.0000 0.7603 -0.6495
vn -0.0000 -0.7570 0.6535
vn 0.0000 0.8976 -0.4409
vn 0.0000 0.8246 -0.5657
vn 0.0000 -0.5311 0.8473
vn 0.0000 0.7187 -0.6953
vn 0.0000 0.5786 -0.8156
vn 0.0000 0.5141 -0.8577
vn 0.0000 0.4129 -0.9108
vn -0.0000 0.2390 -0.9710
vn -0.0000 0.0747 -0.9972
vn 0.0000 0.5618 -0.8273
vn 0.0000 0.4067 0.9136
vn -0.0000 -0.9365 0.3508
vn 0.0000 0.3198 0.9475
vn -0.0000 -0.8876 -0.4606
vn -0.0000 -0.8097 -0.5869
vn -0.0007 -0.7182 0.6958
vn -0.0000 -0.6993 -0.7148
vn -0.0000 -0.5574 -0.8302
vn -0.0000 -0.3943 -0.9190
vn -0.0000 -0.2269 -0.9739
vn -0.0005 0.0877 0.9961
vn -0.0000 -0.0707 -0.9975
vn 0.0009 -0.6030 0.7977
vn 0.0006 0.4243 0.9055
vn -0.0000 0.1347 -0.9909
vn 0.0000 0.6000 0.8000
vn -0.0000 0.5932 -0.8050
vn -0.0000 0.6912 -0.7226
vn 0.0000 -0.1055 0.9944
vn -0.0000 -0.7282 0.6854
vn 0.0000 -0.2626 -0.9649
vn -0.0000 -0.5906 -0.8069
vn 0.0000 0.9448 -0.3276
vn 0.0000 -0.8426 -0.5386
vn 0.0000 0.8886 0.4587
vn 0.0000 0.9984 0.0571
vn 0.0005 -0.1752 -0.9845
vn 0.0000 0.9827 0.1850
vn 0.0000 0.9881 0.1536
vn 0.0008 -0.8043 0.5942
vn 0.0000 0.8722 -0.4892
vn 0.0007 -0.8310 0.5563
vn -0.0012 -0.7446 0.6675
vn 0.0013 -0.6413 0.7673
vn -0.0017 -0.3980 0.9174
vn 0.0000 -0.0147 0.9999
vn -0.0078 0.9997 0.0219
vn -0.0012 0.0668 -0.9978
vn 0.0000 0.9066 -0.4220
vn -0.0006 0.2929 0.9562
vn -0.0009 0.5586 -0.8294
vn -0.0000 0.6228 0.7824
vn 0.0010 0.7410 0.6715
vn -0.0000 -0.8952 0.4457
vn -0.0011 0.8468 0.5320
vn 0.0000 0.8952 0.4456
vn 0.0000 0.7557 0.6549
vn -0.0000 0.6278 0.7784
vn -0.0000 -0.9432 0.3323
vn -0.0000 -0.5064 -0.8623
vn 0.0000 -0.9885 0.1512
vn 0.0006 0.3482 -0.9374
vn 0.0000 -0.4138 0.9104
vn 0.0000 -0.9395 -0.3424
vn 0.0000 -0.9941 0.1088
vn -0.0008 -0.9392 0.3433
vn 0.0000 0.9784 0.2068
vn 0.0000 0.1549 0.9879
vn 0.0000 -0.1993 -0.9799
vn 0.0000 0.1721 0.9851
vn 0.0000 0.9971 -0.0765
vn 0.0000 0.9654 -0.2607
vn 0.0000 -0.7261 -0.6876
vn -0.0000 -0.5103 0.8600
vn -0.0000 -0.9995 -0.0318
vn 0.0000 0.7693 -0.6389
vn 0.0000 -0.5070 0.8619
vn -0.0001 -0.1027 0.9947
vn 0.0000 -0.1682 -0.9858
vn 0.0000 -0.8859 -0.4639
vn -0.0111 0.1853 0.9826
vn 0.0000 -0.8148 -0.5798
vn -0.0000 -0.7261 -0.6875
vn 0.0000 0.1758 0.9844
vn 0.0000 -0.6247 -0.7809
vn 0.0000 -0.5171 -0.8559
vn 0.0000 0.1168 -0.9932
vn 0.0000 0.4299 -0.9029
vn -0.0008 -0.1749 -0.9846
vn 0.0000 -0.7580 -0.6523
vn 0.0000 -0.9855 0.1695
vn -0.0006 0.1689 0.9856
vn 0.0000 0.2591 -0.9659
vn -0.0000 -0.9963 0.0861
vn 0.0000 0.7915 -0.6112
vn 0.0000 0.3870 -0.9221
vn 0.0000 0.9757 0.2193
vn 0.0000 0.5217 -0.8531
vn 0.0000 -0.3027 -0.9531
vn 0.0000 0.6531 -0.7573
vn 0.0000 0.9189 0.3944
vn 0.0000 0.7694 -0.6388
vn 0.0000 0.8618 -0.5073
vn 0.0000 0.9272 -0.3746
vn 0.0000 0.9682 -0.2500
vn 0.0000 0.4493 -0.8934
vn 0.0000 -0.1639 0.9865
vn 0.0000 -0.2927 0.9562
vn 0.0000 -0.4319 0.9019
vn 0.0000 -0.5723 0.8200
vn 0.0000 -0.4556 0.8902
vn 0.0000 -0.7014 0.7127
vn 0.0000 -0.5823 0.8130
vn -0.0000 -0.6981 0.7160
vn 0.0000 0.9992 0.0390
vn -0.0000 -0.8087 0.5883
vn 0.0000 -0.7956 0.6058
vn 0.0000 -0.8887 0.4584
vn 0.0000 -0.8994 -0.4371
vn 0.0000 -0.9427 0.3337
vn 0.0000 -0.0044 -1.0000
vn -0.0000 0.5398 -0.8418
vn -0.0000 -0.8396 -0.5432
vn 0.0000 0.9877 0.1564
vn 0.0000 0.9348 0.3552
vn 0.0000 1.0000 0.0073
vn 0.0000 0.9981 0.0608
vn -0.0000 -0.9987 0.0509
vn 0.0000 0.6433 0.7656
vn 0.0000 -0.9938 -0.1111
vn 0.0000 -0.8386 0.5447
vn 0.0000 0.0972 -0.9953
vn -0.0000 -0.7651 0.6439
vn 0.0000 0.8757 -0.4829
vn 0.0000 -0.0468 0.9989
vn 0.0000 0.4281 0.9037
vn 0.0007 0.1541 -0.9881
vn 0.0000 -0.9008 0.4341
vn 0.0000 0.6009 -0.7993
vn -0.0000 0.0023 1.0000
vn 0.0007 0.5245 -0.8514
vn -0.0000 -0.9058 -0.4238
vn 0.0000 0.9487 0.3162
vn 0.0000 -0.4466 0.8947
vn -0.0000 -0.5878 0.8090
vn 0.0000 0.1713 0.9852
vn 0.0000 0.1737 0.9848
vn -0.0000 0.2962 -0.9551
vn 0.0000 0.5547 0.8321
vn 0.0000 -0.1737 -0.9848
vn 0.0000 -0.1746 -0.9846
vn -0.0000 -0.2705 0.9627
vn 0.0000 -0.5369 -0.8437
vn 0.0000 0.1746 0.9846
vn 0.0000 -0.5524 0.8335
vn 0.0000 0.9086 0.4177
vn -0.0012 0.0299 0.9996
vn 0.0000 0.7399 -0.6727
vn 0.0000 -0.9406 -0.3396
vn 0.0000 -0.8593 -0.5115
vn 0.0000 0.6072 -0.7946
vn 0.0000 0.4741 -0.8805
vn -0.0000 -0.9983 -0.0582
vn -0.0008 -0.9790 -0.2040
vn 0.0017 -0.1947 0.9809
vn 0.0000 0.5427 -0.8399
vn -0.0000 -0.0882 0.9961
vn 0.0000 -0.7521 0.6591
vn 0.0000 -0.6016 0.7988
vn 0.0000 0.9819 -0.1892
vn 0.0000 0.9965 -0.0838
vn 0.0000 0.0153 0.9999
vn -0.0006 0.2494 0.9684
vn -0.0000 -0.0225 -0.9997
vn 0.0000 0.7041 0.7101
vn 0.0000 0.9656 -0.2600
vn 0.0000 0.9371 -0.3490
vn -0.0000 -0.9876 0.1571
vn 0.0000 0.9456 -0.3254
vn 0.0000 -0.7691 -0.6391
vn 0.0000 -0.7420 0.6704
vn 0.0000 -0.8775 -0.4795
vn -0.0000 -0.8575 0.5145
vn 0.0000 -0.9428 -0.3333
vn -0.0000 -0.7968 -0.6043
vn 0.0000 -0.9758 0.2185
vn 0.0000 0.8096 -0.5870
vn 0.0000 0.4202 -0.9074
vn 0.0000 0.2466 -0.9691
vn 0.0000 0.1164 -0.9932
vn 0.0000 0.8633 0.5048
vn 0.0000 -0.9302 -0.3670
vn 0.0000 -0.8717 -0.4900
vn 0.0006 -0.6431 0.7658
vn -0.0024 -0.0281 -0.9996
vn 0.0000 0.8252 0.5649
vn 0.0000 0.7354 -0.6777
vn 0.0000 0.9321 0.3622
vn 0.0000 0.2855 -0.9584
vn -0.0000 -0.1498 -0.9887
vn 0.0000 0.5234 -0.8521
vn 0.0000 0.8955 -0.4451
vn 0.0000 -0.3872 -0.9220
vn 0.0000 0.0670 0.9978
vn 0.0031 -0.1095 0.9940
vn 0.0000 -0.3039 0.9527
vn 0.0000 -0.5882 0.8087
vn 0.0000 -0.7160 0.6981
vn -0.0005 -0.1404 -0.9901
vn 0.0000 0.9817 0.1905
vn 0.0000 0.9978 0.0663
vn 0.0000 0.9454 0.3258
vn 0.0000 0.8166 -0.5772
vn 0.0000 0.8140 0.5809
vn 0.0000 0.7274 0.6862
vn -0.0000 -0.1031 -0.9947
vn 0.0000 -0.6920 -0.7219
vn 0.0000 0.9339 -0.3576
vn -0.0000 -0.0281 -0.9996
vn 0.0000 0.2487 -0.9686
vn 0.0000 0.9956 0.0939
vn 0.0000 0.6864 -0.7273
vn 0.0000 0.5358 0.8443
vn 0.0000 -0.2059 0.9786
vn 0.0000 0.0156 0.9999
vn 0.0000 0.2169 -0.9762
vn 0.0000 0.9842 -0.1772
vn 0.0000 0.9493 -0.3144
vn 0.0000 0.7071 -0.7071
vn -0.0021 1.0000 0.0060
vn 0.0000 0.9725 -0.2330
vn 0.0000 0.9416 0.3368
vn 0.0000 0.6909 0.7229
vn 0.0000 -0.9971 0.0760
vn 0.0000 1.0000 0.0057
vn 0.0000 0.7804 0.6253
vn 0.0000 0.3634 -0.9316
vn 0.0000 0.2101 -0.9777
vn 0.0000 0.9661 0.2581
vn 0.0000 0.0661 -0.9978
vn -0.0000 -0.9583 0.2858
vn -0.0000 -0.4472 0.8944
vn 0.0000 -0.3583 -0.9336
vn 0.0000 0.6090 -0.7932
vn 0.0000 0.0010 1.0000
vn 0.0000 0.0860 -0.9963
vn 0.0000 0.2685 -0.9633
vn 0.0000 0.4167 0.9091
vn 0.0000 0.5652 -0.8249
vn -0.0000 -0.9918 0.1277
vn 0.0000 -0.6551 -0.7555
vn 0.0000 -0.9937 -0.1117
vn 0.0000 -0.3844 0.9231
vn 0.0000 0.9541 -0.2996
vn -0.0021 -0.9988 -0.0498
vn 0.0000 0.9151 -0.4032
vn 0.0000 -0.1793 -0.9838
vn -0.0000 0.1059 -0.9944
vn 0.0000 0.2302 0.9731
vn 0.0000 -0.2833 0.9590
vn 0.0000 -0.4076 -0.9132
vn 0.0000 -0.0884 -0.9961
vn 0.0000 -0.1693 -0.9856
vn 0.0000 -0.9830 0.1834
vn -0.0000 -0.6872 0.7265
vn 0.0000 0.9905 -0.1374
vn 0.0000 -0.4467 -0.8947
vn 0.0000 -0.7775 -0.6289
vn 0.0000 -0.6617 0.7498
vn -0.0000 -0.9257 0.3784
vn 0.0000 -0.9979 0.0653
vn 0.0000 0.7144 -0.6997
vn 0.0000 0.3711 0.9286
vn 0.0000 -0.9631 0.2691
vn -0.0009 -0.3624 0.9320
vn 0.0000 0.0219 0.9998
vn 0.0000 -0.9873 -0.1587
vn 0.0000 -0.8342 -0.5514
vn 0.0000 0.9672 -0.2539
vn -0.0000 -0.8355 0.5495
vn 0.0000 -0.3476 0.9377
vn 0.0000 -0.3526 0.9358
vn 0.0000 0.2012 -0.9795
vn 0.0000 -0.5519 -0.8339
vn 0.0021 0.0866 -0.9962
vn -0.0000 -0.9825 -0.1861
vn 0.0000 0.6553 -0.7553
vn 0.0000 -0.0847 0.9964
vn -0.0000 0.2860 -0.9582
vn 0.0000 0.8544 0.5196
vn 0.0010 -0.3721 0.9282
vn -0.0000 -0.9277 0.3732
vn -0.0000 -0.0694 -0.9976
vn 0.0000 0.1408 0.9900
vn -1.0000 -0.0001 -0.0000
vn -0.0000 -0.2221 -0.9750
vn 0.0005 -0.0454 -0.9990
vn 0.0000 -0.9890 -0.1479
vn 0.0000 -0.9530 -0.3028
vn 0.0000 1.0000 -0.0076
vn 0.0000 -0.2676 0.9635
vn 0.0000 -0.8833 -0.4687
vn -0.0000 -0.6184 -0.7858
vn -0.0000 -0.9509 -0.3096
vn -0.0000 -0.7447 -0.6674
vn -0.0000 -0.8811 0.4729
vn 0.0000 0.9450 0.3271
vn 0.0000 -0.9415 0.3371
vn 0.0000 -0.8602 0.5100
vn 0.0011 0.3868 -0.9222
vn 0.0000 -0.5537 -0.8327
vn 0.0000 0.9251 0.3797
vn 0.0000 -0.8497 0.5273
vn -0.0009 -0.7024 0.7118
vn 0.0000 -0.9843 0.1764
vn 0.0000 0.0098 1.0000
vn -0.0000 -0.9963 -0.0857
vn -0.0000 -0.5076 0.8616
vn 0.0000 0.9515 0.3076
vn -0.0000 -0.9985 0.0540
vn 0.0000 -0.9938 -0.1114
vn 0.0000 0.0923 -0.9957
vn 0.0000 0.8780 0.4787
vn 0.0000 0.8659 -0.5002
vn 0.0000 0.9379 0.3469
vn 0.0000 0.9335 -0.3585
vn 0.0000 0.9034 -0.4287
vn 0.0000 0.0905 0.9959
vn 0.0000 0.8006 -0.5992
vn 0.0000 -0.4085 0.9128
vn 0.0000 0.9960 -0.0888
vn 0.0000 -0.9989 0.0469
vn -0.0000 -0.5924 -0.8057
vn 0.0000 -0.2652 0.9642
vn 0.0000 -0.7172 -0.6969
vn -0.0112 0.1644 0.9863
vn 0.0000 -0.8305 -0.5570
vn 0.0000 -0.9502 -0.3116
vn 0.0000 -0.9737 0.2278
vn -0.0000 0.9604 -0.2787
vn 0.0000 0.9832 -0.1827
vn 0.0000 -0.9999 0.0101
vn -0.0000 -0.9646 -0.2638
vn 0.0000 -0.8627 0.5057
vn 0.0000 0.8944 -0.4472
vn 0.0000 0.5890 -0.8081
vn 0.0000 -0.8682 -0.4962
vn 0.0000 -0.9341 0.3571
vn -0.0000 -0.8384 -0.5450
vn 0.0000 0.9896 0.1441
vn -0.0000 -0.9881 0.1541
vn 0.0000 -0.9386 -0.3451
vn 0.0000 0.1363 0.9907
vn 0.0000 0.9257 -0.3782
vn 0.0000 0.3618 -0.9323
vn 0.0000 0.5777 0.8163
vn 0.0017 -0.3872 -0.9220
vn 0.0000 0.1661 0.9861
vn 0.0000 -0.5082 -0.8613
vn 0.0000 -0.9355 0.3534
vn -0.0004 0.8141 -0.5807
vn 0.0000 -0.2564 0.9666
vn 0.0000 -0.1698 -0.9855
vn -0.0000 -0.9070 -0.4212
vn 0.0000 0.9941 -0.1088
vn -0.0009 -0.0094 -1.0000
vn 0.0000 -0.5398 0.8418
vn 0.0000 0.9873 0.1587
vn -0.0000 -0.9339 0.3576
vn 0.0031 0.2073 -0.9783
vn 0.0062 -0.0422 -0.9991
vn 0.0000 0.9386 0.3451
vn 0.0000 -0.0866 0.9962
vn 0.0000 0.0487 0.9988
vn 0.0000 -0.0010 -1.0000
vn 0.0000 0.0466 -0.9989
vn 0.0000 -0.7274 -0.6862
vn 0.0000 0.9355 -0.3534
vn 0.0000 0.9963 -0.0861
vn 0.0000 0.8627 -0.5057
vn -0.0028 0.0100 0.9999
vn -0.0000 -0.5980 -0.8015
vn 0.0000 0.0884 0.9961
vn 0.0000 0.4472 -0.8944
vn -0.0000 -0.9832 0.1827
vn 0.0000 -0.9960 0.0889
vn -0.0000 -0.8454 0.5342
vn 0.0000 -0.2466 0.9691
vn 0.0000 -0.6278 -0.7784
vn 0.0000 -0.5427 0.8399
vn 0.0000 -0.7557 -0.6549
vn 0.0000 -0.0972 0.9953
vn 0.0000 -0.7934 0.6087
vn 0.0000 0.9876 -0.1571
vn 0.0000 -0.6433 -0.7656
vn 0.0000 0.5537 0.8327
vn 0.0000 0.6551 0.7555
vn -0.0000 -0.9853 0.1709
vn 0.0000 0.9392 -0.3433
vn -0.0000 0.9333 -0.3590
vn -0.0000 -0.9251 -0.3797
vn -0.0000 -0.9698 -0.2440
vn 0.0000 0.1095 -0.9940
vn 0.0000 -0.9034 0.4287
vn -0.0000 -0.9877 -0.1564
vn 0.0000 -0.9448 0.3276
vn 0.0000 -0.7071 0.7071
vn -0.0000 -0.9348 -0.3552
vn 0.0000 -0.3890 -0.9212
vn 0.0000 -0.1164 0.9932
vn 0.0000 0.9737 -0.2278
vn 0.0000 0.8717 0.4900
vn 0.0000 0.9830 -0.1834
vn 0.0000 -0.5380 0.8429
vn 0.0069 0.9842 0.1770
vn 0.0000 -0.8252 -0.5649
vn 0.0000 0.9988 0.0498
vn 0.0000 0.7160 -0.6981
vn 0.0005 -0.4472 -0.8944
vn 0.0000 0.7172 0.6969
vn 0.0000 -0.8955 0.4451
vn 0.0000 0.3872 0.9220
vn 0.0000 -0.9487 -0.3162
vn 0.0000 -0.9379 -0.3469
vn -0.0000 -0.7238 -0.6900
vn 0.0000 0.7472 0.6646
vn -0.0000 -0.9896 -0.1441
vn 0.0000 0.8426 0.5386
vn 0.0000 0.9520 -0.3061
vn -0.0000 -0.9981 -0.0608
vn -0.0000 -0.9672 0.2539
vn -0.0000 -0.8885 0.4589
vn -0.0000 -0.9151 0.4032
vn 0.0000 -0.8886 -0.4587
vn -0.0049 -0.0608 -0.9981
vn 0.0000 -0.3855 0.9227
vn 0.0000 0.7968 0.6043
vn 0.0000 0.8833 0.4688
vn 0.0000 0.9455 0.3257
vn 0.0000 0.9825 0.1861
vn 0.0000 -1.0000 -0.0060
vn 0.0069 0.7580 0.6522
vn 0.0000 0.4467 0.8947
vn -0.0000 -0.2290 -0.9734
vn -0.0000 -0.2685 0.9633
vn 0.0000 -0.8952 -0.4456
vn 0.0000 -1.0000 -0.0073
vn 0.0022 0.2122 -0.9772
vn 0.0000 0.9979 0.0644
vn 0.0000 -0.0098 -1.0000
vn 0.0000 0.9631 -0.2691
vn 0.0000 -0.6909 -0.7229
vn 0.0000 0.5070 -0.8619
vn 0.0000 -0.9881 -0.1536
vn 0.0000 0.9987 -0.0509
vn -0.0000 -0.8481 0.5298
vn -0.0000 -0.7603 0.6495
vn -0.0000 -0.6495 0.7604
vn 0.0000 -0.5141 0.8577
vn 0.0000 0.9971 -0.0760
vn 0.0000 0.9885 -0.1512
vn 0.0000 0.9341 -0.3571
vn 0.0000 0.9530 0.3028
vn 0.0000 0.8635 -0.5043
vn 0.0158 -0.1520 -0.9883
vn 0.0000 0.1919 0.9814
vn 0.0000 -0.4493 0.8934
vn 0.0000 -0.5358 -0.8443
vn 0.0000 -0.5652 0.8249
vn 0.0000 0.9302 0.3670
vn -0.0000 0.1272 -0.9919
vn 0.0000 0.9995 0.0318
vn 0.0000 0.9428 0.3333
vn -0.0000 0.8811 -0.4729
vn 0.0000 -0.2169 0.9762
vn 0.0000 -0.8006 0.5992
vn -0.0028 0.3624 -0.9320
vn 0.0000 -0.6009 0.7993
vn 0.0000 -0.4899 0.8718
vn 0.0000 0.9918 -0.1277
vn -0.0000 -0.9422 0.3351
vn -0.0000 0.9418 -0.3361
vn -0.0000 0.7282 -0.6854
vn -0.0000 0.5878 -0.8090
vn -0.0000 -0.9965 0.0838
vn -0.0000 0.2726 -0.9621
vn -0.0013 0.0455 0.9990
vn 0.0000 0.0882 -0.9961
vn 0.0000 0.3027 0.9531
vn 0.0000 -0.9547 -0.2975
vn -0.0041 0.1727 0.9850
vn 0.0000 -0.9819 0.1892
vn 0.0000 0.2207 -0.9753
vn 0.0000 0.3476 -0.9377
vn 0.0000 0.5906 0.8069
vn 0.0000 0.5103 -0.8600
vn -0.0000 0.8480 -0.5300
vn -0.0000 -0.9956 -0.0939
vn 0.0000 0.1031 0.9947
vn 0.0000 -0.8659 0.5002
vn 0.0000 -0.1803 -0.9836
vn -0.0000 -0.9604 0.2787
vn -0.0000 -0.9589 -0.2839
vn 0.0000 0.6065 -0.7951
vn 0.0000 -0.9335 0.3585
vn 0.0000 0.3752 -0.9269
vn -0.0000 -0.9654 0.2607
vn -0.0000 -0.2139 -0.9769
vn 0.0000 -0.9880 -0.1544
vn 0.0000 -0.2855 0.9584
vn 0.0000 0.8305 0.5570
vn -0.0000 -0.0670 -0.9978
vn 0.0000 -0.8020 0.5974
vn -0.0000 -0.9456 0.3254
vn -0.0000 0.2833 -0.9590
vn -0.0000 0.4085 -0.9128
vn -0.0000 0.5311 -0.8473
vn 0.0000 -0.4140 0.9103
vn 0.0000 0.9502 0.3115
vn 0.0000 -0.9906 -0.1367
vn 0.0000 0.8824 -0.4705
vn 0.0000 -0.2012 0.9795
vn 0.0000 -0.7399 0.6727
vn -0.0000 -1.0000 0.0076
vn 0.0000 -0.4167 -0.9091
vn -0.0115 0.5523 -0.8336
vn -0.0000 -0.9971 0.0765
vn 0.0000 0.3854 0.9227
vn -0.0000 0.4138 -0.9104
vn -0.0000 0.8396 0.5432
vn 0.0000 0.9058 0.4238
vn 0.0000 -0.9471 -0.3210
vn -0.0000 -0.9661 -0.2581
vn -0.0000 -0.9066 0.4220
vn 0.0000 -0.8633 -0.5048
vn 0.0000 -0.7804 -0.6253
vn 0.0000 -0.9889 0.1484
vn 0.0000 0.9985 -0.0540
vn -0.0000 -0.9880 0.1546
vn 0.0000 0.3583 0.9336
vn 0.0000 0.9758 -0.2185
vn 0.0000 0.2110 -0.9775
vn 0.0000 -0.6553 0.7553
vn 0.0000 0.0694 0.9976
vn 0.0000 0.9395 0.3424
vn 0.0000 -0.9784 -0.2068
vn 0.0000 -0.9977 -0.0671
vn -0.0000 -0.3711 -0.9286
vn 0.0000 -0.0860 0.9963
vn 0.0000 -0.0023 -1.0000
vn 0.0000 -0.0156 -0.9999
vn 0.0000 -0.1059 0.9944
vn 0.0000 0.5824 0.8129
vn 0.0000 0.9008 -0.4341
vn 0.0000 -0.9968 0.0803
vn 0.0000 0.9855 -0.1695
vn 0.0000 0.9890 0.1479
vn 0.0000 0.9979 -0.0653
vn 0.0016 0.1499 0.9887
vn 0.0000 0.9805 -0.1967
vn 0.0000 -0.8096 0.5870
vn 0.0000 -0.6795 0.7337
vn 0.0000 -0.5245 0.8514
vn 0.0000 -0.1661 -0.9861
vn 0.0000 0.9716 -0.2367
vn -0.0000 -0.9817 -0.1905
vn 0.0000 -0.7635 -0.6458
vn 0.0017 0.1786 0.9839
vn 0.0000 0.0281 0.9996
vn 0.0000 -0.3973 0.9177
vn 0.0000 0.9583 -0.2858
vn 0.0000 0.9963 0.0857
vn 0.0000 0.3894 0.9211
vn 0.0000 -0.3618 0.9323
vn 0.0000 0.8682 0.4962
vn 0.0000 -0.6633 0.7483
vn 0.0000 -0.8249 -0.5653
vn 0.0000 -0.7980 0.6027
vn 0.0000 -0.8953 -0.4455
vn 0.0000 -0.9870 0.1608
vn 0.0000 0.4006 0.9162
vn 0.0000 0.3039 -0.9527
vn 0.0000 0.6315 0.7754
vn 0.0000 0.5882 -0.8087
vn -0.0000 -0.9989 0.0459
vn 0.0000 0.5924 0.8057
vn 0.0000 0.7775 0.6289
vn 0.0000 0.9843 -0.1764
vn -0.0000 0.0000 1.0000
vn 0.0730 0.5729 0.8163
vn 0.0730 0.5729 -0.8163
vn -0.0000 0.0000 -1.0000
vn 0.2873 0.9578 0.0000
vn 0.9659 0.1830 0.1830
vn 0.7071 0.5000 0.5000
vn 0.2588 0.6830 0.6830
vn 0.9659 0.1830 -0.1830
vn 0.7071 0.5000 -0.5000
vn 0.2588 0.6830 -0.6830
vn 0.9659 0.2588 0.0000
vn 0.7071 0.7071 0.0000
vn 0.2588 0.9659 0.0000
vn 0.1334 0.9911 0.0000
vn -0.2260 0.9741 0.0000
vn -0.5969 0.8023 0.0000
vn -0.8681 0.4963 0.0000
vn -0.9876 0.1570 -0.0000
vn -0.0407 -0.0007 0.9992
vn -0.0015 -0.0115 -0.9999
vn -0.0814 -0.5748 -0.8142
vn -0.0814 -0.5748 0.8142
vn -0.0015 -0.0115 0.9999
vn -0.4557 -0.8901 0.0001
vn -0.9732 -0.1729 -0.1516
vn -0.7201 -0.4935 -0.4877
vn -0.2535 -0.6843 -0.6837
vn -0.9732 -0.1729 0.1516
vn -0.7199 -0.4933 0.4882
vn -0.2535 -0.6843 0.6837
vn -0.9712 -0.2381 0.0000
vn -0.7145 -0.6996 -0.0000
vn -0.2591 -0.9658 0.0000
vn -0.9999 -0.0172 0.0000
vn -0.1355 -0.9894 0.0516
vn -0.1337 -0.9901 -0.0419
vn 0.5891 -0.8081 -0.0002
vn 0.6048 -0.7964 0.0000
vn 0.8745 -0.4851 0.0000
vn 0.9867 -0.1628 -0.0000
vn 1.0000 -0.0038 0.0000
vn -1.0000 0.0057 -0.0002
vn 0.0384 -0.0046 -0.9993
vn 1.0000 0.0079 0.0001
vn -0.0012 -0.0053 1.0000
vn -0.0002 -1.0000 0.0000
vn 0.0000 0.9995 -0.0312
vn 0.0000 0.4466 -0.8947
vn -0.0000 -0.1739 -0.9848
vn -0.0000 0.1821 0.9833
vn 0.0000 -0.9842 0.1772
vn 0.0000 0.5899 0.8075
vn 0.0000 -0.3634 0.9316
vn -0.0000 0.6872 -0.7265
vn 0.0000 -0.9493 0.3144
vn 0.0000 -0.7041 -0.7101
vn 0.0000 -0.4281 -0.9037
vn 0.0000 0.9415 -0.3371
vn 0.0000 0.9277 -0.3733
vn 0.0000 -0.8780 -0.4787
vn 0.0000 -0.6782 0.7349
vn 0.0000 0.8497 -0.5273
vn 0.0000 -0.9189 -0.3944
vn -0.0000 -0.9086 -0.4177
vn -0.0058 0.3871 0.9220
vn 0.0000 0.6315 -0.7754
vn -0.0000 -1.0000 -0.0009
vn 0.0000 -0.3733 0.9277
vn 0.0000 -0.8520 -0.5236
vn 0.0000 -0.7722 -0.6354
vn 0.0000 -0.5234 0.8521
vn 0.0000 -0.6743 -0.7385
vn 0.0000 -0.5635 -0.8261
vn 0.0000 0.9228 -0.3853
vn 0.0000 0.7501 -0.6613
vn 0.0000 0.9983 0.0582
vn -0.0000 -0.1646 -0.9864
vn -0.0000 -0.8166 0.5772
vn 0.0000 -0.3198 -0.9475
vn 0.0000 -0.1022 0.9948
vn -0.0000 -0.2101 0.9777
vn 0.0000 0.9790 0.2040
vn 0.0000 -0.0923 0.9957
vn 0.0000 0.8775 0.4795
vn 0.0000 -0.8140 -0.5809
vn 0.0000 -0.9558 0.2941
vn 0.0000 -0.2860 0.9582
vn 0.0000 0.5081 0.8613
vn 0.0000 -0.9656 0.2600
vn -0.0000 -0.9454 -0.3258
vn 0.0000 0.8486 -0.5291
vn 0.0000 0.9263 0.3768
vn -0.0000 -0.9371 0.3490
vn 0.0000 0.9825 0.1864
vn 0.0017 0.1404 0.9901
vn 0.0000 0.9995 0.0330
vn 0.0000 0.1738 0.9848
vn 0.0000 0.6184 0.7858
vn 0.0000 -0.7026 0.7116
vn -0.0000 -0.6090 0.7932
vn 0.0000 0.9257 -0.3784
vn 0.0075 -0.4202 0.9074
vn 0.0000 0.8593 0.5115
vn 0.0000 0.9701 -0.2427
vn 0.0000 0.9312 -0.3645
vn 0.0000 0.8687 -0.4954
vn 0.0000 0.7792 -0.6267
vn 0.0000 0.6649 -0.7469
vn 0.0000 0.5338 -0.8456
vn 0.0000 0.3975 -0.9176
vn -0.0000 0.1745 0.9847
vn -0.0000 -0.9321 -0.3622
vn -0.0000 0.0192 0.9998
vn 0.0000 -0.4160 0.9093
vn 0.0000 -0.5547 0.8320
vn 0.0000 0.0442 0.9990
vn 0.0000 -0.6850 0.7286
vn 0.0000 -0.7956 0.6059
vn 0.0000 -0.8799 0.4751
vn -0.0000 -0.9992 -0.0390
vn 0.0000 -0.9377 0.3475
vn 0.0000 0.1680 -0.9858
vn 0.0000 0.2995 -0.9541
vn 0.0000 0.4409 -0.8976
vn 0.0000 0.5820 -0.8132
vn 0.0000 0.8342 0.5514
vn 0.0000 0.7104 -0.7038
vn 0.0000 0.8157 -0.5785
vn 0.0000 0.8934 -0.4493
vn 0.0000 0.9937 0.1117
vn -0.0000 -0.8356 -0.5494
vn 0.0000 0.1793 0.9838
vn -0.0000 -0.7365 -0.6764
vn -0.0000 -0.6111 -0.7915
vn -0.0000 -0.4682 -0.8836
vn -0.0000 -0.3208 -0.9472
vn -0.0000 0.2676 -0.9635
vn 0.0000 0.8396 -0.5432
vn 0.0000 0.8807 0.4736
vn 0.0000 0.7419 -0.6705
vn 0.0000 0.7996 0.6005
vn 0.0000 0.6173 -0.7867
vn 0.0000 0.6865 0.7271
vn -0.0000 -0.1808 -0.9835
vn -0.0000 0.8355 -0.5495
vn 0.0000 0.5438 0.8392
vn 0.0000 0.3254 -0.9456
vn -0.0000 0.3826 0.9239
vn 0.0000 0.1836 -0.9830
vn 0.0000 0.2193 0.9757
vn 0.0000 0.0683 0.9977
vn 0.0000 0.9561 0.2932
vn 0.0000 -0.1363 -0.9907
vn 0.0000 -0.5232 -0.8522
vn 0.0000 -0.8245 0.5658
vn 0.0069 0.1693 0.9855
vn -0.0000 0.3844 -0.9231
vn -0.0000 0.7395 -0.6732
vn 0.0000 -0.7144 0.6997
vn 0.0000 -0.9757 -0.2192
vn 0.0000 -0.9827 -0.1850
vn 0.0011 0.2187 -0.9758
vn 0.0000 0.9989 -0.0469
vn 0.0000 -0.8944 0.4472
vn 0.0000 -0.5777 -0.8163
vn 0.0000 0.7691 0.6391
vn 0.0000 0.6431 -0.7658
vn -0.0013 -0.0502 0.9987
vn 0.0000 -0.0696 -0.9976
vn 0.0000 -0.2018 0.9794
vn 0.0000 -0.2235 -0.9747
vn 0.0000 -0.3548 0.9349
vn 0.0000 -0.3891 -0.9212
vn 0.0000 -0.5106 0.8598
vn 0.0000 -0.5513 -0.8343
vn 0.0000 -0.6543 0.7562
vn 0.0000 -0.6936 -0.7203
vn 0.0000 -0.7734 0.6339
vn 0.0000 -0.8052 -0.5930
vn 0.0000 -0.8625 0.5061
vn 0.0000 -0.8846 -0.4664
vn 0.0000 0.3115 0.9502
vn 0.0000 -0.9984 -0.0571
vn 0.0000 0.6016 -0.7988
vn 0.0000 0.6904 0.7235
vn -0.0000 0.1055 -0.9944
vn -0.0000 0.7570 -0.6535
vn 0.0000 -0.3852 0.9228
vn 0.0000 0.8386 -0.5447
vn 0.0000 0.9509 0.3096
vn 0.0000 0.7024 -0.7118
vn 0.0000 0.7420 -0.6705
vn 0.0000 -0.9979 0.0643
vn -0.0000 -0.8976 0.4409
vn 0.0000 -0.8246 0.5657
vn 0.0000 0.7521 -0.6590
vn 0.0000 -0.7187 0.6953
vn 0.0000 -0.5786 0.8156
vn 0.0000 -0.4129 0.9108
vn 0.0000 -0.2390 0.9710
vn -0.0000 -0.4883 -0.8727
vn 0.0000 -0.0747 0.9972
vn -0.0000 -0.0219 -0.9998
vn 0.0000 0.2221 0.9750
vn 0.0000 -0.5890 0.8081
vn 0.0000 0.8876 0.4606
vn 0.0000 -0.9450 -0.3271
vn 0.0000 0.8097 0.5869
vn -0.0000 0.7722 -0.6354
vn 0.0000 0.6993 0.7148
vn -0.0000 0.6541 -0.7564
vn 0.0000 -0.2487 0.9686
vn 0.0000 0.5574 0.8303
vn 0.0000 0.2510 -0.9680
vn 0.0000 0.3943 0.9190
vn 0.0000 -0.4067 -0.9136
vn 0.0000 0.2268 0.9739
vn 0.0000 0.0707 0.9975
vn 0.0000 0.2652 -0.9642
vn 0.0000 0.5004 0.8658
vn 0.0000 -0.0662 0.9978
vn -0.0017 -0.6000 -0.8000
vn 0.0021 -0.7204 -0.6935
vn 0.0054 -0.3165 0.9486
vn -0.0029 -0.5562 0.8310
vn 0.0000 -0.6912 0.7226
vn 0.0000 0.8384 0.5450
vn 0.0000 0.6920 0.7219
vn 0.0000 0.4514 -0.8923
vn 0.0000 -1.0000 -0.0057
vn 0.0000 -0.8757 0.4829
vn -0.0000 0.9365 -0.3508
vn -0.0000 -0.7693 0.6389
vn 0.0000 0.9999 -0.0101
vn -0.0030 -0.8213 -0.5704
vn 0.0024 0.8310 -0.5562
vn -0.0040 0.7446 -0.6675
vn 0.0043 0.6413 -0.7673
vn -0.0046 0.5078 -0.8615
vn 0.0047 0.3477 -0.9376
vn -0.0047 0.1728 -0.9849
vn 0.0023 -0.0030 -1.0000
vn 0.0246 -0.9995 -0.0204
vn 0.0002 -0.0414 0.9991
vn 0.0000 -0.3525 0.9358
vn 0.0000 0.9980 0.0628
vn 0.0000 -0.5586 0.8294
vn 0.0000 -0.4437 -0.8962
vn 0.0000 -0.6644 -0.7474
vn 0.0000 0.9406 0.3396
vn -0.0040 -0.8249 -0.5653
vn 0.0019 -0.9092 -0.4163
vn 0.0000 -0.9898 -0.1428
vn 0.0000 -0.9593 -0.2824
vn 0.0000 -0.8737 0.4865
vn 0.0000 0.5064 0.8623
vn -0.0000 0.6617 -0.7498
vn 0.0000 0.5076 -0.8616
vn 0.0000 0.9646 0.2638
vn 0.0030 0.4676 -0.8839
vn -0.0000 -0.1549 -0.9879
vn 0.0000 0.1993 0.9799
vn 0.0000 -0.8544 -0.5196
vn 0.0000 0.3944 0.9189
vn 0.0000 0.1682 0.9858
vn 0.0000 0.8859 0.4639
vn 0.0000 0.8148 0.5798
vn 0.0000 0.7261 0.6875
vn 0.0000 0.6247 0.7809
vn 0.0000 0.5171 0.8559
vn 0.0000 -0.1857 -0.9826
vn 0.0000 0.0225 0.9997
vn 0.0000 -0.1168 0.9932
vn 0.0000 -0.3352 0.9422
vn 0.0000 0.1759 0.9844
vn 0.0000 -0.2591 0.9659
vn -0.0009 -0.1825 -0.9832
vn 0.0000 -0.7915 0.6112
vn 0.0000 -0.3870 0.9221
vn 0.0000 -0.5217 0.8531
vn 0.0000 -0.6531 0.7573
vn 0.0000 -0.7694 0.6388
vn -0.0000 0.7651 -0.6439
vn 0.0000 -0.8618 0.5073
vn 0.0000 -0.9272 0.3746
vn 0.0000 -0.9905 0.1374
vn 0.0000 -0.9682 0.2500
vn 0.0000 -0.9978 -0.0663
vn 0.0000 0.1639 -0.9865
vn 0.0000 0.2927 -0.9562
vn 0.0000 0.4319 -0.9019
vn 0.0000 0.5723 -0.8200
vn 0.0000 0.4556 -0.8902
vn 0.0000 0.7014 -0.7127
vn 0.0000 0.5823 -0.8130
vn 0.0000 0.6981 -0.7160
vn 0.0000 0.8087 -0.5883
vn 0.0000 0.7956 -0.6058
vn 0.0000 0.8887 -0.4585
vn 0.0000 -0.8722 0.4892
vn 0.0000 0.8994 0.4371
vn 0.0000 0.9427 -0.3337
vn 0.0000 0.9938 0.1114
vn 0.0000 0.5082 0.8613
vn 0.0000 0.9570 0.2902
vn 0.0000 -0.2302 -0.9731
vn 0.0000 -0.9725 0.2330
vn 0.0000 -0.6072 0.7946
vn 0.0000 0.2626 0.9649
vn -0.0000 -0.7353 0.6777
vn 0.0000 -0.1644 -0.9864
vn 0.0000 0.1921 0.9814
vn 0.0017 0.0541 -0.9985
vn 0.0000 -0.9541 0.2996
vn 0.0000 0.8602 -0.5100
vn 0.0000 0.9938 0.1111
vn 0.0000 -0.9257 0.3782
vn 0.0000 -0.6864 0.7273
vn 0.0000 -0.1976 0.9803
vn 0.0000 0.2059 -0.9786
vn -0.0000 -0.0661 0.9978
vn 0.0000 0.9881 -0.1541
vn 0.0000 0.7261 0.6876
vn -0.0036 -0.0226 -0.9997
vn 0.0000 -0.2962 0.9551
vn 0.0000 -0.5547 -0.8321
vn 0.0000 0.2705 -0.9627
vn 0.0000 0.5369 0.8437
vn -0.9999 -0.0163 -0.0001
vn -0.9998 -0.0176 0.0000
vn -0.0000 0.7447 0.6674
usemtl YellowText
s off
f 484/24/7 483/25/7 486/26/7 485/27/7
f 336/28/7 335/29/7 334/30/7 333/31/7 332/32/7 331/33/7 330/34/7 329/35/7 328/36/7 327/37/7 326/38/7 325/39/7 324/40/7 323/41/7 322/42/7 321/43/7 320/44/7 319/45/7 318/46/7 317/47/7 316/48/7 315/49/7 314/50/7 313/51/7 312/52/7 311/53/7 310/54/7 309/55/7 308/56/7 307/57/7 306/58/7 305/59/7 304/60/7 303/61/7 302/62/7 301/63/7 300/64/7 299/65/7 298/66/7 297/67/7 296/68/7 295/69/7 294/70/7 293/71/7 292/72/7 291/73/7 290/74/7 289/75/7 288/76/7 287/77/7 286/78/7 285/79/7 284/80/7 283/81/7 282/82/7 281/83/7 280/84/7 279/85/7 278/86/7 277/87/7 276/88/7 275/89/7 274/90/7 273/91/7 272/92/7 271/93/7 270/94/7 269/95/7 268/96/7 267/97/7 266/98/7 265/99/7 264/100/7 263/101/7 262/102/7 261/103/7 260/104/7 259/105/7 258/106/7 257/107/7 256/108/7 255/109/7 254/110/7 253/111/7 252/112/7 251/113/7 250/114/7 249/115/7 248/116/7 247/117/7 246/118/7 245/119/7 244/120/7 243/121/7 242/122/7 241/123/7 240/124/7 239/125/7 238/126/7 237/127/7 236/128/7 235/129/7 234/130/7 233/131/7 232/132/7 360/133/7 359/134/7 358/135/7 357/136/7 356/137/7 355/138/7 354/139/7 353/140/7 352/141/7 351/142/7 350/143/7 349/144/7 348/145/7 347/146/7 346/147/7 345/148/7 344/149/7 343/150/7 342/151/7 341/152/7 340/153/7 339/154/7 338/155/7 337/156/7
f 71/157/7 70/158/7 69/159/7 68/160/7 67/161/7 66/162/7 65/163/7 64/164/7 63/165/7 62/166/7 61/167/7 60/168/7 59/169/7 58/170/7 57/171/7 56/172/7 55/173/7 54/174/7 53/175/7 52/176/7 51/177/7 50/178/7 49/179/7 84/180/7 40/181/7 39/182/7 38/183/7 37/184/7 36/185/7 35/186/7 34/187/7 33/188/7 32/189/7 31/190/7 30/191/7 29/192/7 28/193/7 27/194/7 26/195/7 25/196/7 24/197/7 23/198/7 22/199/7 21/200/7 20/201/7 19/202/7 18/203/7 17/204/7 16/205/7 15/206/7 14/207/7 13/208/7 12/209/7 11/210/7 10/211/7 9/212/7 48/213/7 47/214/7 46/215/7 45/216/7 44/217/7 43/218/7 77/219/7 76/220/7 75/221/7 74/222/7 73/223/7 72/224/7
f 139/225/7 138/226/7 137/227/7 136/228/7 100/229/7 99/230/7 98/231/7 97/232/7 96/233/7 95/234/7 94/235/7 93/236/7 92/237/7 91/238/7 90/239/7 89/240/7 88/241/7 87/242/7 86/243/7 85/244/7 127/245/7 126/246/7 125/247/7 124/248/7 123/249/7 122/250/7 121/251/7 120/252/7 119/253/7 118/254/7 117/255/7 116/256/7 115/257/7 114/258/7 113/259/7 112/260/7 111/261/7 110/262/7 109/263/7 108/264/7 107/265/7 106/266/7 105/267/7 104/268/7 103/269/7 102/270/7 101/271/7 133/272/7 132/273/7 131/274/7 130/275/7 129/276/7 128/277/7 163/278/7 162/279/7 161/280/7 160/281/7 159/282/7 158/283/7 157/284/7 156/285/7 155/286/7 154/287/7 153/288/7 152/289/7 151/290/7 150/291/7 149/292/7 148/293/7 147/294/7 146/295/7 145/296/7 144/297/7 143/298/7 142/299/7 141/300/7 140/301/7
f 82/302/7 81/303/7 80/304/7 79/305/7 78/306/7 77/219/7 43/218/7 42/307/7 41/308/7 40/181/7 84/180/7 83/309/7
f 133/272/7 101/271/7 100/229/7 136/228/7 135/310/7 134/311/7
f 403/312/7 402/313/7 401/314/7 400/315/7 399/316/7 398/317/7 397/318/7 396/319/7 395/320/7 394/321/7 393/322/7 392/323/7 391/324/7 390/325/7 389/326/7 388/327/7 387/328/7 386/329/7 385/330/7 384/331/7 383/332/7 382/333/7 381/334/7 380/335/7 379/336/7 378/337/7 377/338/7 376/339/7 375/340/7 374/341/7 373/342/7 372/343/7 371/344/7 370/345/7 369/346/7 368/347/7 367/348/7 366/349/7 365/350/7 364/351/7 363/352/7 362/353/7 361/354/7 482/355/7 481/356/7 480/357/7 479/358/7 478/359/7 477/360/7 476/361/7 475/362/7 474/363/7 473/364/7 472/365/7 471/366/7 470/367/7 469/368/7 468/369/7 467/370/7 466/371/7 465/372/7 464/373/7 463/374/7 462/375/7 461/376/7 460/377/7 459/378/7 458/379/7 457/380/7 456/381/7 455/382/7 454/383/7 453/384/7 452/385/7 451/386/7 450/387/7 449/388/7 448/389/7 447/390/7 446/391/7 445/392/7 444/393/7 443/394/7 442/395/7 441/396/7 440/397/7 439/398/7 438/399/7 437/400/7 436/401/7 435/402/7 434/403/7 433/404/7 432/405/7 431/406/7 430/407/7 429/408/7 428/409/7 427/410/7 426/411/7 425/412/7 424/413/7 423/414/7 422/415/7 421/416/7 420/417/7 419/418/7 418/419/7 417/420/7 416/421/7 415/422/7 414/423/7 413/424/7 412/425/7 411/426/7 410/427/7 409/428/7 408/429/7 407/430/7 406/431/7 405/432/7 404/433/7
f 539/434/7 557/435/7 556/436/7 590/437/7 540/438/7
f 559/439/8 560/440/8 1240/441/8 1239/442/8
f 661/443/7 660/444/7 628/445/7 627/446/7 662/447/7
f 612/448/7 611/449/7 610/450/7 609/451/7 608/452/7 607/453/7 606/454/7 605/455/7 604/456/7 603/457/7 602/458/7 601/459/7 600/460/7 599/461/7 598/462/7 597/463/7 596/464/7 595/465/7 594/466/7 593/467/7 592/468/7 591/469/7 636/470/7 635/471/7 634/472/7 633/473/7 632/474/7 631/475/7 630/476/7 629/477/7 628/445/7 660/444/7 659/478/7 658/479/7 657/480/7 656/481/7 655/482/7 654/483/7 653/484/7 652/485/7 651/486/7 650/487/7 649/488/7 648/489/7 647/490/7 646/491/7 645/492/7 644/493/7 643/494/7 642/495/7 641/496/7 640/497/7 639/498/7 638/499/7 637/500/7 676/501/7 675/502/7 674/503/7 673/504/7 672/505/7 671/506/7 670/507/7 669/508/7 668/509/7 667/510/7 666/511/7 665/512/7 664/513/7 663/514/7 662/447/7 627/446/7 626/515/7 625/516/7 624/517/7 623/518/7 622/519/7 621/520/7 620/521/7 619/522/7 618/523/7 617/524/7 616/525/7 615/526/7 614/527/7 613/528/7
f 682/529/7 681/530/7 680/531/7 679/532/7 678/533/7 677/534/7 689/535/7 688/536/7 687/537/7 686/538/7 685/539/7 684/540/7 683/541/7
f 389/542/9 1070/543/9 1069/544/9 388/545/9
f 474/363/10 475/362/10 1157/546/10 1156/547/10 1155/548/10 1154/549/10 1153/550/10 471/366/10 472/365/10 473/364/10
f 365/350/11 366/551/11 1048/552/11 1047/553/11
f 555/554/12 487/555/12 1169/556/12 1236/557/12 1235/558/12
f 326/38/13 327/37/13 1009/559/13 1008/560/13
f 780/561/14 781/562/14 782/563/14 819/564/14 820/565/14 821/566/14 801/567/14 802/568/14 803/569/14 804/570/14 805/571/14 806/572/14 807/573/14 808/574/14 768/575/14 769/576/14 770/577/14 771/578/14 772/579/14 773/580/14 774/581/14 775/582/14 776/583/14 777/584/14 778/585/14 779/586/14
f 509/587/7 508/588/7 507/589/7 506/590/7 505/591/7 504/592/7 503/593/7 502/594/7 501/595/7 500/596/7 499/597/7 498/598/7 497/599/7 496/600/7 495/601/7 494/602/7 493/603/7 492/604/7 491/605/7 490/606/7 489/607/7 488/608/7 487/555/7 555/554/7 554/609/7 553/610/7 552/611/7 551/612/7 550/613/7 549/614/7 548/615/7 547/616/7 546/617/7 545/618/7 544/619/7 543/620/7 542/621/7 541/622/7 540/438/7 590/437/7 589/623/7 588/624/7 587/625/7 586/626/7 585/627/7 584/628/7 583/629/7 582/630/7 581/631/7 580/632/7 579/633/7 578/634/7 577/635/7 576/636/7 575/637/7 574/638/7 573/639/7 572/640/7 571/641/7 570/642/7 569/643/7 568/644/7 567/645/7 566/646/7 565/647/7 564/648/7 563/649/7 562/650/7 561/651/7 560/440/7 559/652/7 558/653/7 557/654/7 539/434/7 538/655/7 537/656/7 536/657/7 535/658/7 534/659/7 533/660/7 532/661/7 531/662/7 530/663/7 529/664/7 528/665/7 527/666/7 526/667/7 525/668/7 524/669/7 523/670/7 522/671/7 521/672/7 520/673/7 519/674/7 518/675/7 517/676/7 516/677/7 515/678/7 514/679/7 513/680/7 512/681/7 511/682/7 510/683/7
f 1285/684/14 1286/685/14 1287/686/14 1288/687/14 1289/688/14 1290/689/14 1350/690/14 1351/691/14 1352/692/14 1353/693/14 1354/694/14 1355/695/14 1356/696/14 1357/697/14 1358/698/14 1319/699/14 1320/700/14 1321/701/14 1322/702/14 1323/703/14 1324/704/14 1325/705/14 1326/706/14 1327/707/14 1328/708/14 1329/709/14 1330/710/14 1331/711/14 1332/712/14 1333/713/14 1334/714/14 1335/715/14 1336/716/14 1337/717/14 1338/718/14 1339/719/14 1340/720/14 1341/721/14 1342/722/14 1343/723/14 1344/724/14 1345/725/14 1346/726/14 1347/727/14 1348/728/14 1349/729/14 1309/730/14 1310/731/14 1311/732/14 1312/733/14 1313/734/14 1314/735/14 1315/736/14 1316/737/14 1317/738/14 1318/739/14 1273/740/14 1274/741/14 1275/742/14 1276/743/14 1277/744/14 1278/745/14 1279/746/14 1280/747/14 1281/748/14 1282/749/14 1283/750/14 1284/751/14
f 911/752/14 912/753/14 913/754/14 846/755/14 847/756/14 848/757/14 849/758/14 850/759/14 851/760/14 852/761/14 853/762/14 854/763/14 855/764/14 856/765/14 857/766/14 858/767/14 859/768/14 860/769/14 861/770/14 862/771/14 863/772/14 864/773/14 865/774/14 866/775/14 867/776/14 868/777/14 869/778/14 870/779/14 871/780/14 872/781/14 873/782/14 874/783/14 875/784/14 876/785/14 877/786/14 878/787/14 879/788/14 880/789/14 881/790/14 882/791/14 883/792/14 884/793/14 885/794/14 886/795/14 887/796/14 888/797/14 889/798/14 890/799/14 891/800/14 892/801/14 893/802/14 894/803/14 895/804/14 896/805/14 897/806/14 898/807/14 899/808/14 900/809/14 901/810/14 902/811/14 903/812/14 904/813/14 905/814/14 906/815/14 907/816/14 908/817/14 909/818/14 910/819/14
f 991/820/14 949/821/14 950/822/14 951/823/14 952/824/14 953/825/14 954/826/14 955/827/14 956/828/14 957/829/14 958/830/14 959/831/14 960/832/14 961/833/14 962/834/14 963/835/14 964/836/14 965/837/14 966/838/14 967/839/14 968/840/14 969/841/14 970/842/14 971/843/14 972/844/14 973/845/14 974/846/14 975/847/14 976/848/14 977/849/14 978/850/14 979/851/14 980/852/14 981/853/14 982/854/14 983/855/14 984/856/14 985/857/14 986/858/14 987/859/14 988/860/14 989/861/14 990/862/14
f 949/821/15 991/820/15 992/863/15
f 169/864/7 168/865/7 167/866/7 166/867/7 165/868/7 164/869/7 231/870/7 230/871/7 229/872/7 228/873/7 227/874/7 226/875/7 225/876/7 224/877/7 223/878/7 222/879/7 221/880/7 220/881/7 219/882/7 218/883/7 217/884/7 216/885/7 215/886/7 214/887/7 213/888/7 212/889/7 211/890/7 210/891/7 209/892/7 208/893/7 207/894/7 206/895/7 205/896/7 204/897/7 203/898/7 202/899/7 201/900/7 200/901/7 199/902/7 198/903/7 197/904/7 196/905/7 195/906/7 194/907/7 193/908/7 192/909/7 191/910/7 190/911/7 189/912/7 188/913/7 187/914/7 186/915/7 185/916/7 184/917/7 183/918/7 182/919/7 181/920/7 180/921/7 179/922/7 178/923/7 177/924/7 176/925/7 175/926/7 174/927/7 173/928/7 172/929/7 171/930/7 170/931/7
f 1137/932/14 1138/933/14 1139/934/14 1140/935/14 1141/936/14 1142/937/14 1143/938/14 1144/939/14 1145/940/14 1146/941/14 1147/942/14 1148/943/14 1149/944/14 1150/945/14 1151/946/14 1152/947/14 1153/550/14 1154/549/14 1155/548/14 1156/547/14 1157/546/14 1158/948/14 1159/949/14 1160/950/14 1161/951/14 1162/952/14 1163/953/14 1164/954/14 1043/955/14 1044/956/14 1045/957/14 1046/958/14 1047/959/14 1048/960/14 1049/961/14 1050/962/14 1051/963/14 1052/964/14 1053/965/14 1054/966/14 1055/967/14 1056/968/14 1057/969/14 1058/970/14 1059/971/14 1060/972/14 1061/973/14 1062/974/14 1063/975/14 1064/976/14 1065/977/14 1066/978/14 1067/979/14 1068/980/14 1069/981/14 1070/543/14 1071/982/14 1072/983/14 1073/984/14 1074/985/14 1075/986/14 1076/987/14 1077/988/14 1078/989/14 1079/990/14 1080/991/14 1081/992/14 1082/993/14 1083/994/14 1084/995/14 1085/996/14 1086/997/14 1087/998/14 1088/999/14 1089/1000/14 1090/1001/14 1091/1002/14 1092/1003/14 1093/1004/14 1094/1005/14 1095/1006/14 1096/1007/14 1097/1008/14 1098/1009/14 1099/1010/14 1100/1011/14 1101/1012/14 1102/1013/14 1103/1014/14 1104/1015/14 1105/1016/14 1106/1017/14 1107/1018/14 1108/1019/14 1109/1020/14 1110/1021/14 1111/1022/14 1112/1023/14 1113/1024/14 1114/1025/14 1115/1026/14 1116/1027/14 1117/1028/14 1118/1029/14 1119/1030/14 1120/1031/14 1121/1032/14 1122/1033/14 1123/1034/14 1124/1035/14 1125/1036/14 1126/1037/14 1127/1038/14 1128/1039/14 1129/1040/14 1130/1041/14 1131/1042/14 1132/1043/14 1133/1044/14 1134/1045/14 1135/1046/14 1136/1047/14
f 1017/1048/14 1018/1049/14 1019/1050/14 1020/1051/14 1021/1052/14 1022/1053/14 1023/1054/14 1024/1055/14 1025/1056/14 1026/1057/14 1027/1058/14 1028/1059/14 1029/1060/14 1030/1061/14 1031/1062/14 1032/1063/14 1033/1064/14 1034/1065/14 1035/1066/14 1036/1067/14 1037/1068/14 1038/1069/14 1039/1070/14 1040/1071/14 1041/1072/14 1042/1073/14 914/1074/14 915/1075/14 916/1076/14 917/1077/14 918/1078/14 919/1079/14 920/1080/14 921/1081/14 922/1082/14 923/1083/14 924/1084/14 925/1085/14 926/1086/14 927/1087/14 928/1088/14 929/1089/14 930/1090/14 931/1091/14 932/1092/14 933/1093/14 934/1094/14 935/1095/14 936/1096/14 937/1097/14 938/1098/14 939/1099/14 940/1100/14 941/1101/14 942/1102/14 943/1103/14 944/1104/14 945/1105/14 946/1106/14 947/1107/14 948/1108/14 949/821/14 992/863/14 993/1109/14 994/1110/14 995/1111/14 996/1112/14 997/1113/14 998/1114/14 999/1115/14 1000/1116/14 1001/1117/14 1002/1118/14 1003/1119/14 1004/1120/14 1005/1121/14 1006/1122/14 1007/1123/14 1008/560/14 1009/559/14 1010/1124/14 1011/1125/14 1012/1126/14 1013/1127/14 1014/1128/14 1015/1129/14 1016/1130/14
f 148/1131/16 830/1132/16 829/1133/16 147/1134/16
f 84/180/17 49/179/17 731/1135/17 767/1136/17 83/309/17
f 1168/1137/14 1165/1138/14 1166/1139/14 1167/1140/14
f 1223/1141/14 1224/1142/14 1225/1143/14 1226/1144/14 1227/1145/14 1228/1146/14 1229/1147/14 1230/1148/14 1231/1149/14 1232/1150/14 1233/1151/14 1234/1152/14 1235/558/14 1236/557/14 1258/1153/14 1259/1154/14 1260/1155/14 1261/1156/14
f 610/450/18 611/449/18 1294/1157/18 1293/1158/18
f 1257/1159/19 1258/1153/19 1236/557/19
f 1359/1160/14 1360/1161/14 1361/1162/14 1362/1163/14 1363/1164/14 1364/1165/14 1365/1166/14 1366/1167/14 1367/1168/14 1368/1169/14 1369/1170/14 1370/1171/14 1371/1172/14
f 45/216/20 46/215/20 728/1173/20 727/1174/20
f 40/181/21 41/308/21 723/1175/21 722/1176/21
f 41/308/22 42/307/22 724/1177/22 723/1175/22
f 42/307/23 43/218/23 725/1178/23 724/1177/23
f 437/400/24 438/399/24 439/398/24 1120/1031/24 1119/1030/24 1118/1029/24 1117/1028/24 1116/1027/24 435/402/24 436/401/24
f 655/482/25 656/481/25 1338/718/25 1337/717/25
f 76/220/26 77/219/26 761/1179/26 760/1180/26
f 378/337/27 379/336/27 1060/972/27 1059/971/27
f 128/1181/28 129/276/28 810/1182/28 809/1183/28
f 166/867/29 848/757/29 847/756/29 165/868/29
f 77/219/30 78/306/30 762/1184/30 761/1179/30
f 468/369/31 469/368/31 1151/946/31 1150/945/31
f 64/1185/32 65/163/32 747/1186/32 746/1187/32
f 444/393/33 445/1188/33 1127/1038/33 1126/1189/33
f 362/353/34 363/352/34 1045/957/34 1044/956/34
f 657/1190/35 658/479/35 1340/1191/35 1339/719/35
f 574/638/36 575/637/36 1255/1192/36 1254/1193/36
f 79/305/37 80/304/37 764/1194/37 763/1195/37
f 333/31/38 334/30/38 1016/1130/38 1015/1129/38
f 21/200/39 22/199/39 704/1196/39 703/1197/39 702/1198/39 701/1199/39 700/1200/39 18/203/39 19/202/39 20/201/39
f 281/83/40 282/82/40 964/836/40 963/835/40
f 62/166/41 63/1201/41 745/1202/41 744/1203/41
f 39/182/42 40/181/42 722/1176/42 721/1204/42
f 38/183/43 39/182/43 721/1204/43 720/1205/43
f 37/184/44 38/183/44 720/1205/44 719/1206/44
f 355/138/45 356/137/45 1038/1069/45 1037/1068/45
f 636/470/46 591/469/46 1273/740/46 1318/739/46
f 88/241/47 89/240/47 772/579/47 771/578/47 770/577/47 769/576/47 768/575/47 85/244/47 86/243/47 87/242/47
f 331/33/48 332/32/48 1014/1128/48 1013/1127/48
f 595/465/49 596/464/49 1278/745/49 1277/744/49
f 463/374/50 464/373/50 1146/941/50 1145/940/50
f 124/248/51 125/247/51 806/572/51 805/571/51
f 123/249/52 124/248/52 805/571/52 804/570/52
f 149/292/53 150/291/53 832/1207/53 831/1208/53
f 122/250/54 123/249/54 804/570/54 803/569/54
f 599/461/55 600/460/55 1282/749/55 1281/748/55
f 121/251/56 122/250/56 803/569/56 802/568/56
f 139/225/57 140/301/57 822/1209/57 821/566/57 820/565/57
f 138/226/58 139/225/58 820/565/58 819/564/58 818/1210/58
f 645/492/59 646/491/59 1328/708/59 1327/707/59
f 644/493/60 645/492/60 1327/707/60 1326/706/60
f 134/311/61 135/310/61 815/1211/61 814/1212/61
f 330/34/62 331/33/62 1013/1127/62 1012/1126/62
f 641/496/63 642/495/63 1324/704/63 1323/703/63
f 120/252/64 801/567/64 800/1213/64 119/253/64
f 363/352/65 364/351/65 1046/958/65 1045/957/65
f 129/1214/66 130/275/66 811/1215/66 810/1216/66
f 151/290/67 152/289/67 834/1217/67 833/1218/67
f 102/270/68 103/269/68 784/1219/68 783/1220/68
f 241/123/69 242/122/69 924/1084/69 923/1083/69
f 257/107/70 258/106/70 259/105/70 941/1101/70 940/1100/70 939/1099/70 938/1098/70 256/108/70
f 80/304/71 81/303/71 765/1221/71 764/1194/71
f 663/514/72 664/513/72 1344/724/72 1343/723/72
f 672/505/73 673/504/73 1355/695/73 1354/694/73
f 664/513/67 665/512/67 1345/725/67 1344/724/67
f 671/506/74 672/505/74 1354/694/74 1353/693/74
f 666/511/75 667/510/75 1347/727/75 1346/726/75
f 118/254/76 119/253/76 800/1213/76 799/1222/76
f 552/611/77 553/610/77 1233/1151/77 1232/1150/77
f 667/510/78 668/509/78 1348/728/78 1347/727/78
f 156/285/79 838/1223/79 837/1224/79 155/286/79
f 608/452/80 609/451/80 1292/1225/80 1291/1226/80
f 609/451/81 610/450/81 1293/1158/81 1292/1225/81
f 49/179/82 50/178/82 51/177/82 52/176/82 734/1227/82 733/1228/82 732/1229/82 731/1135/82
f 620/521/83 621/520/83 1304/1230/83 1303/1231/83
f 583/629/84 584/628/84 1266/1232/84 1265/1233/84
f 108/264/85 109/263/85 790/1234/85 789/1235/85
f 109/263/86 110/262/86 791/1236/86 790/1234/86
f 110/262/87 111/261/87 792/1237/87 791/1236/87
f 200/901/21 201/900/21 883/792/21 882/791/21
f 201/900/22 202/899/22 884/793/22 883/792/22
f 202/899/88 203/898/88 885/794/88 884/793/88
f 159/282/73 160/281/73 842/1238/73 841/1239/73
f 400/315/89 401/314/89 1082/993/89 1081/992/89
f 213/888/90 214/887/90 896/805/90 895/804/90
f 430/1240/91 431/406/91 1111/1241/91 1110/1021/91
f 218/883/92 219/882/92 901/810/92 900/809/92 899/808/92 898/807/92 897/806/92 215/886/92 216/885/92 217/884/92
f 754/1242/14 698/1243/14 699/1244/14 700/1200/14 701/1199/14 702/1198/14 703/1197/14 704/1196/14 705/1245/14 706/1246/14 707/1247/14 708/1248/14 709/1249/14 710/1250/14 711/1251/14 712/1252/14 713/1253/14 714/1254/14 715/1255/14 716/1256/14 717/1257/14 718/1258/14 719/1206/14 720/1205/14 721/1204/14 722/1176/14 723/1175/14 724/1177/14 725/1178/14 726/1259/14 727/1174/14 728/1173/14 729/1260/14 730/1261/14 690/1262/14 691/1263/14 692/1264/14 693/1265/14 694/1266/14 695/1267/14 696/1268/14 756/1269/14 757/1270/14 758/1271/14 759/1272/14 760/1180/14 761/1179/14 762/1184/14 763/1195/14 764/1194/14 765/1221/14 766/1273/14 767/1136/14 731/1135/14 732/1229/14 733/1228/14 734/1227/14 735/1274/14 736/1275/14 737/1276/14 738/1277/14 739/1278/14 740/1279/14 741/1280/14 742/1281/14 743/1282/14 744/1203/14 745/1202/14 746/1187/14 747/1283/14 748/1284/14 749/1285/14 750/1286/14 751/1287/14 752/1288/14 753/1289/14
f 391/324/93 392/323/93 1073/984/93 1072/983/93
f 11/210/94 12/209/94 693/1265/94 692/1264/94
f 190/911/95 191/910/95 873/782/95 872/781/95
f 189/912/96 190/911/96 872/781/96 871/780/96
f 188/913/97 189/912/97 871/780/97 870/779/97
f 187/914/98 188/913/98 870/779/98 869/778/98
f 186/915/99 187/914/99 869/778/99 868/777/99
f 185/916/100 186/915/100 868/777/100 867/776/100
f 184/917/101 185/916/101 867/776/101 866/775/101
f 113/259/102 794/1290/102 793/1291/102 112/260/102
f 199/902/42 200/901/42 882/791/42 881/790/42
f 198/903/103 199/902/103 881/790/103 880/789/103
f 252/112/104 253/111/104 935/1095/104 934/1094/104
f 224/877/105 225/876/105 907/816/105 906/815/105
f 225/876/106 226/875/106 908/817/106 907/816/106
f 167/866/107 168/865/107 850/759/107 849/758/107
f 226/875/108 227/874/108 909/818/108 908/817/108
f 227/874/109 228/873/109 910/819/109 909/818/109
f 228/873/110 229/872/110 911/752/110 910/819/110
f 405/432/111 406/431/111 1087/998/111 1086/997/111
f 229/872/112 230/871/112 912/753/112 911/752/112
f 347/146/113 348/145/113 349/144/113 1031/1062/113 1030/1061/113 1029/1060/113 1028/1059/113 346/147/113
f 165/868/114 847/756/114 846/755/114 164/869/114
f 1306/1292/14 1307/1293/14 1308/1294/14 1309/730/14 1349/729/14 1350/690/14 1290/689/14 1291/1226/14 1292/1225/14 1293/1158/14 1294/1157/14 1295/1295/14 1296/1296/14 1297/1297/14 1298/1298/14 1299/1299/14 1300/1300/14 1301/1301/14 1302/1302/14 1303/1231/14 1304/1230/14 1305/1303/14
f 179/922/115 180/921/115 862/771/115 861/770/115
f 178/923/116 179/922/116 861/770/116 860/769/116
f 177/924/117 178/923/117 860/769/117 859/768/117
f 176/925/118 177/924/118 859/768/118 858/767/118
f 9/212/119 10/211/119 691/1263/119 690/1262/119
f 175/926/120 176/925/120 858/767/120 857/766/120
f 174/927/121 175/926/121 857/766/121 856/765/121
f 260/104/122 942/1102/122 941/1101/122 259/105/122
f 173/928/123 174/927/123 856/765/123 855/764/123
f 346/147/124 1028/1059/124 1027/1058/124 345/148/124
f 275/89/125 276/88/125 958/830/125 957/829/125
f 674/503/126 675/502/126 1357/697/126 1356/696/126
f 271/93/127 272/92/127 954/826/127 953/825/127
f 270/94/128 271/93/128 953/825/128 952/824/128
f 269/95/129 270/94/129 952/824/129 951/823/129
f 268/96/130 269/95/130 951/823/130 950/822/130
f 467/370/131 468/369/131 1150/945/131 1149/944/131
f 267/97/132 268/96/132 950/822/132 949/821/132
f 310/54/133 311/53/133 993/1109/133 992/863/133 991/820/133 990/862/133 308/56/133 309/55/133
f 570/642/134 571/641/134 1251/1304/134 1250/1305/134
f 305/59/135 306/58/135 988/860/135 987/859/135
f 312/52/136 313/51/136 995/1111/136 994/1110/136
f 304/60/137 305/59/137 987/859/137 986/858/137
f 313/51/138 314/50/138 996/1112/138 995/1111/138
f 303/61/139 304/60/139 986/858/139 985/857/139
f 314/50/140 315/49/140 997/1113/140 996/1112/140
f 266/98/141 267/97/141 949/821/141 948/1108/141
f 302/62/142 303/61/142 985/857/142 984/856/142
f 315/49/143 316/48/143 998/1114/143 997/1113/143
f 301/63/144 302/62/144 984/856/144 983/855/144
f 316/48/145 317/47/145 999/1115/145 998/1114/145
f 300/64/146 301/63/146 983/855/146 982/854/146
f 317/47/147 318/46/147 1000/1116/147 999/1115/147
f 318/46/148 319/45/148 1001/1117/148 1000/1116/148
f 379/336/149 380/335/149 1061/973/149 1060/972/149
f 569/643/150 570/642/150 1250/1305/150 1249/1306/150
f 647/490/151 648/489/151 1330/710/151 1329/709/151
f 250/114/152 251/113/152 933/1093/152 932/1092/152
f 251/113/153 252/112/153 934/1094/153 933/1093/153
f 350/143/154 351/142/154 1033/1064/154 1032/1063/154
f 34/187/155 35/186/155 717/1257/155 716/1256/155
f 294/70/42 295/69/42 977/849/42 976/848/42
f 264/100/156 265/99/156 947/1107/156 946/1106/156
f 594/466/157 595/465/157 1277/744/157 1276/743/157
f 120/252/158 121/251/158 802/568/158 801/567/158
f 194/907/159 195/906/159 877/786/159 876/785/159
f 143/298/160 144/297/160 826/1307/160 825/1308/160
f 465/372/161 466/371/161 1148/943/161 1147/942/161
f 358/135/22 359/134/22 1041/1072/22 1040/1071/22
f 360/1309/162 232/132/162 914/1074/162 1042/1073/162
f 248/116/163 249/115/163 931/1091/163 930/1090/163
f 232/132/164 233/131/164 915/1075/164 914/1074/164
f 247/117/165 248/116/165 930/1090/165 929/1089/165
f 233/131/166 234/130/166 916/1076/166 915/1075/166
f 246/118/167 247/117/167 929/1089/167 928/1088/167
f 234/130/168 235/129/168 917/1077/168 916/1076/168
f 245/119/169 246/118/169 928/1088/169 927/1087/169
f 235/129/170 236/128/170 918/1078/170 917/1077/170
f 244/120/171 245/119/171 927/1087/171 926/1086/171
f 236/128/172 237/127/172 919/1079/172 918/1078/172
f 243/121/173 244/120/173 926/1086/173 925/1085/173
f 237/127/174 238/126/174 920/1080/174 919/1079/174
f 242/122/175 243/121/175 925/1085/175 924/1084/175
f 597/463/176 598/462/176 1280/747/176 1279/746/176
f 279/85/177 280/84/177 962/834/177 961/833/177
f 338/155/178 339/154/178 1021/1052/178 1020/1051/178
f 466/371/179 467/370/179 1149/944/179 1148/943/179
f 280/84/180 281/83/180 963/835/180 962/834/180
f 351/142/181 352/141/181 1034/1065/181 1033/1064/181
f 476/361/182 477/360/182 1159/949/182 1158/948/182
f 477/360/183 478/359/183 1160/950/183 1159/949/183
f 458/379/184 459/378/184 1141/936/184 1140/935/184
f 478/359/185 479/358/185 1161/951/185 1160/950/185
f 479/358/186 480/357/186 1162/952/186 1161/951/186
f 282/82/187 283/81/187 965/837/187 964/836/187
f 480/357/188 481/356/188 1163/953/188 1162/952/188
f 481/356/189 482/355/189 1164/954/189 1163/953/189
f 482/355/190 361/354/190 1043/955/190 1164/954/190
f 563/649/191 564/648/191 1244/1310/191 1243/1311/191 1242/1312/191 1241/1313/191 561/651/191 562/650/191
f 542/621/192 1222/1314/192 1221/1315/192 541/622/192
f 456/381/193 1138/933/193 1137/932/193 455/382/193
f 675/502/194 676/501/194 1358/698/194 1357/697/194
f 380/335/195 381/334/195 1062/974/195 1061/973/195
f 381/334/196 382/333/196 1063/975/196 1062/974/196
f 373/1316/197 374/341/197 1055/1317/197
f 382/333/198 383/332/198 1064/976/198 1063/975/198
f 383/332/199 384/331/199 1065/977/199 1064/976/199
f 384/331/200 385/330/200 1066/978/200 1065/977/200
f 385/330/201 386/329/201 1067/979/201 1066/978/201
f 369/1318/202 370/345/202 1052/1319/202 1051/963/202
f 386/329/203 387/328/203 1068/980/203 1067/979/203
f 372/343/204 373/1316/204 1055/1317/204 1054/1320/204
f 367/1321/205 368/347/205 1050/1322/205 1049/961/205
f 387/328/206 388/327/206 1069/1323/206 1068/980/206
f 366/1324/207 367/348/207 1049/1325/207 1048/960/207
f 364/351/42 365/350/42 1047/553/42 1046/958/42
f 389/542/208 390/325/208 1071/982/208 1070/543/208
f 390/325/209 391/324/209 1072/983/209 1071/982/209
f 461/376/210 462/375/210 1144/939/210 1143/938/210
f 253/111/211 254/110/211 936/1096/211 935/1095/211
f 289/75/212 290/74/212 291/73/212 292/72/212 974/846/212 973/845/212 972/844/212 971/843/212 970/842/212 969/841/212 287/77/212 288/76/212
f 337/156/213 338/155/213 1020/1051/213 1019/1050/213
f 238/126/214 239/125/214 921/1081/214 920/1080/214
f 611/449/215 612/448/215 1295/1295/215 1294/1157/215
f 205/896/216 206/895/216 888/797/216 887/796/216
f 241/123/217 923/1083/217 922/1082/217 240/124/217
f 1272/1326/218 590/437/218 556/1327/218 1237/1328/218
f 669/508/219 670/507/219 1352/692/219 1351/691/219
f 273/91/220 274/90/220 956/828/220 955/827/220
f 1056/1329/221 1055/967/221 374/1330/221 375/340/221
f 324/40/222 325/39/222 1007/1123/222 1006/1122/222
f 816/1331/14 817/1332/14 818/1210/14 819/564/14 782/563/14 783/1220/14 784/1219/14 785/1333/14 786/1334/14 787/1335/14 788/1336/14 789/1235/14 790/1234/14 791/1236/14 792/1237/14 793/1291/14 794/1290/14 795/1337/14 796/1338/14 797/1339/14 798/1340/14 799/1222/14 800/1213/14 801/567/14 821/566/14 822/1209/14 823/1341/14 824/1342/14 825/1308/14 826/1307/14 827/1343/14 828/1344/14 829/1345/14 830/1346/14 831/1208/14 832/1207/14 833/1218/14 834/1217/14 835/1347/14 836/1348/14 837/1224/14 838/1223/14 839/1349/14 840/1350/14 841/1239/14 842/1238/14 843/1351/14 844/1352/14 845/1353/14 809/1183/14 810/1216/14 811/1354/14 812/1355/14 813/1356/14 814/1212/14 815/1211/14
f 450/387/223 451/386/223 1133/1044/223 1132/1043/223
f 449/1357/224 450/387/224 1132/1358/224
f 449/1359/225 1132/1360/225 1131/1042/225
f 448/1361/226 449/388/226 1131/1042/226 1130/1041/226
f 447/390/227 448/389/227 1130/1362/227 1129/1040/227
f 426/1363/228 427/1364/228 1108/1365/228 1107/1366/228
f 427/410/229 428/409/229 1109/1367/229 1108/1019/229
f 105/267/81 106/266/81 787/1335/81 786/1334/81
f 551/612/230 552/611/230 1232/1150/230 1231/1149/230
f 445/1188/231 446/391/231 1128/1039/231 1127/1038/231
f 429/1368/232 430/407/232 1110/1369/232
f 443/1370/233 444/393/233 1126/1189/233 1125/1036/233
f 620/521/102 1303/1231/102 1302/1302/102 619/522/102
f 443/1370/234 1125/1036/234 1124/1035/234
f 376/339/235 1057/969/235 1056/968/235 375/340/235
f 442/1371/236 443/394/236 1124/1372/236 1123/1034/236
f 166/867/237 167/866/237 849/758/237 848/757/237
f 57/171/238 58/170/238 740/1279/238 739/1278/238
f 59/169/239 60/168/239 61/167/239 743/1282/239 742/1281/239 741/1280/239 740/1279/239 58/170/239
f 256/108/240 938/1098/240 937/1097/240 255/109/240
f 406/431/241 407/430/241 1088/999/241 1087/998/241
f 307/57/242 308/56/242 990/862/242 989/861/242
f 660/444/243 661/443/243 1342/722/243 1341/1373/243 659/1374/243
f 422/415/244 423/414/244 1104/1015/244 1103/1014/244
f 169/864/245 170/931/245 852/761/245 851/760/245
f 112/260/246 793/1291/246 792/1237/246 111/261/246
f 593/467/47 594/466/47 1276/743/47 1275/742/47 1274/741/47 1273/740/47 591/469/47 592/468/47
f 579/633/247 580/632/247 1262/1375/247 1261/1156/247 1260/1155/247
f 571/641/248 572/640/248 1252/1376/248 1251/1304/248
f 484/24/249 485/27/249 1167/1140/249 1166/1139/249
f 485/27/22 486/26/22 1168/1137/22 1167/1140/22
f 483/25/42 484/24/42 1166/1139/42 1165/1138/42
f 486/26/250 483/25/250 1165/1138/250 1168/1137/250
f 553/610/251 554/609/251 1234/1152/251 1233/1151/251
f 554/609/22 555/554/22 1235/558/22 1234/1152/22
f 549/614/252 550/613/252 1230/1148/252 1229/1147/252
f 550/613/253 551/612/253 1231/1149/253 1230/1148/253
f 75/221/254 76/220/254 760/1180/254 759/1272/254
f 354/139/255 1036/1067/255 1035/1066/255 353/140/255
f 412/425/256 413/424/256 1094/1005/256 1093/1004/256
f 397/318/257 398/317/257 1079/990/257 1078/989/257
f 640/497/258 641/496/258 1323/703/258 1322/702/258
f 1053/1377/259 1052/964/259 370/1378/259 371/344/259
f 17/204/260 18/203/260 700/1200/260 699/1244/260
f 584/628/261 585/627/261 1267/1379/261 1266/1232/261
f 538/655/262 539/434/262 540/438/262 541/622/262 1221/1315/262 1220/1380/262
f 585/627/263 586/626/263 1268/1381/263 1267/1379/263
f 586/626/264 587/625/264 1269/1382/264 1268/1381/264
f 575/637/265 576/636/265 1256/1383/265 1255/1192/265
f 587/625/266 588/624/266 1270/1384/266 1269/1382/266
f 588/624/267 589/623/267 1271/1385/267 1270/1384/267
f 558/1386/268 559/652/268 1239/1387/268 1238/1388/268
f 560/1389/269 561/651/269 1241/1313/269 1240/1390/269
f 656/481/270 657/480/270 1339/1391/270 1338/718/270
f 142/299/271 143/298/271 825/1308/271 824/1342/271
f 525/668/272 526/667/272 1208/1392/272 1207/1393/272
f 163/278/273 128/277/273 809/1394/273 845/1353/273
f 488/608/274 489/607/274 1171/1395/274 1170/1396/274
f 191/910/275 192/909/275 874/783/275 873/782/275
f 565/647/276 566/646/276 1246/1397/276 1245/1398/276
f 489/607/277 490/606/277 1172/1399/277 1171/1395/277
f 502/594/278 1184/1400/278 1183/1401/278 501/595/278
f 490/606/279 491/605/279 1173/1402/279 1172/1399/279
f 503/593/107 504/592/107 1186/1403/107 1185/1404/107
f 335/29/280 336/28/280 1018/1049/280 1017/1048/280
f 491/605/281 492/604/281 1174/1405/281 1173/1402/281
f 503/593/282 1185/1404/282 1184/1400/282 502/594/282
f 492/604/283 493/603/283 1175/1406/283 1174/1405/283
f 493/603/284 494/602/284 1176/1407/284 1175/1406/284
f 494/602/285 495/601/285 1177/1408/285 1176/1407/285
f 495/601/286 496/600/286 1178/1409/286 1177/1408/286
f 321/43/287 322/42/287 1004/1120/287 1003/1119/287
f 533/660/288 534/659/288 1216/1410/288 1215/1411/288
f 532/661/289 533/660/289 1215/1411/289 1214/1412/289
f 531/662/290 532/661/290 1214/1412/290 1213/1413/290
f 530/663/291 531/662/291 1213/1413/291 1212/1414/291
f 516/677/292 517/676/292 1199/1415/292 1198/1416/292
f 529/664/293 530/663/293 1212/1414/293 1211/1417/293
f 515/678/294 516/677/294 1198/1416/294 1197/1418/294
f 514/679/295 515/678/295 1197/1418/295 1196/1419/295
f 46/215/296 47/214/296 48/213/296 9/212/296 690/1262/296 730/1261/296 729/1260/296 728/1173/296
f 528/665/297 529/664/297 1211/1417/297 1210/1420/297
f 513/680/298 514/679/298 1196/1419/298 1195/1421/298
f 527/666/299 528/665/299 1210/1420/299 1209/1422/299
f 521/672/300 522/671/300 1204/1423/300 1203/1424/300
f 526/667/301 527/666/301 1209/1422/301 1208/1392/301
f 223/878/302 905/814/302 904/813/302 222/1425/302
f 399/316/303 400/315/303 1081/992/303 1080/991/303
f 409/428/304 410/427/304 1091/1002/304 1090/1001/304
f 126/246/305 127/245/305 808/574/305 807/573/305
f 612/448/85 613/528/85 1296/1296/85 1295/1295/85
f 89/240/157 90/239/157 773/580/157 772/579/157
f 125/247/306 126/246/306 807/573/306 806/572/306
f 633/473/51 634/472/51 1316/737/51 1315/736/51
f 632/474/52 633/473/52 1315/736/52 1314/735/52
f 631/475/54 632/474/54 1314/735/54 1313/734/54
f 231/870/307 164/869/307 846/755/307 913/754/307
f 630/476/56 631/475/56 1313/734/56 1312/733/56
f 208/893/308 209/892/308 891/800/308 890/799/308
f 646/491/309 647/490/309 1329/709/309 1328/708/309
f 295/69/310 296/68/310 978/850/310 977/849/310
f 344/149/311 345/148/311 1027/1058/311 1026/1057/311
f 135/310/312 136/228/312 816/1331/312 815/1211/312
f 642/495/61 643/494/61 1325/705/61 1324/704/61
f 220/881/313 221/880/313 903/812/313 902/811/313
f 417/420/314 418/419/314 419/418/314 1100/1011/314 1099/1010/314 1098/1009/314 1097/1008/314 416/421/314
f 396/319/315 397/318/315 1078/989/315 1077/988/315
f 356/137/316 357/136/316 1039/1070/316 1038/1069/316
f 61/167/317 62/166/317 744/1203/317 743/1282/317
f 658/1426/318 659/478/318 1341/1427/318 1340/720/318
f 512/681/319 513/680/319 1195/1421/319 1194/1428/319
f 329/35/320 330/34/320 1012/1126/320 1011/1125/320
f 536/657/321 537/656/321 538/655/321 1220/1380/321 1219/1429/321 1218/1430/321 1217/1431/321 1216/1410/321 534/659/321 535/658/321
f 662/447/322 663/514/322 1343/723/322 1342/722/322 661/443/322
f 410/427/323 411/426/323 1092/1003/323 1091/1002/323
f 157/284/324 158/283/324 840/1350/324 839/1349/324
f 156/285/219 157/284/219 839/1349/219 838/1223/219
f 137/227/59 138/226/59 818/1210/59 817/1332/59
f 116/256/325 117/255/325 798/1340/325 797/1339/325
f 106/266/18 107/265/18 788/1336/18 787/1335/18
f 419/418/326 420/417/326 421/416/326 422/415/326 1103/1014/326 1102/1013/326 1101/1012/326 1100/1011/326
f 1319/1432/327 1358/698/327 676/501/327 637/500/327
f 688/536/328 689/535/328 1371/1172/328 1370/1171/328
f 689/535/22 677/534/22 1359/1160/22 1371/1172/22
f 677/534/329 678/533/329 1360/1161/329 1359/1160/329
f 678/533/330 679/532/330 1361/1162/330 1360/1161/330
f 679/532/22 680/531/22 1362/1163/22 1361/1162/22
f 680/531/331 681/530/331 1363/1164/331 1362/1163/331
f 687/537/42 688/536/42 1370/1171/42 1369/1170/42
f 686/538/332 687/537/332 1369/1170/332 1368/1169/332
f 685/539/333 686/538/333 1368/1169/333 1367/1168/333
f 683/541/334 684/540/334 1366/1167/334 1365/1166/334
f 682/529/335 683/541/335 1365/1166/335 1364/1165/335
f 681/530/42 682/529/42 1364/1165/42 1363/1164/42
f 684/540/42 685/539/42 1367/1168/42 1366/1167/42
f 261/103/336 262/102/336 263/101/336 945/1105/336 944/1104/336 943/1103/336 942/1102/336 260/104/336
f 44/217/337 45/216/337 727/1174/337 726/1259/337
f 637/500/338 638/499/338 1320/700/338 1319/1433/338
f 12/209/339 13/208/339 694/1266/339 693/1265/339
f 505/591/340 506/590/340 1188/1434/340 1187/1435/340
f 74/222/341 75/221/341 759/1272/341 758/1271/341
f 13/208/342 14/207/342 695/1267/342 694/1266/342
f 14/207/343 15/206/343 696/1268/343 695/1267/343
f 192/909/344 193/908/344 875/784/344 874/783/344
f 72/224/345 73/223/345 757/1270/345 756/1269/345 755/1436/345
f 638/1437/346 639/1438/346 1321/1439/346 1320/700/346
f 78/306/347 79/305/347 763/1195/347 762/1184/347
f 249/115/348 250/114/348 932/1092/348 931/1091/348
f 67/161/349 68/160/349 750/1286/349 749/1285/349
f 66/162/350 67/161/350 749/1285/350 748/1284/350
f 433/404/351 434/403/351 1115/1026/351 1114/1025/351
f 209/892/352 210/891/352 892/801/352 891/800/352
f 746/1440/353 745/1202/353 63/1441/353 64/164/353
f 368/1442/354 369/1443/354 1051/1444/354 1050/1445/354
f 828/1344/355 146/1446/355 147/294/355 829/1447/355
f 673/504/356 674/503/356 1356/696/356 1355/695/356
f 144/297/25 145/296/25 827/1343/25 826/1307/25
f 82/302/357 83/309/357 767/1136/357 766/1273/357
f 278/86/358 279/85/358 961/833/358 960/832/358 959/831/358 958/830/358 276/88/358 277/87/358
f 455/382/359 1137/932/359 1136/1047/359 454/383/359
f 393/322/360 394/321/360 1075/986/360 1074/985/360
f 26/195/361 27/194/361 709/1249/361 708/1248/361 707/1247/361 706/1246/361 24/197/361 25/196/361
f 36/185/362 37/184/362 719/1206/362 718/1258/362
f 29/192/363 30/191/363 712/1252/363 711/1251/363 710/1250/363 709/1249/363 27/194/363 28/193/363
f 35/186/364 36/185/364 718/1258/364 717/1257/364
f 30/191/365 31/190/365 713/1253/365 712/1252/365
f 196/905/366 197/904/366 879/788/366 878/787/366
f 33/188/367 34/187/367 716/1256/367 715/1255/367
f 634/472/306 635/471/306 1317/738/306 1316/737/306
f 90/239/49 91/238/49 774/581/49 773/580/49
f 91/238/368 92/237/368 775/582/368 774/581/368
f 96/233/369 97/232/369 780/561/369 779/586/369 778/585/369 777/584/369 94/235/369 95/234/369
f 97/232/370 98/231/370 781/562/370 780/561/370
f 629/477/158 630/476/158 1312/733/158 1311/732/158
f 98/231/371 99/230/371 782/563/371 781/562/371
f 545/618/372 546/617/372 1226/1144/372 1225/1143/372
f 140/301/373 141/300/373 823/1341/373 822/1209/373
f 643/494/312 644/493/312 1326/706/312 1325/705/312
f 141/300/374 142/299/374 824/1342/374 823/1341/374
f 132/273/375 133/272/375 134/311/375 814/1212/375 813/1356/375
f 101/271/376 102/270/376 783/1220/376 782/563/376 99/230/376 100/229/376
f 652/485/160 653/484/160 654/483/160 655/482/160 1337/717/160 1336/716/160 1335/715/160 1334/714/160 1333/713/160 651/486/160
f 606/454/68 607/453/68 1289/688/68 1288/687/68
f 44/217/377 726/1259/377 725/1178/377 43/218/377
f 323/41/378 324/40/378 1006/1122/378 1005/1121/378
f 272/92/379 273/91/379 955/827/379 954/826/379
f 15/206/380 16/205/380 697/1448/380 696/1268/380
f 221/880/381 222/879/381 904/1449/381 903/812/381
f 160/281/356 161/280/356 843/1351/356 842/1238/356
f 598/462/382 599/461/382 1281/748/382 1280/747/382
f 665/512/383 666/511/383 1346/726/383 1345/725/383
f 103/269/384 104/268/384 785/1333/384 784/1219/384
f 462/375/385 463/374/385 1145/940/385 1144/939/385
f 625/516/386 626/515/386 1310/731/386 1309/730/386 1308/1294/386
f 117/255/387 118/254/387 799/1222/387 798/1340/387
f 623/518/325 624/517/325 1307/1293/325 1306/1292/325
f 115/257/388 116/256/388 797/1339/388 796/1338/388
f 114/258/389 115/257/389 796/1338/389 795/1337/389
f 359/134/390 360/133/390 1042/1450/390 1041/1072/390
f 207/894/391 208/893/391 890/799/391 889/798/391
f 499/597/392 500/596/392 501/595/392 1183/1401/392 1182/1451/392 1181/1452/392 1180/1453/392 1179/1454/392 497/599/392 498/598/392
f 206/895/393 207/894/393 889/798/393 888/797/393
f 212/889/394 213/888/394 895/804/394 894/803/394
f 204/897/395 205/896/395 887/796/395 886/795/395
f 203/898/396 204/897/396 886/795/396 885/794/396
f 361/354/397 362/353/397 1044/956/397 1043/955/397
f 197/904/398 198/903/398 880/789/398 879/788/398
f 10/211/399 11/210/399 692/1264/399 691/1263/399
f 603/457/400 604/456/400 605/455/400 606/454/400 1288/687/400 1287/686/400 1286/685/400 1285/684/400 1284/751/400 602/458/400
f 219/882/401 220/881/401 902/811/401 901/810/401
f 548/615/402 549/614/402 1229/1147/402 1228/1146/402
f 650/487/271 651/486/271 1333/713/271 1332/712/271
f 564/648/403 565/647/403 1245/1398/403 1244/1310/403
f 296/68/404 297/67/404 979/851/404 978/850/404
f 183/918/405 184/917/405 866/775/405 865/774/405
f 183/918/406 865/774/406 864/773/406 182/919/406
f 223/878/407 224/877/407 906/815/407 905/814/407
f 230/871/408 231/870/408 913/754/408 912/753/408
f 395/320/409 396/319/409 1077/988/409 1076/987/409
f 92/237/410 93/236/410 776/583/410 775/582/410
f 669/508/411 1351/691/411 1350/690/411 1349/729/411 1348/728/411 668/509/411
f 568/644/412 569/643/412 1249/1306/412 1248/1455/412
f 469/368/413 470/367/413 1152/947/413 1151/946/413
f 543/620/414 544/619/414 1224/1142/414 1223/1141/414
f 171/930/415 172/929/415 854/763/415 853/762/415
f 274/90/416 275/89/416 957/829/416 956/828/416
f 161/280/126 162/279/126 844/1352/126 843/1351/126
f 544/619/417 545/618/417 1225/1143/417 1224/1142/417
f 283/81/418 284/80/418 966/838/418 965/837/418
f 284/80/419 285/79/419 967/839/419 966/838/419
f 547/616/420 548/615/420 1228/1146/420 1227/1145/420
f 285/79/421 286/78/421 968/840/421 967/839/421
f 376/339/422 377/338/422 1058/970/422 1057/969/422
f 66/162/423 748/1284/423 747/1283/423 65/1456/423
f 589/623/424 590/437/424 1272/1326/424 1271/1385/424
f 322/42/425 323/41/425 1005/1121/425 1004/1120/425
f 299/65/426 300/64/426 982/854/426 981/853/426
f 319/45/427 320/44/427 1002/1118/427 1001/1117/427
f 320/44/428 321/43/428 1003/1119/428 1002/1118/428
f 297/67/429 298/66/429 980/852/429 979/851/429
f 214/887/430 215/886/430 897/806/430 896/805/430
f 377/338/431 378/337/431 1059/971/431 1058/970/431
f 614/527/87 615/526/87 1298/1298/87 1297/1297/87
f 23/198/432 24/197/432 706/1246/432 705/1245/432
f 170/931/433 171/930/433 853/762/433 852/761/433
f 263/101/434 264/100/434 946/1106/434 945/1105/434
f 325/39/435 326/38/435 1008/560/435 1007/1123/435
f 72/224/436 755/1436/436 754/1242/436 753/1289/436 71/157/436
f 211/890/437 212/889/437 894/803/437 893/802/437
f 613/528/86 614/527/86 1297/1297/86 1296/1296/86
f 145/296/438 146/1446/438 828/1344/438 827/1343/438
f 402/313/439 403/312/439 1084/995/439 1083/994/439
f 298/66/440 299/65/440 981/853/440 980/852/440
f 460/377/441 461/376/441 1143/938/441 1142/937/441
f 292/72/442 293/71/442 975/1457/442 974/846/442
f 286/78/443 287/77/443 969/841/443 968/840/443
f 334/30/444 335/29/444 1017/1048/444 1016/1130/444
f 580/632/445 581/631/445 1263/1458/445 1262/1375/445
f 458/379/446 1140/935/446 1139/934/446 457/380/446
f 239/125/447 240/124/447 922/1082/447 921/1081/447
f 336/28/448 337/156/448 1019/1050/448 1018/1049/448
f 670/507/324 671/506/324 1353/693/324 1352/692/324
f 339/154/449 340/153/449 1022/1053/449 1021/1052/449
f 352/141/450 353/140/450 1035/1066/450 1034/1065/450
f 349/144/451 350/143/451 1032/1063/451 1031/1062/451
f 136/228/60 137/227/60 817/1332/60 816/1331/60
f 154/287/78 155/286/78 837/1224/78 836/1348/78
f 510/683/452 511/682/452 1193/1459/452 1192/1460/452
f 1211/1417/14 1212/1414/14 1213/1413/14 1214/1412/14 1215/1411/14 1216/1410/14 1217/1431/14 1218/1430/14 1219/1429/14 1220/1380/14 1221/1315/14 1222/1314/14 1223/1141/14 1261/1156/14 1262/1375/14 1263/1458/14 1264/1461/14 1265/1233/14 1266/1232/14 1267/1379/14 1268/1381/14 1269/1382/14 1270/1384/14 1271/1385/14 1272/1326/14 1237/1462/14 1238/1388/14 1239/442/14 1240/1390/14 1241/1313/14 1242/1312/14 1243/1311/14 1244/1310/14 1245/1398/14 1246/1397/14 1247/1463/14 1248/1455/14 1249/1306/14 1250/1305/14 1251/1304/14 1252/1376/14 1253/1464/14 1254/1193/14 1255/1192/14 1256/1383/14 1257/1159/14 1236/1465/14 1169/1466/14 1170/1396/14 1171/1395/14 1172/1399/14 1173/1402/14 1174/1405/14 1175/1406/14 1176/1407/14 1177/1408/14 1178/1409/14 1179/1454/14 1180/1453/14 1181/1452/14 1182/1451/14 1183/1401/14 1184/1400/14 1185/1404/14 1186/1403/14 1187/1435/14 1188/1434/14 1189/1467/14 1190/1468/14 1191/1469/14 1192/1460/14 1193/1459/14 1194/1428/14 1195/1421/14 1196/1419/14 1197/1418/14 1198/1416/14 1199/1415/14 1200/1470/14 1201/1471/14 1202/1472/14 1203/1424/14 1204/1423/14 1205/1473/14 1206/1474/14 1207/1393/14 1208/1392/14 1209/1422/14 1210/1420/14
f 328/36/453 329/35/453 1011/1125/453 1010/1124/453
f 464/373/454 465/372/454 1147/942/454 1146/941/454
f 172/929/455 173/928/455 855/764/455 854/763/455
f 640/497/456 1322/702/456 1321/701/456 639/1475/456
f 265/99/457 266/98/457 948/1108/457 947/1107/457
f 31/190/458 32/189/458 714/1254/458 713/1253/458
f 168/865/459 169/864/459 851/760/459 850/759/459
f 210/891/460 211/890/460 893/802/460 892/801/460
f 457/380/461 1139/934/461 1138/933/461 456/381/461
f 354/139/462 355/138/462 1037/1068/462 1036/1067/462
f 131/274/463 812/1355/463 811/1354/463 130/1476/463
f 332/32/464 333/31/464 1015/1129/464 1014/1128/464
f 294/70/465 976/848/465 975/847/465 293/1477/465
f 16/205/466 17/204/466 699/1244/466 698/1243/466 697/1448/466
f 193/908/467 194/907/467 876/785/467 875/784/467
f 158/283/74 159/282/74 841/1239/74 840/1350/74
f 398/317/468 399/316/468 1080/991/468 1079/990/468
f 424/413/469 425/412/469 1106/1478/469 1105/1016/469
f 401/314/470 402/313/470 1083/994/470 1082/993/470
f 56/172/471 57/171/471 739/1278/471 738/1277/471
f 1054/1479/472 1053/965/472 371/1480/472 372/343/472
f 452/385/473 453/384/473 454/383/473 1136/1047/473 1135/1046/473 1134/1045/473 1133/1044/473 451/386/473
f 403/312/474 404/433/474 1085/996/474 1084/995/474
f 446/391/475 447/390/475 1129/1040/475 1128/1039/475
f 697/1448/476 698/1243/476 754/1242/476 755/1436/476 756/1269/476 696/1268/476
f 162/279/194 163/278/194 845/1353/194 844/1352/194
f 404/433/477 405/432/477 1086/997/477 1085/996/477
f 556/1481/478 557/654/478 558/653/478 1238/1482/478 1237/1483/478
f 523/670/479 524/669/479 1206/1474/479 1205/1473/479
f 150/291/72 151/290/72 833/1218/72 832/1207/72
f 311/53/480 312/52/480 994/1110/480 993/1109/480
f 434/403/481 435/402/481 1116/1027/481 1115/1026/481
f 423/414/482 424/413/482 1105/1016/482 1104/1015/482
f 195/906/483 196/905/483 878/787/483 877/786/483
f 407/430/484 408/429/484 1089/1000/484 1088/999/484
f 342/151/485 343/150/485 344/149/485 1026/1057/485 1025/1056/485 1024/1055/485 1023/1054/485 341/152/485
f 408/429/486 409/428/486 1090/1001/486 1089/1000/486
f 415/422/487 416/421/487 1097/1008/487 1096/1007/487
f 52/176/488 53/175/488 54/174/488 55/173/488 56/172/488 738/1277/488 737/1276/488 736/1275/488 735/1274/488 734/1227/488
f 414/423/489 415/422/489 1096/1007/489 1095/1006/489
f 254/110/490 255/109/490 937/1097/490 936/1096/490
f 429/1368/491 1110/1369/491 1109/1484/491 428/1485/491
f 22/199/492 23/198/492 705/1245/492 704/1196/492
f 546/617/493 547/616/493 1227/1145/493 1226/1144/493
f 578/634/494 579/633/494 1260/1155/494 1259/1154/494
f 577/635/495 578/634/495 1259/1154/495 1258/1153/495 1257/1159/495
f 414/423/496 1095/1006/496 1094/1005/496 413/424/496
f 152/289/383 153/288/383 835/1347/383 834/1217/383
f 131/274/258 132/273/258 813/1356/258 812/1355/258
f 181/920/497 863/772/497 862/771/497 180/921/497
f 582/630/498 583/629/498 1265/1233/498 1264/1461/498
f 576/636/499 577/635/499 1257/1159/499 1256/1383/499
f 440/397/500 441/396/500 442/395/500 1123/1486/500 1122/1033/500 1121/1032/500 1120/1031/500 439/398/500
f 581/631/501 582/630/501 1264/1461/501 1263/1458/501
f 507/589/502 508/588/502 509/587/502 510/683/502 1192/1460/502 1191/1469/502 1190/1468/502 1189/1467/502 1188/1434/502 506/590/502
f 487/1487/503 488/608/503 1170/1396/503 1169/1466/503
f 573/639/504 574/638/504 1254/1193/504 1253/1464/504
f 566/646/505 567/645/505 1247/1463/505 1246/1397/505
f 572/640/506 573/639/506 1253/1464/506 1252/1376/506
f 567/645/507 568/644/507 1248/1455/507 1247/1463/507
f 81/303/508 82/302/508 766/1273/508 765/1221/508
f 426/411/509 1107/1018/509 1106/1017/509 425/1488/509
f 327/37/510 328/36/510 1010/1124/510 1009/559/510
f 459/378/511 460/377/511 1142/937/511 1141/936/511
f 496/600/512 497/599/512 1179/1454/512 1178/1409/512
f 33/188/513 715/1255/513 714/1254/513 32/189/513
f 518/675/514 519/674/514 1201/1471/514 1200/1470/514
f 517/676/515 518/675/515 1200/1470/515 1199/1415/515
f 519/674/516 520/673/516 1202/1472/516 1201/1471/516
f 627/446/517 628/445/517 629/477/517 1311/732/517 1310/731/517 626/515/517
f 520/673/518 521/672/518 1203/1424/518 1202/1472/518
f 522/671/519 523/670/519 1205/1473/519 1204/1423/519
f 511/682/520 512/681/520 1194/1428/520 1193/1459/520
f 475/362/521 476/361/521 1158/948/521 1157/546/521
f 394/321/522 395/320/522 1076/987/522 1075/986/522
f 524/669/523 525/668/523 1207/1393/523 1206/1474/523
f 127/245/46 85/244/46 768/575/46 808/574/46
f 411/426/524 412/425/524 1093/1004/524 1092/1003/524
f 68/160/525 69/159/525 751/1287/525 750/1286/525
f 596/464/368 597/463/368 1279/746/368 1278/745/368
f 392/323/526 393/322/526 1074/985/526 1073/984/526
f 93/236/527 94/235/527 777/584/527 776/583/527
f 340/153/528 341/152/528 1023/1054/528 1022/1053/528
f 600/460/370 601/459/370 1283/750/370 1282/749/370
f 306/58/529 307/57/529 989/861/529 988/860/529
f 601/459/371 602/458/371 1284/751/371 1283/750/371
f 504/592/530 505/591/530 1187/1435/530 1186/1403/530
f 470/367/531 471/366/531 1153/550/531 1152/947/531
f 648/489/373 649/488/373 1331/711/373 1330/710/373
f 649/488/374 650/487/374 1332/712/374 1331/711/374
f 635/471/305 636/470/305 1318/739/305 1317/738/305
f 70/158/532 71/157/532 753/1289/532 752/1288/532
f 73/223/533 74/222/533 758/1271/533 757/1270/533
f 358/135/534 1040/1071/534 1039/1070/534 357/136/534
f 432/405/535 433/404/535 1114/1025/535 1113/1024/535
f 148/1489/536 149/292/536 831/1208/536 830/1346/536
f 542/621/537 543/620/537 1223/1141/537 1222/1314/537
f 607/453/538 608/452/538 1291/1226/538 1290/689/538 1289/688/538
f 153/288/75 154/287/75 836/1348/75 835/1347/75
f 181/920/539 182/919/539 864/773/539 863/772/539
f 104/268/540 105/267/540 786/1334/540 785/1333/540
f 624/517/387 625/516/387 1308/1294/387 1307/1293/387
f 69/159/541 70/158/541 752/1288/541 751/1287/541
f 622/519/388 623/518/388 1306/1292/388 1305/1303/388
f 621/520/389 622/519/389 1305/1303/389 1304/1230/389
f 107/265/215 108/264/215 789/1235/215 788/1336/215
f 113/259/83 114/258/83 795/1337/83 794/1290/83
f 431/406/542 432/405/542 1113/1024/542 1112/1023/542 1111/1022/542
f 617/524/246 618/523/246 619/522/246 1302/1302/246 1301/1301/246 1300/1300/246 1299/1299/246 1298/1298/246 615/526/246 616/525/246
usemtl Wood
f 1464/1490/543 1518/1491/543 1519/1492/543 1469/1493/543
f 1511/1494/544 1626/1495/544 1625/1496/544 1509/1497/544
f 2032/1498/545 1990/1499/545 1989/1500/545 2031/1501/545
f 2433/1502/546 2361/1503/546 2360/1504/546 2431/1505/546
f 2138/1506/547 2153/1507/547 2154/1508/547 2152/1509/547 2125/1510/547
f 1918/1511/548 1954/1512/548 1957/1513/548 1919/1514/548
f 1733/1515/94 1734/1516/94 1693/1517/94 1692/1518/94
f 1814/1519/549 1815/1520/549 1756/1521/549 1754/1522/549
f 2676/1523/550 2655/1524/550 2654/1525/550 2656/1526/550 2675/1527/550 2677/1528/550
f 2678/1529/364 2657/1530/364 2655/1524/364 2676/1523/364
f 1513/1531/551 1484/1532/551 1845/1533/551 1844/1534/551
f 1750/1535/552 1852/1536/552 1841/1537/552 1764/1538/552
f 2646/1539/553 2649/1540/553 2669/1541/553 2668/1542/553
f 1468/1543/554 2660/1544/554 2681/1545/554 1463/1546/554
f 1836/1547/555 1759/1548/555 1755/1549/555 1835/1550/555
f 1632/1551/556 1532/1552/556 1531/1553/556 1631/1554/556
f 1580/1555/557 2245/1556/557 2195/1557/557 2196/1558/557 2243/1559/557 1579/1560/557
f 1624/1561/558 1602/1562/558 1601/1563/558 1623/1564/558
f 1540/1565/559 1541/1566/559 1527/1567/559 1526/1568/559
f 1873/1569/560 1875/1570/560 1840/1571/560 1839/1572/560
f 1563/1573/561 1564/1574/561 1541/1566/561 1540/1565/561
f 2179/1575/562 2147/1576/562 2122/1577/562 2178/1578/562
f 2096/1579/563 2076/1580/563 2075/1581/563 2095/1582/563
f 1891/1583/564 1553/1584/564 1554/1585/564 1892/1586/564
f 1705/1587/565 1622/1588/565 1621/1589/565 1702/1590/565
f 2055/1591/566 2141/1592/566 2143/1593/566 2056/1594/566
f 2460/1595/567 2497/1596/567 2499/1597/567 2463/1598/567
f 2680/1599/142 2659/1600/142 2661/1601/142 2682/1602/142
f 2415/1603/568 2414/1604/568 2466/1605/568 2465/1606/568
f 2585/1607/569 2603/1608/569 2604/1609/569 2586/1610/569
f 1559/1611/570 1529/1612/570 1528/1613/570 1557/1614/570
f 1567/1615/571 1581/1616/571 1584/1617/571 1565/1618/571
f 1596/1619/572 1559/1611/572 1557/1614/572 1595/1620/572
f 1760/1621/573 1796/1622/573 1797/1623/573 1761/1624/573
f 1609/1625/574 1649/1626/574 1650/1627/574 1610/1628/574
f 2036/1629/575 2035/1630/575 2248/1631/575 2249/1632/575
f 1921/1633/576 1870/1634/576 1869/1635/576 1920/1636/576
f 1812/1637/577 1822/1638/577 1823/1639/577 1813/1640/577
f 1822/1638/578 1833/1641/578 1834/1642/578 1823/1639/578
f 2528/1643/579 2527/1644/579 2637/1645/579 2636/1646/579
f 2519/1647/580 1476/1648/580 1473/1649/580 2521/1650/580
f 1769/1651/581 1770/1652/581 1734/1516/581 1733/1515/581
f 2474/1653/582 2438/1654/582 2436/1655/582 2472/1656/582
f 2651/1657/583 2650/1658/583 2673/1659/583 2671/1660/583
f 2315/1661/584 2556/1662/584 2554/1663/584 2314/1664/584
f 1678/1665/585 1680/1666/585 1650/1627/585 1649/1626/585
f 1709/1667/586 1843/1668/586 1842/1669/586 1708/1670/586
f 1488/1671/587 1507/1672/587 1508/1673/587 1487/1674/587
f 1806/1675/588 1807/1676/588 1782/1677/588 1781/1678/588
f 2570/1679/589 2532/1680/589 2534/1681/589 2568/1682/589
f 1496/1683/590 1851/1684/590 1850/1685/590 1495/1686/590
f 2603/1608/591 2308/1687/591 2305/1688/591 2604/1609/591
f 2550/1689/592 2552/1690/592 2507/1691/592 2508/1692/592
f 2394/1693/593 2427/1694/593 2429/1695/593 2395/1696/593
f 1499/1697/594 1502/1698/594 1473/1649/594 1476/1648/594
f 1938/1699/595 2081/1700/595 2082/1701/595 1939/1702/595
f 1582/1703/596 1583/1704/596 1503/1705/596 1506/1706/596 1552/1707/596
f 2647/1708/597 2642/1709/597 2666/1710/597 2672/1711/597
f 1491/1712/598 1494/1713/598 2670/1714/598 2652/1715/598
f 2441/1716/599 2442/1717/599 2401/1718/599 2400/1719/599
f 2225/1720/600 2197/1721/600 2182/1722/600 2218/1723/600 2250/1724/600
f 2626/1725/601 2627/1726/601 2576/1727/601 2574/1728/601
f 1783/1729/602 1785/1730/602 1746/1731/602 1745/1732/602
f 2307/1733/603 2304/1734/603 2458/1735/603 2457/1736/603
f 2504/1737/604 2565/1738/604 2564/1739/604 2503/1740/604
f 2281/1741/605 2176/1742/605 2175/1743/605 2280/1744/605
f 2076/1580/606 2053/1745/606 2052/1746/606 2075/1581/606
f 2355/1747/607 2402/1748/607 2404/1749/607 2357/1750/607
f 1967/1751/608 1915/1752/608 1914/1753/608 1966/1754/608
f 2071/1755/609 2072/1756/609 2030/1757/609 2029/1758/609
f 1956/1759/610 2092/1760/610 2091/1761/610 1955/1762/610
f 1956/1759/546 1955/1762/546 2017/1763/546 2018/1764/546
f 2094/1765/611 2073/1766/611 2074/1767/611 2093/1768/611
f 1472/1769/612 1510/1770/612 1512/1771/612 1477/1772/612
f 1737/1773/613 1767/1774/613 1768/1775/613 1741/1776/613
f 1510/1770/614 1549/1777/614 1551/1778/614 1512/1771/614
f 1562/1779/615 1525/1780/615 1524/1781/615 1561/1782/615
f 2363/1783/616 2351/1784/616 2340/1785/616 2362/1786/616
f 1518/1491/617 1572/1787/617 1573/1788/617 1519/1789/617
f 1677/1790/618 1679/1791/618 1668/1792/618 1667/1793/618
f 1694/1794/619 1695/1795/619 1679/1791/619 1677/1790/619
f 1694/1794/620 1724/1796/620 1725/1797/620 1695/1795/620
f 1790/1798/621 1791/1799/621 1725/1797/621 1724/1796/621
f 2546/1800/622 2545/1801/622 2551/1802/622 2549/1803/622
f 1647/1804/623 1691/1805/623 1747/1806/623 1748/1807/623 1648/1808/623
f 1522/1809/624 1607/1810/624 1608/1811/624 1523/1812/624
f 2197/1721/625 2154/1813/625 2153/1814/625 2182/1722/625
f 2327/1815/596 2358/1816/596 2359/1817/596 2279/1818/596 2278/1819/596
f 1689/1820/626 1690/1821/626 1646/1822/626 1644/1823/626
f 1470/1824/627 2252/1825/627 2254/1826/627 1462/1827/627
f 1589/1828/628 1604/1829/628 1603/1830/628 1590/1831/628
f 2615/1832/629 2584/1833/629 2559/1834/629 2614/1835/629
f 2137/1836/630 2161/1837/630 2162/1838/630 2136/1839/630
f 1704/1840/631 1628/1841/631 1627/1842/631 1703/1843/631
f 1826/1844/632 1827/1845/632 1793/1846/632 1792/1847/632
f 2572/1848/633 2540/1849/633 2539/1850/633 2571/1851/633
f 1799/1852/634 1711/1853/634 1710/1854/634 1798/1855/634
f 1933/1856/635 1890/1857/635 1889/1858/635 1932/1859/635
f 2319/1860/636 2323/1861/636 2278/1819/636 2279/1818/636
f 1971/1862/637 1999/1863/637 2000/1864/637 1973/1865/637
f 1999/1863/638 2021/1866/638 2022/1867/638 2000/1864/638
f 2043/1868/639 2044/1869/639 2022/1867/639 2021/1866/639
f 2043/1868/640 2069/1870/640 2070/1871/640 2044/1869/640
f 1874/1872/641 1876/1873/641 1827/1845/641 1826/1844/641
f 1968/1874/642 1972/1875/642 1951/1876/642 1950/1877/642
f 1899/1878/643 1900/1879/643 1972/1875/643 1968/1874/643
f 1908/1880/644 1909/1881/644 1975/1882/644 1974/1883/644
f 1980/1884/645 1929/1885/645 1928/1886/645 1979/1887/645
f 2587/1888/646 2588/1889/646 2605/1890/646 2476/1891/646 2494/1892/646
f 2593/1893/647 2457/1736/647 2458/1735/647 2594/1894/647 2535/1895/647 2536/1896/647
f 1689/1820/648 1757/1897/648 1758/1898/648 1690/1821/648
f 1870/1634/649 1805/1899/649 1804/1900/649 1869/1635/649
f 1587/1901/650 1629/1902/650 1630/1903/650 1588/1904/650
f 2394/1693/651 2395/1696/651 2359/1817/651 2358/1816/651
f 2381/1905/652 2363/1783/652 2362/1786/652 2380/1906/652
f 2324/1907/653 2322/1908/653 2273/1909/653 2272/1910/653
f 1718/1911/654 1754/1522/654 1756/1521/654 1720/1912/654
f 2435/1913/655 2437/1914/655 2399/1915/655 2398/1916/655
f 2204/1917/656 2205/1918/656 2179/1575/656 2178/1578/656
f 2148/1919/657 2151/1920/657 2133/1921/657 2132/1922/657
f 2592/1923/658 2591/1924/658 2559/1925/658 2584/1926/658
f 1935/1927/659 1969/1928/659 1970/1929/659 1936/1930/659
f 2019/1931/660 2020/1932/660 1970/1929/660 1969/1928/660
f 2180/1933/661 2181/1934/661 2137/1836/661 2136/1839/661
f 2543/1935/662 2547/1936/662 2527/1644/662 2528/1643/662
f 2163/1937/663 2164/1938/663 1980/1884/663 1979/1887/663
f 2268/1939/664 2267/1940/664 2244/1941/664 2242/1942/664
f 2348/1943/665 2313/1944/665 2312/1945/665 2347/1946/665
f 1472/1769/666 1477/1772/666 2074/1767/666 2073/1766/666
f 2292/1947/667 2209/1948/667 2208/1949/667 2291/1950/667
f 1546/1951/668 1534/1952/668 1637/1953/668 1638/1954/668
f 2172/1955/669 2292/1947/669 2291/1950/669 2170/1956/669
f 1522/1809/670 1523/1812/670 2174/1957/670 2173/1958/670
f 1521/1959/671 1475/1960/671 1471/1961/671 1520/1962/671
f 2063/1963/672 2064/1964/672 1901/1965/672 2430/1966/672 2419/1967/672 2418/1968/672 1982/1969/672
f 2188/1970/673 2258/1971/673 2260/1972/673 2187/1973/673
f 1606/1974/674 1580/1555/674 1579/1560/674 1605/1975/674
f 1634/1976/675 1606/1974/675 1605/1975/675 1633/1977/675
f 1607/1810/676 1643/1978/676 1645/1979/676 1608/1811/676
f 1634/1976/677 1633/1977/677 1671/1980/677 1672/1981/677
f 1752/1982/678 1753/1983/678 1717/1984/678 1716/1985/678
f 2393/1986/679 2443/1987/679 2444/1988/679 2392/1989/679
f 2002/1990/680 2004/1991/680 2107/1992/680 2106/1993/680
f 2191/1994/681 2192/1995/681 2144/1996/681 2142/1997/681
f 2446/1998/682 2332/1999/682 2331/2000/682 2445/2001/682
f 1946/2002/683 1976/2003/683 1977/2004/683 1949/2005/683
f 1990/1499/684 1967/1751/684 1966/1754/684 1989/1500/684
f 2185/2006/685 2267/1940/685 2268/1939/685 2183/2007/685
f 2257/2008/686 2259/2009/686 2192/1995/686 2191/1994/686
f 1845/2010/687 1799/1852/687 1798/1855/687 1844/2011/687
f 2420/2012/688 2422/2013/688 2378/2014/688 2379/2015/688
f 2104/2016/689 2114/2017/689 2113/2018/689 2103/2019/689
f 1604/1829/690 1536/2020/690 1535/2021/690 1603/1830/690
f 2659/1600/691 2680/1599/691 2681/1545/691 2660/1544/691
f 2624/2022/692 2625/2023/692 2627/1726/692 2626/1725/692
f 2227/2024/693 2104/2016/693 2103/2019/693 2226/2025/693
f 2009/2026/694 2010/2027/694 2007/2028/694 2008/2029/694
f 2055/1591/695 2056/1594/695 2028/2030/695 2027/2031/695
f 2135/2032/696 2124/2033/696 2123/2034/696 2134/2035/696
f 2202/2036/697 2135/2032/697 2134/2035/697 2201/2037/697
f 2247/2038/698 2202/2036/698 2201/2037/698 2246/2039/698
f 1997/2040/699 1998/2041/699 1957/1513/699 1954/1512/699
f 2513/2042/700 2514/2043/700 2639/2044/700 2638/2045/700
f 1776/2046/701 1727/2047/701 1726/2048/701 1775/2049/701
f 2046/2050/702 2241/2051/702 2240/2052/702 2045/2053/702
f 2168/2054/703 2171/2055/703 2086/2056/703 2085/2057/703
f 2679/2058/704 2658/2059/704 2657/1530/704 2678/1529/704
f 2266/2060/705 2265/2061/705 2260/1972/705 2258/1971/705
f 1805/1899/706 1744/2062/706 1743/2063/706 1804/1900/706
f 2105/2064/707 2098/2065/707 2097/2066/707 2115/2067/707 2116/2068/707
f 2443/1987/708 2379/2015/708 2378/2014/708 2444/1988/708
f 1647/1804/593 1648/1808/593 1616/2069/593 1615/2070/593
f 2290/2071/709 2289/2072/709 2275/2073/709 2274/2074/709
f 2313/1944/710 2297/2075/710 2296/2076/710 2312/1945/710
f 2385/2077/711 2387/2078/711 2353/2079/711 2352/2080/711
f 2385/2077/712 2421/2081/712 2423/2082/712 2387/2078/712
f 1536/2020/713 1470/1824/713 1462/1827/713 1535/2021/713
f 2438/1654/714 2393/1986/714 2392/1989/714 2436/1655/714
f 2465/1606/715 2466/1605/715 2422/2013/715 2420/2012/715
f 2511/2083/716 2474/1653/716 2472/1656/716 2510/2084/716
f 2540/1849/717 2511/2083/717 2510/2084/717 2539/1850/717
f 1883/2085/718 1942/2086/718 1943/2087/718 1885/2088/718
f 1499/1697/719 1530/2089/719 1533/2090/719 1502/1698/719
f 2675/1527/720 2656/1526/720 2653/2091/720 2674/2092/720
f 1685/2093/721 1686/2094/721 1670/2095/721 1669/2096/721
f 1794/2097/722 1795/2098/722 1770/1652/722 1769/1651/722
f 2038/2099/723 1866/2100/723 1865/2101/723 2037/2102/723
f 1905/2103/724 1918/1511/724 1919/1514/724 1904/2104/724
f 2408/2105/725 2406/2106/725 2271/2107/725 2270/2108/725
f 1784/2109/726 1830/2110/726 1831/2111/726 1786/2112/726
f 2343/2113/727 2281/1741/727 2280/1744/727 2342/2114/727
f 2434/2115/728 2343/2113/728 2342/2114/728 2432/2116/728
f 2114/2017/729 2102/2117/729 2101/2118/729 2113/2018/729
f 1644/1823/730 1646/1822/730 1576/2119/730 1575/2120/730
f 2040/2121/731 2039/2122/731 2525/2123/731 2526/2124/731
f 2427/1694/623 2477/2125/623 2520/2126/623 2522/2127/623 2429/1695/623
f 1992/2128/732 1991/2129/732 2117/2130/732 2118/2131/732
f 2270/2108/733 2271/2107/733 2060/2132/733 2059/2133/733
f 2562/2134/734 2563/2135/734 2522/2127/734 2520/2126/734
f 2507/1691/735 2621/2136/735 2620/2137/735 2508/1692/735
f 2316/2138/736 2434/2115/736 2432/2116/736 2317/2139/736
f 2578/2140/737 2579/2141/737 2523/2142/737 2524/2143/737
f 2513/2042/738 2599/2144/738 2600/2145/738 2514/2043/738
f 2628/2146/739 2629/2147/739 2552/1690/739 2550/1689/739
f 1796/1622/740 2122/2148/740 2147/2149/740 1797/1623/740
f 1788/2150/741 1787/2151/741 1837/2152/741 1838/2153/741
f 2543/1935/613 2575/2154/613 2577/2155/613 2547/1936/613
f 1781/1678/742 1782/1677/742 1768/1775/742 1767/1774/742
f 2538/2156/743 2537/2157/743 2602/2158/743 2601/2159/743
f 1659/2160/744 1660/2161/744 1573/1788/744 1572/1787/744
f 2580/2162/590 2582/2163/590 2581/2164/590 2583/2165/590
f 1628/1841/745 2118/2131/745 2117/2130/745 1627/1842/745
f 2349/2166/746 2350/2167/746 2323/1861/746 2319/1860/746
f 1582/1703/651 1615/2070/651 1616/2069/651 1583/1704/651
f 1490/2168/747 2094/1765/747 2093/1768/747 1489/2169/747
f 2127/2170/748 1642/2171/748 1641/2172/748 2126/2173/748
f 2592/1923/634 2489/2174/634 2488/2175/634 2591/1924/634
f 1546/1951/749 1560/2176/749 1558/2177/749 1534/1952/749
f 2308/1687/750 2536/1896/750 2535/1895/750 2305/1688/750
f 1629/1902/751 1735/2178/751 1736/2179/751 1630/1903/751
f 2240/2052/752 2241/2051/752 2181/1934/752 2180/1933/752
f 1937/2180/584 1774/2181/584 1773/2182/584 1934/2183/584
f 1530/2089/753 1555/2184/753 1556/2185/753 1533/2090/753
f 2516/2186/754 2517/2187/754 2563/2135/754 2562/2134/754
f 2309/2188/755 2364/2189/755 2365/2190/755 2306/2191/755
f 1738/2192/756 1739/2193/756 1699/2194/756 1698/2195/756
f 2467/2196/757 2502/2197/757 2501/2198/757 2468/2199/757
f 1721/2200/758 1682/2201/758 1681/2202/758 1719/2203/758
f 2502/2197/759 2515/2204/759 2518/2205/759 2501/2198/759
f 2565/1738/760 2496/2206/760 2495/2207/760 2564/1739/760
f 2515/2204/602 2566/2208/602 2567/2209/602 2518/2205/602
f 1824/2210/761 1853/2211/761 1854/2212/761 1825/2213/761
f 1597/2214/762 1812/1637/762 1813/1640/762 1598/2215/762
f 1959/2216/763 1937/2180/763 1934/2183/763 1958/2217/763
f 1944/2218/764 1978/2219/764 1981/2220/764 1945/2221/764
f 2026/2222/765 1996/2223/765 1995/2224/765 2024/2225/765
f 2065/2226/599 2066/2227/599 2026/2222/599 2024/2225/599
f 2402/1748/609 2453/2228/609 2455/2229/609 2404/1749/609
f 1946/2002/766 1949/2005/766 1914/1753/766 1915/1752/766
f 2558/2230/767 2574/1728/767 2576/1727/767 2557/2231/767
f 1665/2232/768 1698/2195/768 1699/2194/768 1666/2233/768
f 2324/1907/769 2475/2234/769 2473/2235/769 2322/1908/769
f 1384/2236/770 1385/2237/770 1383/2238/770 1376/2239/770 1375/2240/770 1373/2241/770 1382/2242/770
f 1372/2243/42 1374/2244/42 1373/2241/42 1375/2245/42
f 1398/2246/771 1376/2239/771 1383/2238/771 1379/2247/771 1394/2248/771 1395/2249/771 1396/2250/771 1397/2251/771
f 1399/2252/772 1391/2253/772 1386/2254/772 1377/2255/772 1400/2256/772 1401/2257/772 1402/2258/772 1403/2259/772
f 1374/2244/773 1372/2260/773 1377/2255/773 1386/2254/773 1388/2261/773 1389/2262/773 1387/2263/773
f 1409/2264/774 1394/2265/774 1379/2266/774 1391/2267/774 1399/2268/774 1410/2269/774 1408/2270/774 1411/2271/774
f 1382/2242/775 1378/2272/775 1380/2273/775 1384/2274/775
f 1384/2274/776 1380/2273/776 1381/2275/776 1385/2276/776
f 1385/2277/777 1381/2278/777 1379/2247/777 1383/2238/777
f 1390/2279/778 1387/2263/778 1389/2280/778 1392/2281/778
f 1392/2281/779 1389/2280/779 1388/2282/779 1393/2283/779
f 1393/2284/780 1388/2285/780 1386/2254/780 1391/2253/780
f 1378/2272/781 1390/2279/781 1392/2281/781 1380/2273/781
f 1380/2273/782 1392/2281/782 1393/2286/782 1381/2287/782
f 1381/2287/783 1393/2286/783 1391/2267/783 1379/2266/783
f 2517/2288/7 2617/2289/7 2641/2290/7 2306/2291/7 2365/2292/7 2468/2293/7 2501/2294/7 2518/2295/7 2567/2296/7 2512/2297/7 2551/2298/7 2545/2299/7 2503/2300/7 2564/2301/7 2495/2302/7 2482/2303/7 2354/2304/7 2608/2305/7 2587/2306/7 2494/2307/7 2614/2308/7 2559/2309/7 2591/2310/7 2488/2311/7 2447/2312/7 2424/2313/7 2388/2314/7 2349/2315/7 2319/2316/7 2279/2317/7 2359/2318/7 2395/2319/7 2429/2320/7 2522/2321/7 2563/2322/7
f 1613/2323/7 2490/2324/7 2521/2325/7 1473/2326/7 1502/2327/7 1533/2328/7 1556/2329/7 1574/2330/7 1586/2331/7 1600/2332/7 1620/2333/7 1658/2334/7 1670/2335/7 1686/2336/7 1759/2337/7 1836/2338/7 1868/2339/7 1939/2340/7 2082/2341/7 2131/2342/7 2144/2343/7 2192/2344/7 2259/2345/7 2317/2346/7 2432/2347/7 2342/2348/7 2280/2349/7 2175/2350/7 2126/2351/7 1641/2352/7 1635/2353/7
f 1625/2354/7 1513/2355/7 1844/2356/7 1798/2357/7 1710/2358/7 1662/2359/7 1639/2360/7 1611/2361/7 1577/2362/7 1543/2363/7 1503/2364/7 1583/2365/7 1616/2366/7 1648/2367/7 1748/2368/7 1849/2369/7 1560/2370/7 1546/2371/7 1638/2372/7 1469/2373/7 1519/2374/7 1573/2375/7 1660/2376/7 1707/2377/7 1746/2378/7 1785/2379/7 1825/2380/7 1854/2381/7 1846/2382/7 1820/2383/7 1779/2384/7 1719/2385/7 1681/2386/7 1569/2387/7 1617/2388/7 1509/2389/7
f 1852/2390/7 1750/2391/7 1702/2392/7 1621/2393/7 1593/2394/7 1563/2395/7 1540/2396/7 1526/2397/7 1491/2398/7 2652/2399/7 2649/2400/7 2646/2401/7 2644/2402/7 2643/2403/7 1655/2404/7 1565/2405/7 1584/2406/7 1610/2407/7 1650/2408/7 1680/2409/7 1732/2410/7 1775/2411/7 1726/2412/7 1661/2413/7 1595/2414/7 1557/2415/7 1528/2416/7 1492/2417/7
f 1412/2418/784 1410/2269/784 1399/2268/784 1403/2419/784 1414/2420/784
f 1413/2421/784 1395/2422/784 1394/2265/784 1409/2264/784
f 1414/2420/785 1403/2419/785 1402/2423/785 1396/2424/785 1395/2422/785 1413/2421/785 1416/2425/785 1415/2426/785
f 1396/2427/786 1402/2428/786 1401/2429/786 1397/2430/786
f 1397/2430/787 1401/2429/787 1400/2431/787 1398/2432/787
f 1398/2432/788 1400/2431/788 1377/2255/788 1376/2433/788
f 1372/2260/14 1375/2434/14 1376/2433/14 1377/2255/14
f 1416/2435/7 1404/2436/7 1405/2437/7 1415/2438/7
f 1415/2438/789 1405/2437/789 1407/2439/789 1408/2440/789 1410/2441/789 1412/2442/789 1414/2443/789
f 1407/2439/14 1406/2444/14 1411/2445/14 1408/2440/14
f 1413/2446/773 1409/2447/773 1411/2445/773 1406/2444/773 1404/2448/773 1416/2449/773
f 1405/2450/22 1404/2451/22 1406/2444/22 1407/2439/22
f 1427/2452/790 1418/2453/790 1420/2454/790 1421/2455/790 1428/2456/790 1430/2457/790 1429/2458/790
f 1417/2459/22 1420/2460/22 1418/2453/22 1419/2461/22
f 1441/2462/791 1440/2463/791 1439/2464/791 1424/2465/791 1428/2456/791 1421/2455/791 1443/2466/791 1442/2467/791
f 1447/2468/792 1446/2469/792 1445/2470/792 1422/2471/792 1431/2472/792 1436/2473/792 1444/2474/792 1448/2475/792
f 1434/2476/793 1433/2477/793 1431/2472/793 1422/2471/793 1417/2478/793 1419/2461/793 1432/2479/793
f 1444/2480/794 1436/2481/794 1424/2482/794 1439/2483/794 1454/2484/794 1456/2485/794 1453/2486/794 1455/2487/794
f 1427/2452/795 1429/2488/795 1425/2489/795 1423/2490/795
f 1429/2488/796 1430/2491/796 1426/2492/796 1425/2489/796
f 1430/2493/797 1428/2456/797 1424/2465/797 1426/2494/797
f 1435/2495/798 1437/2496/798 1434/2497/798 1432/2479/798
f 1437/2496/799 1438/2498/799 1433/2499/799 1434/2497/799
f 1438/2500/800 1436/2473/800 1431/2472/800 1433/2501/800
f 1423/2490/801 1425/2489/801 1437/2496/801 1435/2495/801
f 1425/2489/802 1426/2502/802 1438/2503/802 1437/2496/802
f 1426/2502/803 1424/2482/803 1436/2481/803 1438/2503/803
f 2616/2504/804 2516/2505/804 2562/2506/804 2520/2507/804 2477/2508/804 2427/2509/804 2394/2510/804 2358/2511/804 2327/2512/804 2278/2513/804 2323/2514/804 2350/2515/804 2389/2516/804 2425/2517/804 2448/2518/804 2489/2519/804 2592/2520/804 2584/2521/804 2615/2522/804 2476/2523/804 2605/2524/804 2588/2525/804 2609/2526/804 2356/2527/804 2483/2528/804 2496/2529/804 2565/2530/804 2504/2531/804 2546/2532/804 2549/2533/804 2509/2534/804 2566/2535/804 2515/2536/804 2502/2537/804 2467/2538/804 2364/2539/804 2309/2540/804 2640/2541/804
f 1685/2542/804 1669/2543/804 1657/2544/804 1619/2545/804 1599/2546/804 1585/2547/804 1571/2548/804 1555/2549/804 1530/2550/804 1499/2551/804 1476/2552/804 2519/2553/804 2491/2554/804 1614/2555/804 1636/2556/804 1642/2557/804 2127/2558/804 2176/2559/804 2281/2560/804 2343/2561/804 2434/2562/804 2316/2563/804 2257/2564/804 2191/2565/804 2142/2566/804 2130/2567/804 2081/2568/804 1938/2569/804 1867/2570/804 1835/2571/804 1755/2572/804
f 1534/2573/804 1558/2574/804 1848/2575/804 1747/2576/804 1691/2577/804 1647/2578/804 1615/2579/804 1582/2580/804 1552/2581/804 1506/2582/804 1544/2583/804 1578/2584/804 1612/2585/804 1640/2586/804 1664/2587/804 1711/2588/804 1799/2589/804 1845/2590/804 1484/2591/804 1626/2592/804 1511/2593/804 1618/2594/804 1570/2595/804 1682/2596/804 1721/2597/804 1780/2598/804 1821/2599/804 1847/2600/804 1853/2601/804 1824/2602/804 1783/2603/804 1745/2604/804 1706/2605/804 1659/2606/804 1572/2607/804 1518/2608/804 1464/2609/804 1637/2610/804
f 2664/2611/804 2665/2612/804 2668/2613/804 2669/2614/804 2670/2615/804 1494/2616/804 1527/2617/804 1541/2618/804 1564/2619/804 1594/2620/804 1622/2621/804 1705/2622/804 1728/2623/804 1764/2624/804 1841/2625/804 1493/2626/804 1529/2627/804 1559/2628/804 1596/2629/804 1663/2630/804 1727/2631/804 1776/2632/804 1731/2633/804 1678/2634/804 1649/2635/804 1609/2636/804 1581/2637/804 1567/2638/804 1656/2639/804
f 1448/2640/805 1444/2480/805 1455/2487/805 1457/2641/805 1459/2642/805
f 1458/2643/806 1454/2484/806 1439/2483/806 1440/2644/806
f 1440/2644/807 1441/2645/807 1447/2646/807 1448/2640/807 1459/2642/807 1460/2647/807 1461/2648/807 1458/2643/807
f 1441/2649/808 1442/2650/808 1446/2651/808 1447/2652/808
f 1442/2650/809 1443/2653/809 1445/2654/809 1446/2651/809
f 1443/2653/810 1421/2655/810 1422/2471/810 1445/2654/810
f 1417/2478/811 1422/2471/811 1421/2655/811 1420/2656/811
f 1461/2657/812 1460/2658/812 1450/2659/812 1449/2660/812
f 1459/2661/813 1457/2662/813 1455/2663/813 1453/2664/813 1452/2665/813 1450/2659/813 1460/2658/813
f 1452/2665/814 1453/2664/814 1456/2666/814 1451/2667/814
f 1461/2668/815 1449/2669/815 1451/2667/815 1456/2666/815 1454/2670/815 1458/2671/815
f 1450/2672/816 1452/2665/816 1451/2667/816 1449/2673/816
f 1857/2674/817 1838/2153/817 1837/2152/817 1859/2675/817
f 2373/2676/818 2338/2677/818 2337/2678/818 2372/2679/818
f 2663/2680/819 2645/2681/819 1862/2682/819 1861/2683/819 2662/2684/819
f 2667/2685/42 2648/2686/42 2645/2681/42 2663/2680/42
f 2666/1710/820 2642/1709/820 2648/2687/820 2667/2688/820
f 1589/1828/821 1590/1831/821 1547/2689/821 1545/2690/821
f 1656/2691/822 1655/2692/822 2643/2693/822 2664/2694/822
f 2069/1870/823 1894/2695/823 1893/2696/823 2070/1871/823
f 1913/2697/824 2247/2038/824 2246/2039/824 1912/2698/824
f 2141/1592/825 2167/2699/825 2169/2700/825 2143/1593/825
f 2601/2159/742 2602/2158/742 2577/2155/742 2575/2154/742
f 1567/1615/265 1565/1618/265 1655/2692/265 1656/2691/265
f 1682/2201/826 1570/2701/826 1569/2702/826 1681/2202/826
f 1529/1612/827 1493/2703/827 1492/2704/827 1528/1613/827
f 2473/2235/828 2475/2234/828 2437/1914/828 2435/1913/828
f 1855/2705/569 1474/2706/569 1467/2707/569 1856/2708/569
f 2249/1632/829 2248/1631/829 2262/2709/829 2261/2710/829
f 2176/1742/830 2127/2170/830 2126/2173/830 2175/1743/830
f 1584/1617/831 1581/1616/831 1609/1625/831 1610/1628/831
f 2491/2711/832 2519/1647/832 2521/1650/832 2490/2712/832
f 2200/2713/833 2203/2714/833 2302/2715/833 2303/2716/833
f 2647/1708/834 2672/1711/834 2673/1659/834 2650/1658/834
f 1789/2717/835 1902/2718/835 1903/2719/835 1654/2720/835 1653/2721/835
f 1863/2722/22 1864/2723/22 1861/2724/22 1862/2725/22
f 1864/2723/251 1863/2722/251 1871/2726/251 1872/2727/251
f 1673/2728/836 1872/2727/836 1871/2726/836 1674/2729/836
f 2636/1646/837 2637/1645/837 2632/2730/837 2633/2731/837
f 1712/2732/579 1713/2733/579 1860/2734/579 1858/2735/579
f 2532/1680/586 2633/2731/586 2632/2730/586 2534/1681/586
f 2085/2057/838 2086/2056/838 2020/1932/838 2019/1931/838
f 1778/2736/839 1766/2737/839 1765/2738/839 1777/2739/839
f 1802/2740/840 1778/2736/840 1777/2739/840 1800/2741/840
f 2538/2156/841 2560/2742/841 2561/2743/841 2537/2157/841
f 1829/2744/842 1802/2740/842 1800/2741/842 1828/2745/842
f 1851/1684/843 1829/2744/843 1828/2745/843 1850/1685/843
f 1543/2746/636 1544/2747/636 1506/1706/636 1503/1705/636
f 2388/2748/844 2389/2749/844 2350/2167/844 2349/2166/844
f 1662/2750/845 1664/2751/845 1640/2752/845 1639/2753/845
f 1839/1572/846 1840/1571/846 1791/1799/846 1790/1798/846
f 1688/2754/847 1496/1683/847 1495/1686/847 1687/2755/847 1773/2182/847 1774/2181/847
f 1858/2735/837 1860/2734/837 1842/1669/837 1843/1668/837
f 2029/1758/607 2030/1757/607 1981/2220/607 1978/2219/607
f 1549/1777/848 1566/2756/848 1568/2757/848 1551/1778/848
f 1618/2758/849 1511/1494/849 1509/1497/849 1617/2759/849
f 1638/2760/850 1637/2761/850 1464/2762/850 1469/2763/850
f 1894/2695/851 1897/2764/851 1898/2765/851 1893/2696/851
f 2481/2766/610 2480/2767/610 2360/1504/610 2361/1503/610
f 2652/1715/852 2670/1714/852 2669/1541/852 2649/1540/852
f 2099/2768/853 2100/2769/853 2064/2770/853 2063/2771/853
f 2496/2206/758 2483/2772/758 2482/2773/758 2495/2207/758
f 1718/1911/854 1720/1912/854 1683/2774/854 1684/2775/854
f 1602/1562/855 1562/1779/855 1561/1782/855 1601/1563/855
f 2509/2776/856 2512/2777/856 2567/2209/856 2566/2208/856
f 1997/2040/857 2059/2133/857 2060/2132/857 1998/2041/857
f 2509/2776/761 2549/1803/761 2551/1802/761 2512/2777/761
f 1853/2211/622 1847/2778/622 1846/2779/622 1854/2212/622
f 2321/2780/858 2325/2781/858 2304/1734/858 2307/1733/858
f 2321/2780/764 2355/1747/764 2357/1750/764 2325/2781/764
f 1731/2782/859 1732/2783/859 1680/1666/859 1678/1665/859
f 1525/1780/860 1490/2168/860 1489/2169/860 1524/1781/860
f 2480/2767/861 2481/2766/861 2442/1717/861 2441/1716/861
f 1916/2784/862 1917/2785/862 2072/1756/862 2071/1755/862
f 1942/2086/863 1971/1862/863 1973/1865/863 1943/2087/863
f 1987/2786/864 1988/2787/864 1917/2785/864 1916/2784/864
f 2329/2788/865 2344/2789/865 2158/2790/865 2157/2791/865
f 2018/1764/866 2017/1763/866 1988/2787/866 1987/2786/866
f 2047/2792/819 2050/2793/819 2048/2794/819 2003/2795/819 2001/2796/819 2054/2797/819
f 2050/2793/42 2047/2792/42 2061/2798/42 2062/2799/42
f 2062/2800/867 2061/2801/867 1624/1561/867 1623/1564/867
f 2318/2802/868 2320/2803/868 2283/2804/868 2282/2805/868
f 1568/2757/869 1566/2756/869 1587/1901/869 1588/1904/869
f 1757/1897/870 1816/2806/870 1817/2807/870 1758/1898/870
f 1787/2151/871 1788/2150/871 1753/1983/871 1752/1982/871
f 1855/2705/872 1856/2708/872 1832/2808/872 1819/2809/872 1818/2810/872
f 2644/2811/873 2646/1539/873 2668/1542/873 2665/2812/873
f 1879/2813/874 1880/2814/874 1875/1570/874 1873/1569/874
f 1895/2815/875 1896/2816/875 1880/2814/875 1879/2813/875
f 1906/2817/876 1907/2818/876 1896/2816/876 1895/2815/876
f 1924/2819/877 1925/2820/877 1907/2818/877 1906/2817/877
f 1931/2821/878 1925/2820/878 1924/2819/878 1930/2822/878
f 1953/2823/879 1931/2821/879 1930/2822/879 1952/2824/879
f 1963/2825/880 1953/2823/880 1952/2824/880 1962/2826/880
f 2005/2827/22 2006/2828/22 2001/2829/22 2003/2830/22
f 1652/2831/881 1651/2832/881 2006/2828/881 2005/2827/881
f 1986/2833/882 1933/1856/882 1932/1859/882 1985/2834/882
f 2217/2835/883 2216/2836/883 2171/2055/883 2168/2054/883
f 2205/1918/884 2204/1917/884 2214/2837/884 2215/2838/884
f 2215/2838/885 2214/2837/885 2228/2839/885 2229/2840/885
f 2254/1826/886 2252/1825/886 1751/2841/886 1749/2842/886
f 1505/2843/887 1504/2844/887 2229/2840/887 2228/2839/887
f 1504/2844/888 1505/2843/888 1497/2845/888 1498/2846/888
f 1498/2846/889 1497/2845/889 1516/2847/889 1517/2848/889
f 2651/1657/890 2671/1660/890 2674/2092/890 2653/2091/890
f 1517/2848/891 1516/2847/891 1545/2690/891 1547/2689/891
f 1715/2849/892 1704/1840/892 1703/1843/892 1714/2850/892
f 1723/2851/893 1715/2849/893 1714/2850/893 1722/2852/893
f 1730/2853/894 1723/2851/894 1722/2852/894 1729/2854/894
f 1742/2855/895 1730/2853/895 1729/2854/895 1740/2856/895
f 1784/2109/896 1786/2112/896 1749/2842/896 1751/2841/896
f 1762/2857/897 1763/2858/897 1742/2855/897 1740/2856/897
f 1771/2859/898 1772/2860/898 1763/2858/898 1762/2857/898
f 1792/1847/899 1793/1846/899 1772/2860/899 1771/2859/899
f 1830/2110/900 1876/1873/900 1874/1872/900 1831/2111/900
f 2091/1761/861 2092/1760/861 2066/2227/861 2065/2226/861
f 2012/2861/901 1986/2833/901 1985/2834/901 2011/2862/901
f 1783/1729/856 1824/2210/856 1825/2213/856 1785/1730/856
f 2616/2863/902 2617/2864/902 2517/2187/902 2516/2186/902
f 2042/2865/903 2012/2861/903 2011/2862/903 2041/2866/903
f 2401/1718/765 2373/2676/765 2372/2679/765 2400/1719/765
f 1882/2867/904 2042/2865/904 2041/2866/904 1886/2868/904
f 1888/2869/905 1882/2867/905 1886/2868/905 1887/2870/905
f 1911/2871/906 1888/2869/906 1887/2870/906 1910/2872/906
f 2297/2075/907 2381/1905/907 2380/1906/907 2296/2076/907
f 1922/2873/908 1923/2874/908 1900/1879/908 1899/1878/908
f 1909/1881/909 1908/1880/909 1926/2875/909 1927/2876/909
f 1940/2877/910 1941/2878/910 1923/2874/910 1922/2873/910
f 1927/2876/911 1926/2875/911 1947/2879/911 1948/2880/911
f 1961/2881/912 1941/2878/912 1940/2877/912 1960/2882/912
f 1948/2880/913 1947/2879/913 1483/2883/913 1482/2884/913
f 1591/2885/914 1911/2871/914 1910/2872/914 1592/2886/914
f 1984/2887/915 1913/2697/915 1912/2698/915 1983/2888/915
f 1466/2889/343 1961/2881/343 1960/2882/343 1465/2890/343
f 1478/2891/916 1479/2892/916 1482/2884/916 1483/2883/916
f 1501/2893/917 1466/2889/917 1465/2890/917 1500/2894/917
f 1479/2892/918 1478/2891/918 1514/2895/918 1515/2896/918
f 1532/1552/919 1501/2893/919 1500/2894/919 1531/1553/919
f 1515/2896/920 1514/2895/920 1537/2897/920 1538/2898/920
f 1538/2898/921 1537/2897/921 1575/2120/921 1576/2119/921
f 2025/2899/922 2023/2900/922 2162/1838/922 2161/1837/922
f 2155/2901/923 2156/2902/923 2196/1558/923 2195/1557/923
f 1570/2701/924 1618/2758/924 1617/2759/924 1569/2702/924
f 2410/2903/925 2411/2904/925 2341/2905/925 2339/2906/925
f 1808/2907/750 1809/2908/750 1481/2909/750 1480/2910/750
f 1877/2911/22 1921/2912/22 1920/2913/22 1878/2914/22
f 2173/1958/926 2174/1957/926 2177/2915/926 2216/2836/926 2217/2835/926
f 2098/2065/927 2038/2099/927 2037/2102/927 2097/2066/927
f 1929/1885/928 2116/2068/928 2115/2067/928 1928/1886/928
f 2148/1919/929 1935/1927/929 1936/1930/929 2151/1920/929
f 2303/2716/930 2302/2715/930 2454/2916/930 2456/2917/930
f 2546/1800/931 2504/1737/931 2503/1740/931 2545/1801/931
f 1764/1538/932 1728/2918/932 1705/2919/932 1702/2920/932 1750/1535/932
f 1795/2098/933 1794/2097/933 1815/1520/933 1814/1519/933
f 2009/2026/934 2027/2031/934 2028/2030/934 2010/2027/934
f 1486/2921/935 2572/1848/935 2571/1851/935 1485/2922/935
f 2156/2902/42 2155/2901/42 2157/2923/42 2158/2924/42
f 1833/1641/936 1684/2775/936 1683/2774/936 1834/1642/936
f 2489/2174/937 2448/2925/937 2447/2926/937 2488/2175/937
f 2344/2927/938 2329/2928/938 2224/2929/938 2223/2930/938
f 2194/2931/939 2172/1955/939 2170/1956/939 2193/2932/939
f 2219/2933/940 2220/2934/940 2223/2930/940 2224/2929/940
f 2239/2935/941 2194/2931/941 2193/2932/941 2238/2936/941
f 2220/2934/942 2219/2933/942 2190/2937/942 2189/2938/942
f 2206/2939/943 2239/2935/943 2238/2936/943 2207/2940/943
f 2184/2941/944 2186/2942/944 2189/2938/944 2190/2937/944
f 2211/2943/945 2206/2939/945 2207/2940/945 2210/2944/945
f 2186/2942/946 2184/2941/946 2221/2945/946 2222/2946/946
f 2234/2947/947 2211/2943/947 2210/2944/947 2233/2948/947
f 2222/2946/948 2221/2945/948 2251/2949/948 2253/2950/948
f 2277/2951/949 2234/2947/949 2233/2948/949 2276/2952/949
f 2253/2950/950 2251/2949/950 1488/1671/950 1487/1674/950
f 1475/1960/951 2277/2951/951 2276/2952/951 1471/1961/951
f 2004/1991/952 2002/1990/952 2140/2953/952 2139/2954/952
f 1539/2955/953 1521/1959/953 1520/1962/953 1542/2956/953
f 1622/1588/954 1594/2957/954 1593/2958/954 1621/1589/954
f 1645/1979/955 1643/1978/955 1665/2232/955 1666/2233/955
f 2124/2033/956 2227/2024/956 2226/2025/956 2123/2034/956
f 1716/1985/957 1717/1984/957 1697/2959/957 1696/2960/957
f 2560/2742/958 2585/1607/958 2586/1610/958 2561/2743/958
f 2424/2961/959 2425/2962/959 2389/2749/959 2388/2748/959
f 1738/2192/960 1801/2963/960 1803/2964/960 1739/2193/960
f 1611/2965/844 1612/2966/844 1578/2967/844 1577/2968/844
f 1614/2969/961 2491/2711/961 2490/2712/961 1613/2970/961
f 1692/1518/962 1693/1517/962 1673/2728/962 1674/2729/962
f 1731/2782/963 1776/2046/963 1775/2049/963 1732/2783/963
f 1977/2004/964 1976/2003/964 1993/2971/964 1994/2972/964
f 1994/2972/965 1993/2971/965 2015/2973/965 2016/2974/965
f 1593/2958/966 1594/2957/966 1564/1574/966 1563/1573/966
f 2016/2974/967 2015/2973/967 2033/2975/967 2034/2976/967
f 2034/2976/968 2033/2975/968 2057/2977/968 2058/2978/968
f 2058/2978/969 2057/2977/969 2079/2979/969 2080/2980/969
f 2080/2980/970 2079/2979/970 2087/2981/970 2088/2982/970
f 2102/2117/971 2096/1579/971 2095/1582/971 2101/2118/971
f 2088/2982/972 2087/2981/972 2106/1993/972 2107/1992/972
f 1866/2100/973 1591/2885/973 1592/2886/973 1865/2101/973
f 2274/2074/974 2275/2073/974 2406/2106/974 2408/2105/974
f 1806/1675/975 1818/2810/975 1819/2809/975 1807/1676/975
f 2013/2983/976 2014/2984/976 2023/2900/976 2025/2899/976
f 1727/2047/977 1663/2985/977 1661/2986/977 1726/2048/977
f 2014/2984/978 2013/2983/978 2067/2987/978 2068/2988/978
f 2077/2989/979 2078/2990/979 2046/2991/979 2045/2992/979
f 2068/2988/980 2067/2987/980 2083/2993/980 2084/2994/980
f 2090/2995/981 2078/2996/981 2077/2997/981 2089/2998/981
f 1760/1621/982 1761/1624/982 1736/2179/982 1735/2178/982
f 2084/2994/983 2083/2993/983 2111/2999/983 2112/3000/983
f 2125/3001/984 2110/3002/984 2121/3003/984 2138/3004/984
f 2112/3000/985 2111/2999/985 2128/3005/985 2129/3006/985
f 1550/3007/986 1486/2921/986 1485/2922/986 1548/3008/986
f 2129/3006/987 2128/3005/987 2145/3009/987 2146/3010/987
f 2146/3010/988 2145/3009/988 2165/3011/988 2166/3012/988
f 2590/3013/989 2558/2230/989 2557/2231/989 2589/3014/989
f 2140/2953/990 2255/3015/990 2256/3016/990 2139/2954/990
f 2166/3012/991 2165/3011/991 2235/3017/991 2237/3018/991
f 2263/3019/992 2225/3020/992 2250/3021/992
f 2285/3022/993 2263/3019/993 2250/3021/993 2284/3023/993
f 2255/3015/22 2285/3024/22 2284/3025/22 2256/3016/22
f 2237/3026/994 2235/3027/994 2298/3028/994 2300/3029/994
f 2310/3030/995 2311/3031/995 2300/3032/995 2298/3033/995
f 2008/2029/996 2007/2028/996 2311/3031/996 2310/3030/996
f 2634/3034/997 2635/3035/997 2213/3036/997 2212/3037/997
f 1667/1793/998 1668/1792/998 1651/2832/998 1652/2831/998
f 2209/1948/999 2185/2006/999 2183/2007/999 2208/1949/999
f 1883/2085/1000 1885/2088/1000 1889/1858/1000 1890/1857/1000
f 2167/2699/1001 2230/3038/1001 2231/3039/1001 2169/2700/1001
f 2036/1629/1002 1984/2887/1002 1983/2888/1002 2035/1630/1002
f 1905/2103/1003 1904/2104/1003 2231/3039/1003 2230/3038/1003
f 2600/2145/1004 2599/2144/1004 2579/2141/1004 2578/2140/1004
f 1560/2176/754 1849/3040/754 1848/3041/754 1558/2177/754
f 2053/1745/1005 2049/3042/1005 2032/1498/1005 2031/1501/1005 2051/3043/1005 2052/1746/1005
f 2269/3044/1006 2264/3045/1006 2261/2710/1006 2262/2709/1006
f 2287/3046/1007 2264/3047/1007 2269/3048/1007
f 2287/3046/1008 2269/3048/1008 2295/3049/1008
f 2299/3050/1009 2287/3051/1009 2295/3052/1009
f 2299/3050/1010 2295/3052/1010 2301/3053/1010
f 2326/3054/1011 2299/3055/1011 2301/3056/1011
f 2332/1999/1012 2326/3054/1012 2301/3056/1012 2331/2000/1012
f 2351/1784/1013 2333/3057/1013 2336/3058/1013 2340/1785/1013
f 2374/3059/1014 2375/3060/1014 2336/3061/1014 2333/3062/1014
f 2449/3063/1015 2450/3064/1015 2375/3065/1015 2374/3066/1015
f 1951/1876/1016 1974/1883/1016 1975/1882/1016 1950/1877/1016
f 2293/3067/1017 2294/3068/1017 2450/3069/1017 2449/3070/1017
f 2335/3071/1018 2446/3072/1018 2445/3073/1018 2334/3074/1018
f 2339/2906/588 2341/2905/588 2294/3075/588 2293/3076/588
f 2383/3077/1019 2335/3078/1019 2334/3079/1019 2382/3080/1019
f 2634/3034/1020 2531/3081/1020 2533/3082/1020 2635/3035/1020
f 2469/3083/1021 2383/3084/1021 2382/3085/1021 2459/3086/1021
f 2485/3087/1022 2469/3088/1022 2459/3089/1022 2484/3090/1022
f 2199/3091/1023 2198/3092/1023 2265/2061/1023 2266/2060/1023
f 2199/3091/1024 2485/3087/1024 2484/3090/1024 2198/3092/1024
f 2132/1922/1025 2133/1921/1025 2108/3093/1025 2109/3094/1025
f 2282/2805/1026 2283/2804/1026 2289/2072/1026 2290/2071/1026
f 1697/2959/1027 1672/1981/1027 1671/1980/1027 1696/2960/1027
f 2338/2677/763 2315/1661/763 2314/1664/763 2337/2678/763
f 1636/3095/1028 1614/2969/1028 1613/2970/1028 1635/3096/1028
f 2272/1910/1029 2273/1909/1029 2423/2082/1029 2421/2081/1029
f 2089/3097/1030 2121/3098/1030 2110/3099/1030 2090/2995/1030
f 2371/3100/1031 2367/3101/1031 2366/3102/1031 2369/3103/1031 2368/3104/1031 2370/3105/1031
f 2369/3103/42 2366/3102/42 2376/3106/42 2377/3107/42
f 2390/3108/22 2391/3109/22 2371/3110/22 2370/3111/22
f 2377/3112/1032 2376/3113/1032 2391/3109/1032 2390/3108/1032
f 2405/3114/43 2409/3115/43 2414/1604/43 2415/1603/43
f 2409/3115/42 2405/3114/42 2418/3116/42 2419/3117/42
f 1663/2985/1033 1596/1619/1033 1595/1620/1033 1661/2986/1033
f 1810/3118/1034 1811/3119/1034 1701/3120/1034 1700/3121/1034
f 1597/2214/1035 1598/2215/1035 1468/1543/1035 1463/1546/1035
f 1574/3122/1036 1571/3123/1036 1585/3124/1036 1586/3125/1036
f 1586/3125/1037 1585/3124/1037 1599/3126/1037 1600/3127/1037
f 1600/3127/1038 1599/3126/1038 1619/3128/1038 1620/3129/1038
f 1642/2171/30 1636/3095/30 1635/3096/30 1641/2172/30
f 1620/3129/1039 1619/3128/1039 1657/3130/1039 1658/3131/1039
f 1658/3131/1040 1657/3130/1040 1669/2096/1040 1670/2095/1040
f 2040/2121/1041 1676/3132/1041 1550/3007/1041 1548/3008/1041 1675/3133/1041 2039/2122/1041
f 2641/3134/1042 2617/3135/1042 2616/3136/1042 2640/3137/1042
f 1836/3138/1043 1835/3139/1043 1867/3140/1043 1868/3141/1043
f 1868/3142/1044 1867/3143/1044 1938/3144/1044 1939/3145/1044
f 1686/2094/1045 1685/2093/1045 1755/3146/1045 1759/3147/1045
f 2100/2769/1046 2099/2768/1046 2119/3148/1046 2120/3149/1046
f 1493/2703/1047 1841/3150/1047 1852/3151/1047 1492/2704/1047
f 2131/3152/1048 2130/3153/1048 2142/1997/1048 2144/1996/1048
f 2120/3149/1049 2119/3148/1049 2149/3154/1049 2150/3155/1049
f 2150/3155/1050 2149/3154/1050 2159/3156/1050 2160/3157/1050
f 2203/2714/886 2200/2713/886 2212/3037/886 2213/3036/886
f 2232/3158/1051 2236/3159/1051 2160/3157/1051 2159/3156/1051
f 1878/2914/916 1811/3160/916 1810/3161/916 1877/2911/916
f 2236/3159/1052 2232/3158/1052 2286/3162/1052 2288/3163/1052
f 2399/1915/1053 2348/1943/1053 2347/1946/1053 2398/1916/1053
f 2288/3163/1054 2286/3162/1054 2328/3164/1054 2330/3165/1054
f 2483/2772/826 2356/3166/826 2354/3167/826 2482/2773/826
f 2330/3165/1055 2328/3164/1055 2384/3168/1055 2386/3169/1055
f 1539/2955/1056 1542/2956/1056 1508/1673/1056 1507/1672/1056
f 2386/3169/1057 2384/3168/1057 2460/1595/1057 2463/1598/1057
f 2497/1596/1058 2456/2917/1058 2454/2916/1058 2499/1597/1058
f 2530/3170/1059 2526/2124/1059 2525/2123/1059 2529/3171/1059
f 2542/3172/1060 2530/3170/1060 2529/3171/1060 2541/3173/1060
f 2573/3174/1061 2542/3172/1061 2541/3173/1061 2569/3175/1061
f 2596/3176/1062 2573/3174/1062 2569/3175/1062 2595/3177/1062
f 2613/3178/1063 2590/3013/1063 2589/3014/1063 2612/3179/1063
f 2606/3180/1064 2596/3176/1064 2595/3177/1064 2607/3181/1064
f 2623/3182/1065 2613/3178/1065 2612/3179/1065 2622/3183/1065
f 2618/3184/1066 2623/3182/1066 2622/3183/1066 2619/3185/1066
f 2610/3186/1067 2611/3187/1067 2606/3180/1067 2607/3181/1067
f 2620/2137/1068 2621/2136/1068 2618/3184/1068 2619/3185/1068
f 2630/3188/1069 2631/3189/1069 2611/3187/1069 2610/3186/1069
f 1881/3190/1070 1964/3191/1070 1965/3192/1070 1884/3193/1070
f 2625/2023/1071 2624/2022/1071 2638/2045/1071 2639/2044/1071
f 2523/2142/1072 2631/3189/1072 2630/3188/1072 2524/2143/1072
f 2531/3081/1073 2629/2147/1073 2628/2146/1073 2533/3082/1073
f 1737/1773/662 1741/1776/662 1713/2733/662 1712/2732/662
f 1766/2737/589 1709/1667/589 1708/1670/589 1765/2738/589
f 1902/2718/1074 1944/2218/1074 1945/2221/1074 1903/2719/1074
f 2598/3194/839 2570/1679/839 2568/1682/839 2597/3195/839
f 2544/3196/840 2598/3194/840 2597/3195/840 2548/3197/840
f 1555/2184/1075 1571/3123/1075 1574/3122/1075 1556/2185/1075
f 2555/3198/842 2544/3196/842 2548/3197/842 2553/3199/842
f 2582/2163/843 2555/3198/843 2553/3199/843 2581/2164/843
f 1744/2062/1076 1632/1551/1076 1631/1554/1076 1743/2063/1076
f 2316/2138/1077 2317/2139/1077 2259/2009/1077 2257/2008/1077
f 1577/2968/746 1578/2967/746 1544/2747/746 1543/2746/746
f 1639/2753/959 1640/2752/959 1612/2966/959 1611/2965/959
f 2447/2926/845 2448/2925/845 2425/2962/845 2424/2961/845
f 1711/1853/937 1664/2751/937 1662/2750/937 1710/1854/937
f 2682/1602/1078 2661/1601/1078 2658/2059/1078 2679/2058/1078
f 1553/1584/1079 1700/3121/1079 1701/3120/1079 1554/1585/1079
f 1881/3190/1080 1884/3193/1080 1817/2807/1080 1816/2806/1080
f 2556/1662/1081 2580/2162/1081 2583/2165/1081 2554/1663/1081
f 1653/2721/1082 1654/2720/1082 1809/2908/1082 1808/2907/1082
f 1848/3041/734 1849/3040/734 1748/1807/734 1747/1806/734
f 2476/3200/1083 2615/3201/1083 2614/3202/1083 2494/3203/1083
f 2109/3094/1084 2108/3093/1084 1965/3192/1084 1964/3191/1084
f 2242/1942/1085 2244/1941/1085 2164/1938/1085 2163/1937/1085
f 1801/2963/1086 1857/2674/1086 1859/2675/1086 1803/2964/1086
f 2609/3204/849 2588/1889/849 2587/1888/849 2608/3205/849
f 2188/1970/1087 2187/1973/1087 2411/2904/1087 2410/2903/1087
f 2130/3153/1088 2131/3152/1088 2082/1701/1088 2081/1700/1088
f 2356/3166/924 2609/3204/924 2608/3205/924 2354/3167/924
f 2641/3206/1089 2640/3207/1089 2309/3208/1089 2306/3209/1089
f 1992/2128/1090 1963/2825/1090 1962/2826/1090 1991/2129/1090
f 2364/2189/744 2467/2196/744 2468/2199/744 2365/2190/744
f 1706/3210/757 1707/3211/757 1660/2161/757 1659/2160/757
f 1891/1583/1091 1892/1586/1091 1898/2765/1091 1897/2764/1091
f 1706/3210/759 1745/1732/759 1746/1731/759 1707/3211/759
f 1780/3212/760 1721/2200/760 1719/2203/760 1779/3213/760
f 1821/3214/604 1780/3212/604 1779/3213/604 1820/3215/604
f 1526/1568/1092 1527/1567/1092 1494/1713/1092 1491/1712/1092
f 1847/2778/931 1821/3214/931 1820/3215/931 1846/2779/931
f 1480/2910/591 1481/2909/591 1467/2707/591 1474/2706/591
f 2643/2693/1093 2644/2811/1093 2665/2812/1093 2664/2694/1093
f 1996/2223/818 1959/2216/818 1958/2217/818 1995/2224/818
f 1626/3216/1094 1484/3217/1094 1513/3218/1094 1625/3219/1094
f 2453/2228/862 2346/3220/862 2345/3221/862 2455/2229/862
f 2346/3220/864 2396/3222/864 2397/3223/864 2345/3221/864
f 2396/3222/866 2433/1502/866 2431/1505/866 2397/3223/866
f 2413/3224/331 2403/3225/331 2407/3226/331 2412/3227/331
f 2407/3226/42 2403/3225/42 2416/3228/42 2417/3229/42
f 2417/3230/1095 2416/3231/1095 2426/3232/1095 2428/3233/1095
f 2426/3232/1096 2439/3234/1096 2440/3235/1096 2428/3233/1096
f 2440/3235/42 2439/3234/42 2451/3236/42 2452/3237/42
f 2452/3238/328 2451/3239/328 2461/3240/328 2462/3241/328 2464/3242/328
f 2470/3243/22 2471/3244/22 2413/3245/22 2412/3246/22
f 2471/3244/335 2470/3243/335 2478/3247/335 2479/3248/335
f 2487/3249/1097 2479/3248/1097 2478/3247/1097 2486/3250/1097
f 2492/3251/1098 2493/3252/1098 2498/3253/1098 2500/3254/1098
f 2506/3255/332 2500/3254/332 2498/3253/332 2505/3256/332
f 2462/3241/22 2506/3257/22 2505/3258/22 2464/3242/22
f 2492/3251/22 2487/3259/22 2486/3260/22 2493/3252/22
f 2295/3261/7 2269/3262/7 2262/3263/7 2248/3264/7 2035/3265/7 1983/3266/7 1912/3267/7 2246/3268/7 2201/3269/7 2134/3270/7 2123/3271/7 2226/3272/7 2103/3273/7 2113/3274/7 2101/3275/7 2095/3276/7 2075/3277/7 2052/3278/7 2051/3279/7 2390/3280/7 2370/3281/7 2368/3282/7 2430/3283/7 1901/3284/7 2064/3285/7 2100/3286/7 2120/3287/7 2150/3288/7 2160/3289/7 2236/3290/7 2288/3291/7 2330/3292/7 2386/3293/7 2463/3294/7 2499/3295/7 2454/3296/7 2302/3297/7 2203/3298/7 2213/3299/7 2635/3300/7 2533/3301/7 2628/3302/7 2550/3303/7 2508/3304/7 2620/3305/7 2619/3306/7 2622/3307/7 2612/3308/7 2589/3309/7 2557/3310/7 2576/3311/7 2627/3312/7 2625/3313/7 2639/3314/7 2514/3315/7 2600/3316/7 2578/3317/7 2524/3318/7 2630/3319/7 2610/3320/7 2607/3321/7 2595/3322/7 2569/3323/7 2541/3324/7 2529/3325/7 2525/3326/7 2039/3327/7 1675/3328/7 2594/3329/7 2458/3330/7 2304/3331/7 2325/3332/7 2357/3333/7 2404/3334/7 2455/3335/7 2345/3336/7 2397/3337/7 2431/3338/7 2360/3339/7 2480/3340/7 2441/3341/7 2400/3342/7 2372/3343/7 2337/3344/7 2464/3345/7 2505/3346/7 2498/3347/7 2493/3348/7 2486/3349/7 2478/3350/7 2470/3351/7 2412/3352/7 2407/3353/7 1378/2272/7 1382/2242/7 1373/2241/7 1374/2244/7 1387/2263/7 1390/2279/7 2654/3354/7 2655/3355/7 2657/3356/7 2658/3357/7 2661/3358/7 2659/3359/7 2660/3360/7 1468/3361/7 1598/3362/7 1813/3363/7 1823/3364/7 1834/3365/7 1683/3366/7 1720/3367/7 1756/3368/7 1815/3369/7 1794/3370/7 1769/3371/7 1733/3372/7 1692/3373/7 1674/3374/7 1871/3375/7 1863/3376/7 1862/3377/7 2645/3378/7 1832/3379/7 1856/3380/7 1467/3381/7 1481/3382/7 1809/3383/7 1654/3384/7 1903/3385/7 1945/3386/7 1981/3387/7 2030/3388/7 2072/3389/7 1917/3390/7 1988/3391/7 2017/3392/7 1955/3393/7 2091/3394/7 2065/3395/7 2024/3396/7 1995/3397/7 1958/3398/7 1934/3399/7 1773/3400/7 1687/3401/7 2254/3402/7 1749/3403/7 1786/3404/7 1831/3405/7 1874/3406/7 1826/3407/7 1792/3408/7 1771/3409/7 1762/3410/7 1740/3411/7 1729/3412/7 1722/3413/7 1714/3414/7 1703/3415/7 1627/3416/7 2117/3417/7 1991/3418/7 1962/3419/7 1952/3420/7 1930/3421/7 1924/3422/7 1906/3423/7 1895/3424/7 1879/3425/7 1873/3426/7 1839/3427/7 1790/3428/7 1724/3429/7 1694/3430/7 1677/3431/7 1667/3432/7 1652/3433/7 2005/3434/7 2003/3435/7 2048/3436/7 2177/3437/7 2174/3438/7 1523/3439/7 1608/3440/7 1645/3441/7 1666/3442/7 1699/3443/7 1739/3444/7 1803/3445/7 1859/3446/7 1837/3447/7 1787/3448/7 1752/3449/7 1716/3450/7 1696/3451/7 1671/3452/7 1633/3453/7 1605/3454/7 1579/3455/7 2243/3456/7 2271/3457/7 2406/3458/7 2275/3459/7 2289/3460/7 2283/3461/7 2320/3462/7 2353/3463/7 2387/3464/7 2423/3465/7 2273/3466/7 2322/3467/7 2473/3468/7 2435/3469/7 2398/3470/7 2347/3471/7 2312/3472/7 2296/3473/7 2380/3474/7 2362/3475/7 2340/3476/7 2336/3477/7 2375/3478/7 2450/3479/7 2294/3480/7 2341/3481/7 2411/3482/7 2187/3483/7 2260/3484/7 2265/3485/7 2198/3486/7 2484/3487/7 2459/3488/7 2382/3489/7 2334/3490/7 2445/3491/7 2331/3492/7 2301/3493/7
f 2250/3494/7 2218/3495/7 2182/3496/7 2153/3497/7 2138/3498/7 2121/3499/7 2089/3500/7 2077/3501/7 2045/3502/7 2240/3503/7 2180/3504/7 2136/3505/7 2162/3506/7 2023/3507/7 2014/3508/7 2068/3509/7 2084/3510/7 2112/3511/7 2129/3512/7 2146/3513/7 2166/3514/7 2237/3515/7 2300/3516/7 2311/3517/7 2007/3518/7 2010/3519/7 2028/3520/7 2056/3521/7 2143/3522/7 2169/3523/7 2231/3524/7 1904/3525/7 1919/3526/7 1957/3527/7 1998/3528/7 2060/3529/7 2271/3457/7 2243/3456/7 2196/3530/7 2156/3531/7 2158/3532/7 2344/3533/7 2223/3534/7 2220/3535/7 2189/3536/7 2186/3537/7 2222/3538/7 2253/3539/7 1487/3540/7 1508/3541/7 1542/3542/7 1520/3543/7 1471/3544/7 2276/3545/7 2233/3546/7 2210/3547/7 2207/3548/7 2238/3549/7 2193/3550/7 2170/3551/7 2291/3552/7 2208/3553/7 2183/3554/7 2268/3555/7 2242/3556/7 2163/3557/7 1979/3558/7 1928/3559/7 2115/3560/7 2097/3561/7 2037/3562/7 1865/3563/7 1592/3564/7 1910/3565/7 1887/3566/7 1886/3567/7 2041/3568/7 2011/3569/7 1985/3570/7 1932/3571/7 1889/3572/7 1885/3573/7 1943/3574/7 1973/3575/7 2000/3576/7 2022/3577/7 2044/3578/7 2070/3579/7 1893/3580/7 1898/3581/7 1892/3582/7 1554/3583/7 1701/3584/7 1811/3585/7 1878/3586/7 1920/3587/7 1869/3588/7 1804/3589/7 1743/3590/7 1631/3591/7 1531/3592/7 1500/3593/7 1465/3594/7 1960/3595/7 1940/3596/7 1922/3597/7 1899/3598/7 1968/3599/7 1950/3600/7 1975/3601/7 1909/3602/7 1927/3603/7 1948/3604/7 1482/3605/7 1479/3606/7 1515/3607/7 1538/3608/7 1576/3609/7 1646/3610/7 1690/3611/7 1758/3612/7 1817/3613/7 1884/3614/7 1965/3615/7 2108/3616/7 2133/3617/7 2151/3618/7 1936/3619/7 1970/3620/7 2020/3621/7 2086/3622/7 2171/3623/7 2216/3624/7 2177/3437/7 2048/3436/7 2050/3625/7 2062/3626/7 1623/3627/7 1601/3628/7 1561/3629/7 1524/3630/7 1489/3631/7 2093/3632/7 2074/3633/7 1477/3634/7 1512/3635/7 1551/3636/7 1568/3637/7 1588/3638/7 1630/3639/7 1736/3640/7 1761/3641/7 1797/3642/7 2147/3643/7 2179/3644/7 2205/3645/7 2215/3646/7 2229/3647/7 1504/3648/7 1498/3649/7 1517/3650/7 1547/3651/7 1590/3652/7 1603/3653/7 1535/3654/7 1462/3655/7 2254/3402/7 1687/3401/7 1495/3656/7 1850/3657/7 1828/3658/7 1800/3659/7 1777/3660/7 1765/3661/7 1708/3662/7 1842/3663/7 1860/3664/7 1713/3665/7 1741/3666/7 1768/3667/7 1782/3668/7 1807/3669/7 1819/3670/7 1832/3379/7 2645/3378/7 2648/3671/7 2642/3672/7 2647/3673/7 2650/3674/7 2651/3675/7 2653/3676/7 2656/3677/7 2654/3354/7 1390/2279/7 1378/2272/7 2407/3353/7 2417/3678/7 2428/3679/7 2440/3680/7 2452/3681/7 2464/3345/7 2337/3344/7 2314/3682/7 2554/3683/7 2583/3684/7 2581/3685/7 2553/3686/7 2548/3687/7 2597/3688/7 2568/3689/7 2534/3690/7 2632/3691/7 2637/3692/7 2527/3693/7 2547/3694/7 2577/3695/7 2602/3696/7 2537/3697/7 2561/3698/7 2586/3699/7 2604/3700/7 2305/3701/7 2535/3702/7 2594/3329/7 1675/3328/7 1548/3703/7 1485/3704/7 2571/3705/7 2539/3706/7 2510/3707/7 2472/3708/7 2436/3709/7 2392/3710/7 2444/3711/7 2378/3712/7 2422/3713/7 2466/3714/7 2414/3715/7 2409/3716/7 2419/3717/7 2430/3283/7 2368/3282/7 2369/3718/7 2377/3719/7 2390/3280/7 2051/3279/7 2031/3720/7 1989/3721/7 1966/3722/7 1914/3723/7 1949/3724/7 1977/3725/7 1994/3726/7 2016/3727/7 2034/3728/7 2058/3729/7 2080/3730/7 2088/3731/7 2107/3732/7 2004/3733/7 2139/3734/7 2256/3735/7 2284/3736/7
f 2374/3737/1099 2333/3738/1099 2351/3739/1099 2363/3740/1099 2381/3741/1099 2297/3742/1099 2313/3743/1099 2348/3744/1099 2399/3745/1099 2437/3746/1099 2475/3747/1099 2324/3748/1099 2272/3749/1099 2421/3750/1099 2385/3751/1099 2352/3752/1099 2318/3753/1099 2282/3754/1099 2290/3755/1099 2274/3756/1099 2408/3757/1099 2270/3758/1099 2245/3759/1099 1580/3760/1099 1606/3761/1099 1634/3762/1099 1672/3763/1099 1697/3764/1099 1717/3765/1099 1753/3766/1099 1788/3767/1099 1838/3768/1099 1857/3769/1099 1801/3770/1099 1738/3771/1099 1698/3772/1099 1665/3773/1099 1643/3774/1099 1607/3775/1099 1522/3776/1099 2173/3777/1099 2217/3778/1099 2054/3779/1099 2001/3780/1099 2006/3781/1099 1651/3782/1099 1668/3783/1099 1679/3784/1099 1695/3785/1099 1725/3786/1099 1791/3787/1099 1840/3788/1099 1875/3789/1099 1880/3790/1099 1896/3791/1099 1907/3792/1099 1925/3793/1099 1931/3794/1099 1953/3795/1099 1963/3796/1099 1992/3797/1099 2118/3798/1099 1628/3799/1099 1704/3800/1099 1715/3801/1099 1723/3802/1099 1730/3803/1099 1742/3804/1099 1763/3805/1099 1772/3806/1099 1793/3807/1099 1827/3808/1099 1876/3809/1099 1830/3810/1099 1784/3811/1099 1751/3812/1099 2252/3813/1099 1688/3814/1099 1774/3815/1099 1937/3816/1099 1959/3817/1099 1996/3818/1099 2026/3819/1099 2066/3820/1099 2092/3821/1099 1956/3822/1099 2018/3823/1099 1987/3824/1099 1916/3825/1099 2071/3826/1099 2029/3827/1099 1978/3828/1099 1944/3829/1099 1902/3830/1099 1789/3831/1099 2662/3832/1099 1861/3833/1099 1864/3834/1099 1872/3835/1099 1673/3836/1099 1693/3837/1099 1734/3838/1099 1770/3839/1099 1795/3840/1099 1814/3841/1099 1754/3842/1099 1718/3843/1099 1684/3844/1099 1833/3845/1099 1822/3846/1099 1812/3847/1099 1597/3848/1099 1463/3849/1099 2681/3850/1099 2680/3851/1099 2682/3852/1099 2679/3853/1099 2678/3854/1099 2676/3855/1099 2677/3856/1099 1435/2495/1099 1432/2479/1099 1419/2461/1099 1418/2453/1099 1427/2452/1099 1423/2490/1099 2403/3857/1099 2413/3858/1099 2471/3859/1099 2479/3860/1099 2487/3861/1099 2492/3862/1099 2500/3863/1099 2506/3864/1099 2462/3865/1099 2461/3866/1099 2580/3867/1099 2556/3868/1099 2315/3869/1099 2338/3870/1099 2373/3871/1099 2401/3872/1099 2442/3873/1099 2481/3874/1099 2361/3875/1099 2433/3876/1099 2396/3877/1099 2346/3878/1099 2453/3879/1099 2402/3880/1099 2355/3881/1099 2321/3882/1099 2307/3883/1099 2457/3884/1099 2593/3885/1099 1676/3886/1099 2040/3887/1099 2526/3888/1099 2530/3889/1099 2542/3890/1099 2573/3891/1099 2596/3892/1099 2606/3893/1099 2611/3894/1099 2631/3895/1099 2523/3896/1099 2579/3897/1099 2599/3898/1099 2513/3899/1099 2638/3900/1099 2624/3901/1099 2626/3902/1099 2574/3903/1099 2558/3904/1099 2590/3905/1099 2613/3906/1099 2623/3907/1099 2618/3908/1099 2621/3909/1099 2507/3910/1099 2552/3911/1099 2629/3912/1099 2531/3913/1099 2634/3914/1099 2212/3915/1099 2200/3916/1099 2303/3917/1099 2456/3918/1099 2497/3919/1099 2460/3920/1099 2384/3921/1099 2328/3922/1099 2286/3923/1099 2232/3924/1099 2159/3925/1099 2149/3926/1099 2119/3927/1099 2099/3928/1099 2063/3929/1099 1982/3930/1099 2418/3931/1099 2367/3932/1099 2371/3933/1099 2391/3934/1099 2049/3935/1099 2053/3936/1099 2076/3937/1099 2096/3938/1099 2102/3939/1099 2114/3940/1099 2104/3941/1099 2227/3942/1099 2124/3943/1099 2135/3944/1099 2202/3945/1099 2247/3946/1099 1913/3947/1099 1984/3948/1099 2036/3949/1099 2249/3950/1099 2261/3951/1099 2264/3952/1099 2287/3953/1099 2299/3954/1099 2326/3955/1099 2332/3956/1099 2446/3957/1099 2335/3958/1099 2383/3959/1099 2469/3960/1099 2485/3961/1099 2199/3962/1099 2266/3963/1099 2258/3964/1099 2188/3965/1099 2410/3966/1099 2339/3967/1099 2293/3968/1099 2449/3969/1099
f 2178/3970/1100 2122/3971/1100 1796/3972/1100 1760/3973/1100 1735/3974/1100 1629/3975/1100 1587/3976/1100 1566/3977/1100 1549/3978/1100 1510/3979/1100 1472/3980/1100 2073/3981/1100 2094/3982/1100 1490/3983/1100 1525/3984/1100 1562/3985/1100 1602/3986/1100 1624/3987/1100 2061/3988/1100 2047/3989/1100 2054/3779/1100 2217/3778/1100 2168/3990/1100 2085/3991/1100 2019/3992/1100 1969/3993/1100 1935/3994/1100 2148/3995/1100 2132/3996/1100 2109/3997/1100 1964/3998/1100 1881/3999/1100 1816/4000/1100 1757/4001/1100 1689/4002/1100 1644/4003/1100 1575/4004/1100 1537/4005/1100 1514/4006/1100 1478/4007/1100 1483/4008/1100 1947/4009/1100 1926/4010/1100 1908/4011/1100 1974/4012/1100 1951/4013/1100 1972/4014/1100 1900/4015/1100 1923/4016/1100 1941/4017/1100 1961/4018/1100 1466/4019/1100 1501/4020/1100 1532/4021/1100 1632/4022/1100 1744/4023/1100 1805/4024/1100 1870/4025/1100 1921/4026/1100 1877/4027/1100 1810/4028/1100 1700/4029/1100 1553/4030/1100 1891/4031/1100 1897/4032/1100 1894/4033/1100 2069/4034/1100 2043/4035/1100 2021/4036/1100 1999/4037/1100 1971/4038/1100 1942/4039/1100 1883/4040/1100 1890/4041/1100 1933/4042/1100 1986/4043/1100 2012/4044/1100 2042/4045/1100 1882/4046/1100 1888/4047/1100 1911/4048/1100 1591/4049/1100 1866/4050/1100 2038/4051/1100 2098/4052/1100 2105/4053/1100 2116/4054/1100 1929/4055/1100 1980/4056/1100 2164/4057/1100 2244/4058/1100 2267/4059/1100 2185/4060/1100 2209/4061/1100 2292/4062/1100 2172/4063/1100 2194/4064/1100 2239/4065/1100 2206/4066/1100 2211/4067/1100 2234/4068/1100 2277/4069/1100 1475/4070/1100 1521/4071/1100 1539/4072/1100 1507/4073/1100 1488/4074/1100 2251/4075/1100 2221/4076/1100 2184/4077/1100 2190/4078/1100 2219/4079/1100 2224/4080/1100 2329/4081/1100 2157/4082/1100 2155/4083/1100 2195/4084/1100 2245/3759/1100 2270/3758/1100 2059/4085/1100 1997/4086/1100 1954/4087/1100 1918/4088/1100 1905/4089/1100 2230/4090/1100 2167/4091/1100 2141/4092/1100 2055/4093/1100 2027/4094/1100 2009/4095/1100 2008/4096/1100 2310/4097/1100 2298/4098/1100 2235/4099/1100 2165/4100/1100 2145/4101/1100 2128/4102/1100 2111/4103/1100 2083/4104/1100 2067/4105/1100 2013/4106/1100 2025/4107/1100 2161/4108/1100 2137/4109/1100 2181/4110/1100 2241/4111/1100 2046/4112/1100 2078/4113/1100 2090/4114/1100 2110/4115/1100 2125/4116/1100 2152/4117/1100 2154/4118/1100 2197/4119/1100 2225/4120/1100 2263/4121/1100 2285/4122/1100 2255/4123/1100 2140/4124/1100 2002/4125/1100 2106/4126/1100 2087/4127/1100 2079/4128/1100 2057/4129/1100 2033/4130/1100 2015/4131/1100 1993/4132/1100 1976/4133/1100 1946/4134/1100 1915/4135/1100 1967/4136/1100 1990/4137/1100 2032/4138/1100 2049/3935/1100 2391/3934/1100 2376/4139/1100 2366/4140/1100 2367/3932/1100 2418/3931/1100 2405/4141/1100 2415/4142/1100 2465/4143/1100 2420/4144/1100 2379/4145/1100 2443/4146/1100 2393/4147/1100 2438/4148/1100 2474/4149/1100 2511/4150/1100 2540/4151/1100 2572/4152/1100 1486/4153/1100 1550/4154/1100 1676/3886/1100 2593/3885/1100 2536/4155/1100 2308/4156/1100 2603/4157/1100 2585/4158/1100 2560/4159/1100 2538/4160/1100 2601/4161/1100 2575/4162/1100 2543/4163/1100 2528/4164/1100 2636/4165/1100 2633/4166/1100 2532/4167/1100 2570/4168/1100 2598/4169/1100 2544/4170/1100 2555/4171/1100 2582/4172/1100 2580/3867/1100 2461/3866/1100 2451/4173/1100 2439/4174/1100 2426/4175/1100 2416/4176/1100 2403/3857/1100 1423/2490/1100 1435/2495/1100 2677/3856/1100 2675/4177/1100 2674/4178/1100 2671/4179/1100 2673/4180/1100 2672/4181/1100 2666/4182/1100 2667/4183/1100 2663/4184/1100 2662/3832/1100 1789/3831/1100 1653/4185/1100 1808/4186/1100 1480/4187/1100 1474/4188/1100 1855/4189/1100 1818/4190/1100 1806/4191/1100 1781/4192/1100 1767/4193/1100 1737/4194/1100 1712/4195/1100 1858/4196/1100 1843/4197/1100 1709/4198/1100 1766/4199/1100 1778/4200/1100 1802/4201/1100 1829/4202/1100 1851/4203/1100 1496/4204/1100 1688/3814/1100 2252/3813/1100 1470/4205/1100 1536/4206/1100 1604/4207/1100 1589/4208/1100 1545/4209/1100 1516/4210/1100 1497/4211/1100 1505/4212/1100 2228/4213/1100 2214/4214/1100 2204/4215/1100
f 2318/2802/1101 2352/2080/1101 2353/2079/1101 2320/2803/1101
